norad,R2_sma,R2_sma_diff,R2_moyen,n_sauts,saut_median_bruit,amplitude_bruit,R2_manoeuvre,n_evalues
52261,0.9861789882153162,0.9099314762494792,0.9480552322323977,1,2627.5221595885837,2627.5221595885837,,
45089,0.9809919378591713,0.9149594310746677,0.9479756844669195,1,2398.035650047204,2398.035650047204,,
55344,0.9873067081136714,0.8805874366851727,0.9339470723994221,2,661.2074514062239,1282.894265303511,,
47985,0.9614991167888165,0.9000800608429456,0.930789588815881,1,1573.1919682008197,1573.1919682008197,,
50811,0.9800732643895174,0.8672151201704742,0.9236441922799958,2,1015.2353993401987,1801.0373946831212,,
54072,0.961396923152737,0.8750233289613807,0.9182101260570588,1,2993.9415083163804,2993.9415083163804,,
55072,0.9994307210432957,0.833437373859183,0.9164340474512394,4,327.42961272280223,1597.428131901683,0.1650839000940323,4.0
47761,0.9534796230678476,0.8792390187882693,0.9163593209280585,1,1576.905740491731,1576.905740491731,,
51145,0.9589225307134756,0.8688578054750874,0.9138901680942815,1,1557.8150051571042,1557.8150051571042,,
47982,0.9704939813075797,0.8566490995716133,0.9135715404395965,1,1821.5836357490577,1821.5836357490577,,
58324,0.997868330919346,0.8289837681364968,0.9134260495279214,2,1417.3425654288608,2530.2418420605213,,
46380,0.9348837279671587,0.8883770182281724,0.9116303730976656,1,1718.6118999596983,1718.6118999596983,,
45380,0.9796383485268304,0.8414456838610564,0.9105420161939435,1,1866.6231723009316,1866.6231723009316,,
47593,0.9594440072750884,0.861097386928197,0.9102706971016428,1,795.3897157231305,795.3897157231305,,
47889,0.9449832878022787,0.871708209149559,0.9083457484759189,1,1586.9008314471846,1586.9008314471846,,
47174,0.959928518463244,0.8550502695903968,0.9074893940268204,1,1477.4428877457535,1477.4428877457535,,
52624,0.9648092152350973,0.8496691587059937,0.9072391869705455,1,2440.2014551280995,2440.2014551280995,,
56106,0.9644710577579076,0.846388525429817,0.9054297915938623,1,1543.1140500336926,1543.1140500336926,,
55992,0.9674646349981372,0.8428868392797094,0.9051757371389233,1,3038.4638873081053,3038.4638873081053,,
56811,0.9761595049827941,0.8320707267097753,0.9041151158462848,9,296.1154532527117,1717.0310095467285,-2.197321653366089,4.0
45579,0.975172886281014,0.8327409504750948,0.9039569183780544,1,1450.1296815505987,1450.1296815505987,,
47595,0.9522619358643696,0.8529000142043027,0.9025809750343361,1,1403.8538911154403,1403.8538911154403,,
61606,0.9926522009513863,0.8114225002310778,0.902037350591232,4,12092.145373881594,31444.083068774733,-218.87535095214844,4.0
46760,0.9375844146265535,0.8660126625269113,0.9017985385767324,1,1968.4332953534422,1968.4332953534422,,
46296,0.9985362996701975,0.804292864793601,0.9014145822318993,2,876.7779576298489,1451.358927989075,,
46361,0.943445895159033,0.8573532623219179,0.9003995787404755,1,1479.5968217045581,1479.5968217045581,,
46671,0.9637276920031782,0.8360113488411763,0.8998695204221773,1,1338.9540417983817,1338.9540417983817,,
55091,0.9987651811550575,0.8001256820821471,0.8994454316186022,1,1568.5690135186849,1568.5690135186849,,
47136,0.9329950557921197,0.8641275249215208,0.8985612903568203,1,992.2286095572163,992.2286095572163,,
66412,0.98978952344208,0.8057108085767551,0.8977501660094176,2,786090418696.4036,1571634531021.1182,,
47163,0.9642069908146828,0.8312665851609572,0.89773678798782,1,1656.2595460989496,1656.2595460989496,,
53821,0.9754646863167115,0.8199719023463091,0.8977182943315103,1,2314.803794503186,2314.803794503186,,
55148,0.965902633568836,0.8290696252241292,0.8974861293964826,5,230.6420287128952,26152.597549281152,-0.11989894509315491,4.0
46752,0.9582068695461936,0.8361451211491341,0.8971759953476639,1,1389.877332531596,1389.877332531596,,
51107,0.9827148090331161,0.8113843002413067,0.8970495546372115,1,1883.4820332789443,1883.4820332789443,,
53428,0.958277988008029,0.8209432983158486,0.8896106431619388,2,933.8815500257292,1682.7869626877302,,
47514,0.9980512315146702,0.7789741868285462,0.8885127091716083,1,1563.6311121506253,1563.6311121506253,,
44914,0.9505219341126075,0.826443899397856,0.8884829167552317,2,1278.2361697486692,1536.661377773313,,
57048,0.9194992592378778,0.8571110961423504,0.8883051776901141,2,1164.4005168615001,2254.3554018306186,,
51048,0.9990721167005271,0.7719005685723488,0.8854863426364379,2,978.4843428787416,1723.3477362693275,,
61613,0.9853249014455392,0.7838258385238368,0.884575369984688,4,18093.310193271376,26071.732052704774,-129.90676879882812,4.0
56330,0.9799222056473424,0.7885541052750615,0.884238155461202,4,307.1693408179402,6392.860726058808,-1226.3756103515625,4.0
56190,0.9992791748883375,0.7690472393717049,0.8841632071300212,2,1213.4594432943643,2133.5854383815686,,
47865,0.9783319282599077,0.7891753713669623,0.883753649813435,2,659.9742494640419,1078.2602726587043,,
58279,0.9989415519359846,0.767454409901806,0.8831979809188952,4,665.8572100421605,3053.1956058792634,0.7343714237213135,4.0
52749,0.9988872946820555,0.7658225301642549,0.8823549124231552,2,794.4361378212789,1331.0259603580953,,
58314,0.9993991152513755,0.7638528431783793,0.8816259792148774,5,351.932636611282,1863.3852323795804,0.4683656692504883,4.0
46754,0.9907148131917718,0.7722979318100222,0.8815063725008969,1,1300.0319038505136,1300.0319038505136,,
43887,0.9995297197164259,0.7623561411064784,0.8809429304114522,1,1416.5140047768746,1416.5140047768746,,
47875,0.9614544381240461,0.7983600300174929,0.8799072340707694,2,886.131022898505,1366.125774714721,,
45785,0.9990895065354909,0.7599595908963067,0.8795245487158988,1,1038.3099615904207,1038.3099615904207,,
43932,0.9993570373727438,0.7567248627620101,0.8780409500673769,2,511.4504182275924,779.811479884407,,
48036,0.9787626209379096,0.7749417408417891,0.8768521808898493,1,1365.641583595716,1365.641583595716,,
51050,0.999507746125068,0.7528238228060308,0.8761657844655494,1,1027.868822243646,1027.868822243646,,
47478,0.9970336766805155,0.7552932293624681,0.8761634530214918,1,1310.475104936688,1310.475104936688,,
47586,0.9520359791257476,0.7988915906871491,0.8754637849064484,1,1310.3674160392197,1310.3674160392197,,
47495,0.999201455867813,0.7512604291059662,0.8752309424868896,1,1204.2263466043244,1204.2263466043244,,
55017,0.9986200538134539,0.7507909611454218,0.8747055074794379,1,1074.196854322338,1074.196854322338,,
33965,0.9988177381596367,0.7503275785840333,0.874572658371835,2,629.6617668841016,949.1740812373678,,
66860,0.9937727125692837,0.7551460643001607,0.8744593884347223,2,1217.5071941504211,1294.3679844687026,,
47658,0.9547352544939932,0.7938413189436831,0.8742882867188382,1,1024.902587489991,1024.902587489991,,
67100,0.9978585793753979,0.7501983354215594,0.8740284573984787,4,1425.2932649586644,1505.8605179440638,-82.54978942871094,4.0
45221,0.9242609973975984,0.8235377103920697,0.8738993538948341,1,942.942548690256,942.942548690256,,
43780,0.9995091461975192,0.7475938095758767,0.873551477886698,2,756.8485552482217,1114.6922624673487,,
41602,0.9984629898908141,0.7485014656952484,0.8734822277930312,2,697.0929456885514,1193.8491095754753,,
55018,0.9992913237993903,0.7473128301984322,0.8733020769989113,2,927.3705018701799,1535.1364082433163,,
45545,0.9631673716826892,0.7834076480382954,0.8732875098604923,1,1556.0581932839432,1556.0581932839432,,
67333,0.9910638227978401,0.7538269181440259,0.872445370470933,2,1227.5270581717878,1745.5864205176827,,
49412,0.9773262273171828,0.7657823218087989,0.8715542745629908,1,1780.5374226827082,1780.5374226827082,,
66833,0.9388691957564713,0.8030949537283898,0.8709820747424306,3,2951.22884027771,4819.673731161172,-1.4544111490249634,3.0
47507,0.9989930878340796,0.7427558280882396,0.8708744579611596,1,1099.1810290188296,1099.1810290188296,,
47645,0.976605530641192,0.764868717993296,0.870737124317244,1,1219.9629069990874,1219.9629069990874,,
55098,0.9991065285754606,0.7418791876517865,0.8704928581136235,2,670.5219667510097,1025.8838387165622,,
48335,0.8441535744106317,0.8942966137043553,0.8692250940574935,1,2005.3933201551426,2005.3933201551426,,
40904,0.9996083166256711,0.738549208515503,0.869078762570587,3,196.6686398598868,1328.6967993768696,,
46041,0.9535630318488576,0.7844040025351303,0.868983517191994,2,1040.7870940177543,1057.1239980997887,,
47668,0.9303762926220736,0.8072621808270032,0.8688192367245384,3,923.131031343524,1357.269407185655,-0.15702120959758759,3.0
62250,0.9726686884037032,0.7647525059589299,0.8687105971813165,13,160.42169871512027,119760.23114823621,,
51816,0.9179696429786813,0.8194101899850855,0.8686899164818834,1,735.006424923949,735.006424923949,,
49068,0.9988132914680117,0.7362337756837805,0.8675235335758961,2,850.8972357033647,1304.3953535343658,,
67015,0.9645579725775614,0.7693472462487085,0.866952609413135,3,2724.294315941336,6947.408171459108,-0.5141175389289856,3.0
47677,0.9218219107021132,0.8108779102338043,0.8663499104679587,2,963.0334518744164,1360.8144351912374,,
47491,0.9991742481954978,0.7319224490407575,0.8655483486181277,1,729.302193352448,729.302193352448,,
51085,0.9993453569707097,0.7310995355552615,0.8652224462629856,3,915.8593372564345,2631.72131999259,0.7837321758270264,3.0
66417,0.984502823297432,0.7443531692921972,0.8644279962948146,3,668793916.7022705,1608668923377.9907,-4886.30322265625,3.0
53594,0.9154182749691934,0.8130051527993686,0.864211713884281,1,1548.4222020564303,1548.4222020564303,,
54078,0.9219493030032117,0.8060276306381,0.8639884668206559,1,2144.176295438302,2144.176295438302,,
47402,0.9353744030564493,0.7908863156230892,0.8631303593397692,1,1580.697828515998,1580.697828515998,,
56972,0.9992605024066298,0.7257430227497967,0.8625017625782132,2,541.5850167235537,849.7650568095497,,
48110,0.9036528720509469,0.820080947421197,0.8618669097360719,2,967.0003730627119,1185.5032710914224,,
48281,0.9007583830556802,0.8223016546528501,0.8615300188542652,1,1260.5903045306877,1260.5903045306877,,
52474,0.9488829974478938,0.7741414142685238,0.8615122058582088,1,1647.508542063587,1647.508542063587,,
58312,0.998968454699348,0.7231832263904419,0.8610758405448949,1,1287.8196384131168,1287.8196384131168,,
56184,0.9994759178596033,0.722664279267687,0.8610700985636451,2,774.2839718877598,1207.675597208891,,
56229,0.9992250879497657,0.7228879285272288,0.8610565082384973,3,241.30443392225158,2463.942815689933,-0.9069783091545105,3.0
46285,0.999140457040094,0.7217797871932935,0.8604601221166938,2,789.6478306529312,1415.0137151506342,,
47902,0.9699687635981871,0.7487541974894962,0.8593614805438416,1,1196.7696465094123,1196.7696465094123,,
46684,0.9022689727614319,0.8158101754597087,0.8590395741105703,1,1246.2558414975472,1246.2558414975472,,
55482,0.8874700745965823,0.8295314755262442,0.8585007750614133,1,2900.6079717946463,2900.6079717946463,,
44952,0.9344102092054113,0.7810451697350634,0.8577276894702374,1,1456.0428511176858,1456.0428511176858,,
66575,0.9870175288248867,0.7282429263886396,0.8576302276067631,2,1357.8223085078662,1577.7454959933623,,
45199,0.9994201672646827,0.7145782643098837,0.8569992157872832,0,,,,
51057,0.9995039626523705,0.7143187753455372,0.8569113689989538,1,1024.2414259821112,1024.2414259821112,,
47557,0.9527376549186493,0.7608428386289349,0.856790246773792,1,993.49515038481,993.49515038481,,
7063,0.9988090404215112,0.7134367059745723,0.8561228731980417,0,,,,
47876,0.9790108561069497,0.7322596125161238,0.8556352343115368,2,803.183029762517,1254.42095382108,,
67321,0.9983270655478669,0.7122882799202552,0.855307672734061,1,1210.3283331808236,1210.3283331808236,,
51030,0.9966295225179234,0.7132854337749863,0.8549574781464548,2,1239.5474020778388,2157.5093712475923,,
46677,0.9980815267433084,0.7096342561962182,0.8538578914697633,0,,,,
46534,0.9474232963721592,0.7598039205130331,0.8536136084425962,1,1523.7326833364884,1523.7326833364884,,
63876,0.9613060546149315,0.7457455565091534,0.8535258055620425,5,2192.5177428366305,2568.057121401791,-28.90976333618164,4.0
52874,0.9083013756142719,0.7985359578175627,0.8534186667159174,1,1052.6927654391402,1052.6927654391402,,
34465,0.9980413748446841,0.7078273499535174,0.8529343623991008,3,388.66933315506486,930.283098196598,0.5693179965019226,3.0
47148,0.9176141413385516,0.7877469251571482,0.8526805332478499,1,1935.673522489019,1935.673522489019,,
30423,0.9991042506915512,0.7050937207798676,0.8520989857357094,2,492.16463420646,514.7488474898299,,
67711,0.9961550406346682,0.7076217825809072,0.8518884116077877,3,505.5267857253826,1194.4521590723773,-0.30149924755096436,3.0
45541,0.932880158292585,0.7694541570155875,0.8511671576540862,3,585.8487296902533,1624.878235207003,-1.1397794485092163,3.0
14631,0.9991998132167524,0.7018262121345885,0.8505130126756705,1,598.4642199679452,598.4642199679452,,
40360,0.9996056484108968,0.7011995082613209,0.8504025783361089,2,1134.1353663097827,2087.337866559869,,
37941,0.9973823945772781,0.7029780972020516,0.8501802458896648,2,1230.907203863679,2266.847087130811,,
54465,0.9994573750108002,0.7006023148911753,0.8500298449509878,1,1058.931147180603,1058.931147180603,,
50156,0.9133977033316579,0.7864802177259852,0.8499389605288216,1,2017.9750341700453,2017.9750341700453,,
46793,0.9778998859883468,0.7196507648484379,0.8487753254183923,1,1242.3209852960183,1242.3209852960183,,
58337,0.9991522507308799,0.697140663535839,0.8481464571333595,3,318.58377069926206,1167.8822178380262,0.868624210357666,3.0
67582,0.9934297462485434,0.7024419852868626,0.847935865767703,2,1369.4630527766758,1542.707120815941,,
48914,0.9993044452721557,0.6964239172589766,0.8478641812655661,2,722.6647581896035,1245.8339173133559,,
48675,0.8907189367293452,0.804244437044178,0.8474816868867616,1,2041.4847975992989,2041.4847975992989,,
48911,0.9984002002601161,0.6954204928474379,0.8469103465537771,1,1464.3288793881509,1464.3288793881509,,
67667,0.9976363290501588,0.6957821158785961,0.8467092224643774,2,1126.8831223626921,1321.462511143641,,
58825,0.9990128471131208,0.6921729185423278,0.8455928828277243,4,241.6215380948271,3546.4747828221693,-0.20510950684547424,4.0
64935,0.922849878096295,0.7673856524955759,0.8451177652959354,3,4349.6467424586135,4363.268270009772,0.32498013973236084,3.0
47600,0.9365922586342171,0.7514903430339479,0.8440413008340826,2,795.2570772229087,1289.943699821195,,
56205,0.9984778528070917,0.6876204191246911,0.8430491359658914,3,397.38948586986237,1363.7487585814135,0.3141232430934906,3.0
54399,0.9983750537038443,0.6877017279080357,0.84303839080594,1,733.0964840127588,733.0964840127588,,
22435,0.9977304830426218,0.687740752949777,0.8427356179961993,1,979.977047903137,979.977047903137,,
51006,0.9947271370776282,0.6887905889364395,0.8417588630070338,1,1777.9703214561525,1777.9703214561525,,
37853,0.9989159028292616,0.6841463699153407,0.8415311363723011,1,762.2209028034335,762.2209028034335,,
67211,0.9936354179244327,0.6883664812928274,0.84100094960863,3,2442.565600978849,3080.6821136870053,0.331253319978714,3.0
46547,0.9981502659958712,0.6808990776216808,0.839524671808776,0,,,,
47438,0.9990271642271098,0.6794335778895515,0.8392303710583306,1,388.07054197542254,388.07054197542254,,
64705,0.9480302893868281,0.7302164608034403,0.8391233750951341,2,3866.218769992099,5221.085375643065,,
56199,0.999448926925565,0.6787342479218305,0.8390915874236977,2,645.9506541736368,991.9027925814012,,
46770,0.9787734884995605,0.6991486116926734,0.8389610500961169,2,931.7302223484277,1604.7731633721278,,
13000,0.9935727468035197,0.6824288543437654,0.8380008005736426,0,,,,
24873,0.9990014807631703,0.6767123351644976,0.8378569079638339,1,1329.6821336114108,1329.6821336114108,,
66852,0.9948196985371693,0.6808918055167987,0.837855752026984,2,1288.49112259153,1345.2222059968058,,
43883,0.9995520405701517,0.6744730778081293,0.8370125591891404,1,1143.5269514590805,1143.5269514590805,,
54387,0.9983912152315289,0.6751324273538413,0.8367618212926851,1,893.1294590794063,893.1294590794063,,
27218,0.9988347740288059,0.6740420524521462,0.8364384132404761,1,482.0767787421472,482.0767787421472,,
46118,0.8885800762047946,0.7840808947315925,0.8363304854681936,1,1529.0792136374357,1529.0792136374357,,
47664,0.8941008620563635,0.7784266837156422,0.8362637728860028,1,1342.4315547319623,1342.4315547319623,,
64033,0.9399263731176442,0.7325790232466002,0.8362526981821221,3,3097.838968205027,4529.767333977871,-1.9936614036560059,3.0
43785,0.9988577519552937,0.6725863195183159,0.8357220357368048,1,705.1929720099315,705.1929720099315,,
45536,0.8894448614798386,0.7812710797007836,0.8353579705903111,4,485.5806728429152,1596.1608556871702,-12.420487403869629,4.0
67108,0.9931318324815155,0.6774391358087155,0.8352854841451155,3,684.5920194062863,687.6611230426352,0.8778119087219238,3.0
34789,0.9977759292089255,0.6727493891122067,0.8352626591605661,4,283.8733471249495,601.4189295230784,0.684540867805481,4.0
41731,0.9968616211579496,0.6728133045203561,0.8348374628391528,9,272.4971108997982,3769.624101180778,0.046634554862976074,4.0
34330,0.9991546990561727,0.6700317653021438,0.8345932321791583,2,772.4889629311772,1308.2824873378202,,
63097,0.8930077758601827,0.7757368527161383,0.8343723142881605,3,2497.3608551944412,3803.19845031461,-67.54448699951172,3.0
64793,0.9494376993751876,0.7187870864319905,0.8341123929035891,3,1273.4955019574845,2037.9431158831112,0.6061925888061523,3.0
56984,0.9994586928688092,0.6684184178190185,0.8339385553439138,1,697.7843254357492,697.7843254357492,,
52575,0.956144468186983,0.7111591193855931,0.833651793786288,3,702.618190288854,2089.22415101444,0.5042808651924133,3.0
54495,0.9986404091545784,0.6682169896138181,0.8334286993841983,2,587.45359134585,902.82490442212,,
67716,0.9960528903991691,0.6695346531035493,0.8327937717513592,2,1041.9426712626193,1458.7445426646455,,
66003,0.9937452940070425,0.6715955980317915,0.832670446019417,6,607743859.2910767,510202825069.4275,-331495.53125,4.0
67663,0.9972863146340744,0.6679277071237171,0.8326070108788957,2,1200.3736880584922,1593.310845998904,,
67884,0.9968536013634123,0.6676709583491967,0.8322622798563044,2,458.21209290714705,584.9916162861043,,
54365,0.9990190176817839,0.6652155433507272,0.8321172805162556,2,355.3607136282737,512.9233354051069,,
67600,0.9959406264774264,0.668099631921636,0.8320201291995313,2,1104.7483657013047,1509.986715312174,,
60938,0.9852810639805237,0.6784660619988045,0.8318735629896641,6,260.29536767776307,769.7820490835859,0.5079746246337891,4.0
66425,0.99308314581878,0.6705790504066953,0.8318310981127377,3,962.4906994419352,1397.6538595747757,-3.5468170642852783,3.0
48141,0.9196690532524018,0.7439032811674473,0.8317861672099245,3,1058.9553030329512,1113.295985394196,-15.901654243469238,3.0
53895,0.9262315423370707,0.7364294720845183,0.8313305072107945,1,2162.3789698187497,2162.3789698187497,,
47374,0.9241064456132976,0.7384437664679366,0.8312751060406172,1,1463.3098163729724,1463.3098163729724,,
63871,0.9647276173332299,0.6977963864637147,0.8312620018984722,3,4667.615181780581,6425.977047141093,-696.2776489257812,3.0
66573,0.9576823797378424,0.7038902528483651,0.8307863162931037,2,1711.3865500352003,1755.268978648857,,
66954,0.9638122761178796,0.6975801764698037,0.8306962262938417,5,348217785.35842896,2757483720779.419,-3.3077611923217773,4.0
48041,0.9985678896125175,0.6620009093496201,0.8302843994810688,1,1242.4755009113678,1242.4755009113678,,
30030,0.9977883995915733,0.6626115759268759,0.8301999877592245,1,719.4149854808932,719.4149854808932,,
54261,0.9994294505125533,0.6608048059722709,0.830117128242412,1,595.4100001467799,595.4100001467799,,
66002,0.9904751564246398,0.6674506847440238,0.8289629205843319,5,345110893.2495117,552900493144.989,-62.712623596191406,4.0
45289,0.9977087141173511,0.6596524221743507,0.8286805681458509,0,,,,
52647,0.8357818589792188,0.8214322742520029,0.8286070666156109,1,2153.662503296357,2153.662503296357,,
45547,0.9966669701845218,0.6600079102774637,0.8283374402309928,1,663.0879512113097,663.0879512113097,,
41461,0.9990376663999502,0.6544764326928345,0.8267570495463923,1,501.4357838275542,501.4357838275542,,
50178,0.9581164308009403,0.6950984821125666,0.8266074564567535,1,1278.6913986517925,1278.6913986517925,,
63098,0.932654272424098,0.720195723654358,0.826424998039228,3,3729.6583938412623,4187.925540339183,0.48887524008750916,3.0
6063,0.9988089265383912,0.6528779039694941,0.8258434152539427,1,894.1257478105749,894.1257478105749,,
52451,0.9116530348659029,0.7396642812499267,0.8256586580579148,2,1749.3707654078682,2306.950345414423,,
46759,0.8516424106795657,0.7979187299392433,0.8247805703094044,1,1273.9967779107665,1273.9967779107665,,
46765,0.8734058241044567,0.7743396623316412,0.8238727432180489,3,27.36380524896295,964.4823640711747,,
66865,0.9913402816257354,0.6551736920999625,0.823256986862849,3,1097.7580151530174,1513.8668133908716,-0.30646243691444397,3.0
66579,0.9732410936636584,0.6730638358787833,0.8231524647712208,2,1256.4680427358187,1505.3039574916602,,
7025,0.9962763167992599,0.6500275119678808,0.8231519143835704,6,61.956670606505654,110.69590324865504,,
55070,0.9995423978521747,0.6461510461953228,0.8228467220237488,1,1181.2972126656675,1181.2972126656675,,
53910,0.9983092548387046,0.645469833869369,0.8218895443540368,3,375.5526211561699,814.4812686737033,0.059572380036115646,3.0
44762,0.9037262892389946,0.7395581079420985,0.8216421985905465,1,922.053112328101,922.053112328101,,
10703,0.9991118605913014,0.6437618415777128,0.8214368510845071,0,,,,
61765,0.9956304410484669,0.6466469374388503,0.8211386892436585,4,181.05103824087493,1081.1960367199656,,
44926,0.9989523017681065,0.6430011718403648,0.8209767368042356,0,,,,
51069,0.9995340476428312,0.6394745059880664,0.8195042768154488,1,1306.4527208538234,1306.4527208538234,,
40026,0.9986721407691458,0.6399445880490747,0.8193083644091103,2,726.5147667958946,1146.773001098854,,
47812,0.8801589058022413,0.7581729510552158,0.8191659284287285,1,846.5730279141635,846.5730279141635,,
66984,0.9929695467181208,0.6453292956963418,0.8191494212072312,4,861.2747540708957,927.3004023052877,-149.39700317382812,4.0
41913,0.9965814006037469,0.6413105116613285,0.8189459561325376,1,673.7679603221158,673.7679603221158,,
47577,0.9274620979056015,0.7098935564432135,0.8186778271744075,1,1554.279032144132,1554.279032144132,,
67051,0.9965192756311099,0.6403960497800003,0.8184576627055551,3,911.2802882886024,1040.499751039366,0.07160061597824097,3.0
46119,0.9565252585562031,0.6794222227518765,0.8179737406540397,4,323.3140515978999,1222.8421349357818,0.615810215473175,4.0
33888,0.998668781404311,0.6358571203783712,0.8172629508913412,2,550.033119502005,888.6245066735715,,
4820,0.9982174022018487,0.6362320982878749,0.8172247502448617,2,508.0011253140779,765.7168406346699,,
65532,0.9240839801178777,0.7092824719809718,0.8166832260494248,5,2510.0635501968386,2872.9510313452397,0.24373650550842285,4.0
64297,0.9156532191832225,0.717212329047126,0.8164327741151742,4,1589.765325100348,2791.532706771002,-192.62954711914062,4.0
56207,0.9993394708579155,0.6334182125003935,0.8163788416791545,1,716.197597160748,716.197597160748,,
55066,0.9988612479054538,0.63333914383945,0.8161001958724519,3,449.56501610504733,1687.9028800427393,0.7087092399597168,3.0
56210,0.9986995545849433,0.6333112753238277,0.8160054149543855,2,652.0519713734781,945.9122882083797,,
67215,0.9903743062850233,0.641459440317358,0.8159168733011907,3,3105.228250293984,3849.266563434617,0.22878724336624146,3.0
45709,0.997864612004513,0.6336110580090906,0.8157378350068019,0,,,,
67117,0.9920984592026697,0.6382500377411815,0.8151742484719255,2,795.523189418044,916.5074305403942,,
50148,0.9988451742360195,0.6302617948191082,0.8145534845275638,1,711.9031228673064,711.9031228673064,,
67561,0.9974845657781561,0.6307364958097763,0.8141105307939662,3,790.2016159968897,1494.7776626250788,0.23291558027267456,3.0
41842,0.9978932242932504,0.6296068923352554,0.813750058314253,1,730.0804164507362,730.0804164507362,,
49395,0.994917341904455,0.6325480679859881,0.8137327049452215,1,788.6636166041691,788.6636166041691,,
66577,0.8760138097559511,0.7509550823492825,0.8134844460526168,2,1285.4801029278958,1526.321310902212,,
57471,0.9648224745364374,0.661497336852785,0.8131599056946113,6,288.1145419850348,607.2220346864783,0.7356874346733093,4.0
54837,0.9275821649887943,0.6978264078693626,0.8127042864290784,1,1701.6112482836959,1701.6112482836959,,
47296,0.9993832210824604,0.6249563576157401,0.8121697893491002,2,410.3952561015532,589.9490357079407,,
46703,0.9379362609148729,0.6844907472798154,0.8112135040973442,1,1433.2334588802432,1433.2334588802432,,
52764,0.9750396607856683,0.6469174063547372,0.8109785335702027,6,275.1553900148809,1976.919381425272,-1.083229899406433,4.0
67130,0.9926990795513918,0.6290689281839956,0.8108840038676937,4,742.8555978790181,972.9269463934276,0.07774969935417175,4.0
66436,0.9908667447406193,0.6304544530945598,0.8106605989175896,3,1018.6593140688018,1441.4059868580187,0.8216791152954102,3.0
63873,0.9612329940845762,0.6600024621272547,0.8106177281059155,2,5293.063017363113,5611.147979090381,,
48003,0.7964062314891938,0.8248218165894743,0.810614024039334,1,1314.0262854584887,1314.0262854584887,,
34102,0.9982721857892219,0.6218053620634304,0.8100387739263262,2,832.7568554400515,1123.419743082034,,
33323,0.9983207126624295,0.6210705672896818,0.8096956399760556,1,1672.5487003544135,1672.5487003544135,,
67533,0.9977858444270551,0.6215617539284364,0.8096737991777457,2,336.6071903891295,359.2669012439226,,
62204,0.9939345648080959,0.624969060748186,0.8094518127781409,8,63.72329108987116,840.3423997706922,,
57970,0.9934370103843186,0.6253459511837927,0.8093914807840557,10,435.01813576051813,1112.186403056729,-11.013202667236328,4.0
24843,0.9950279961809714,0.6236286466700253,0.8093283214254983,0,,,,
66853,0.9933806266601697,0.6250600461084196,0.8092203363842947,2,1246.3989688402467,1306.7926494307908,,
44392,0.9982665184524184,0.6184933174347177,0.808379917943568,2,677.8923302796633,1149.8184990910554,,
59119,0.9984306847019039,0.61827477409823,0.808352729400067,2,622.0549580350561,908.5251806051895,,
67030,0.9939184787410172,0.6208588617052794,0.8073886702231483,4,797.4429795572452,1058.821102224148,0.056871041655540466,4.0
53888,0.9518501310373085,0.6621807426186018,0.8070154368279552,1,1545.5606770521797,1545.5606770521797,,
53639,0.8777172167405874,0.735958237327111,0.8068377270338492,1,839.6191477729944,839.6191477729944,,
30333,0.9952017332664549,0.618206263201357,0.8067039982339059,1,471.77771915042456,471.77771915042456,,
48903,0.9995356267793076,0.6136946196466075,0.8066151232129576,1,790.4009887563742,790.4009887563742,,
29886,0.9993372452428113,0.6137062186047779,0.8065217319237946,2,734.4449367976484,1022.4013543247637,,
47698,0.996991090257429,0.6158331898774714,0.8064121400674502,1,1538.7791521048443,1538.7791521048443,,
4200,0.9989739051777912,0.6129396139768515,0.8059567595773214,1,610.1500991523577,610.1500991523577,,
67042,0.9916202163768069,0.6195510526512402,0.8055856345140235,3,1015.1580476884388,1336.35962180503,-197.1230010986328,3.0
51802,0.9684358535343709,0.6423387910824672,0.805387322308419,1,1114.7446325354233,1114.7446325354233,,
233,0.999047994854396,0.6109069854236933,0.8049774901390446,1,1140.5039138312513,1140.5039138312513,,
66077,0.9874011112773535,0.6224742600209947,0.8049376856491741,4,575.8470754009388,1233.1414011988008,0.6060895919799805,4.0
67536,0.9973459915738431,0.6122108279853101,0.8047784097795766,3,351.50149650201115,435.96673825130586,0.5171692967414856,3.0
66357,0.9735329550715895,0.6339556932853748,0.8037443241784822,5,489.32426703695126,1488.718780768685,0.40244099497795105,4.0
55427,0.8798469960404882,0.7275649836131011,0.8037059898267946,1,3978.883775881033,3978.883775881033,,
65057,0.9072277927607175,0.6992755865453057,0.8032516896530116,3,1886.3618370216413,3319.7537507829743,0.7108616232872009,3.0
53181,0.9989775559108366,0.6070009731058379,0.8029892645083372,1,799.4021942790863,799.4021942790863,,
59455,0.9942739258817967,0.6111583658670053,0.802716145874401,2,873.6495010253307,1067.5414171389955,,
67900,0.9971965589948911,0.6073918520020143,0.8022942054984528,4,512.586710438438,733.8496282381375,0.3419293165206909,4.0
66327,0.9945168497621432,0.608518229897982,0.8015175398300626,3,846.4537972928063,878.0221724033274,-0.12148895114660263,3.0
22468,0.9985754274361681,0.6043261678029543,0.8014507976195613,3,345.5886124268427,608.2952082229568,0.6626231074333191,3.0
63874,0.9247447543659525,0.6771361183380786,0.8009404363520156,3,4207.410369690992,5357.118374212609,0.7548992037773132,3.0
43197,0.9996536755140109,0.6021833076015922,0.8009184915578016,1,1373.8844946931804,1373.8844946931804,,
44921,0.9744610419896019,0.627100348833302,0.800780695411452,3,1172.1495984020971,1226.070272230689,0.345996230840683,3.0
58465,0.9981336524909974,0.6031207606751448,0.8006272065830711,2,1491.473247929165,2716.294548520554,,
318,0.999133870533705,0.601633471028382,0.8003836707810434,1,724.88449440153,724.88449440153,,
34275,0.9981355057124917,0.6019673665896745,0.8000514361510831,2,403.2283665186001,492.0793927514208,,
10757,0.9979323211709612,0.6019986099204546,0.7999654655457079,0,,,,
64045,0.9011939877370234,0.6971987727955986,0.799196380266311,3,1822.2312881707699,4174.946120129631,0.4191150963306427,3.0
44495,0.9946446158355561,0.6035540421792402,0.7990993290073982,2,1098.1943657739846,1608.8910665004337,,
36091,0.9959545757815279,0.6022191825371491,0.7990868791593385,1,1193.014243128612,1193.014243128612,,
54419,0.9992125646876648,0.596957791218832,0.7980851779532484,1,1258.942091596055,1258.942091596055,,
67129,0.9933466762671551,0.6025392624353643,0.7979429693512596,4,740.0954627989402,804.5414052245054,-0.4756864011287689,4.0
66001,0.9813335629929562,0.6134159289611343,0.7973747459770453,3,365048646.9268799,579149186611.1755,-1.7856706380844116,3.0
60033,0.9890852106887854,0.6052520944436068,0.7971686525661961,3,423.67375305846724,660.0988061611963,0.6630103588104248,3.0
45076,0.9983760635675796,0.5957764327420114,0.7970762481547955,0,,,,
64797,0.9900017442786256,0.6041144436974248,0.7970580939880252,4,2123.3142123571856,3147.815145909864,-27.220382690429688,4.0
62244,0.9854564550379388,0.607586558519545,0.7965215067787419,14,139.2841621299825,106497.45669492483,,
47404,0.9464364921344529,0.6455537438669268,0.7959951180006899,1,942.0484061161973,942.0484061161973,,
64794,0.976551098746483,0.6153454430040467,0.7959482708752649,3,1770.186596038378,2997.009254556481,-235.22096252441406,3.0
59257,0.9940751085358419,0.597553857600549,0.7958144830681955,2,660.5129054930279,838.0605477948385,,
47299,0.9960365059099031,0.5955793700873682,0.7958079379986356,2,609.3075916926086,996.4100769932137,,
20865,0.9981906196279664,0.5928163483684522,0.7955034839982094,1,934.0854430266328,934.0854430266328,,
55078,0.9995466979968147,0.5913516296286886,0.7954491638127517,1,1583.0263724030885,1583.0263724030885,,
43158,0.9985449701731124,0.5918677212980515,0.795206345735582,1,1347.4463548451326,1347.4463548451326,,
47393,0.9280926335414068,0.6616450441433078,0.7948688388423573,2,698.8444503379619,892.9701697899472,,
53713,0.9983380390710742,0.5911296823730863,0.7947338607220802,1,1029.7778607677149,1029.7778607677149,,
46294,0.999579384907529,0.5897063365926385,0.7946428607500837,2,686.127058894863,999.2890030631097,,
18748,0.9989097779315328,0.5897377556186583,0.7943237667750955,3,318.4831893860465,1163.3928574288946,0.7838833928108215,3.0
54934,0.9993411463152276,0.5892121880213606,0.7942766671682941,0,,,,
66872,0.9965483503930133,0.5910905350552828,0.7938194427241481,2,1050.1864310124008,1195.095876398315,,
19141,0.9983191679329181,0.5891745256808572,0.7937468468068876,2,754.7395825576366,1181.7760983151659,,
67309,0.9867443891323807,0.6005050872299476,0.7936247381811641,3,808.4780264143598,1089.9002977189887,-0.09487271308898926,3.0
43850,0.9991630646372499,0.5878899364241479,0.7935265005306988,1,865.5546949804702,865.5546949804702,,
45558,0.8477147166902117,0.7392104217380409,0.7934625692141263,1,1423.76933656564,1423.76933656564,,
33867,0.9988398432690817,0.5874063096219678,0.7931230764455248,2,806.7096771288695,1268.2560047601703,,
66580,0.9157160041386433,0.6705199052896156,0.7931179547141294,2,1398.3292695246505,1717.8640912566866,,
52993,0.8079979755354239,0.7780818003565896,0.7930398879460068,1,2378.3058797144263,2378.3058797144263,,
66470,0.9901011684526032,0.5956802548911739,0.7928907116718886,2,1289.4452233621441,1388.1190905738563,,
46499,0.999556476466859,0.5858176103139786,0.7926870433904187,2,374.65217525279746,413.191136986667,,
56380,0.7569848257982141,0.8274156755283129,0.7922002506632635,1,3678.4946694759483,3678.4946694759483,,
3753,0.9994374984041549,0.5841348503537147,0.7917861743789347,1,620.3920843164689,620.3920843164689,,
25262,0.9991376076095214,0.583779124238246,0.7914583659238836,4,204.48782751829074,828.5797888008468,0.5460134744644165,4.0
63721,0.986673692423386,0.595645897314611,0.7911597948689986,3,794.794415254739,1038.3614774789025,0.7343389987945557,3.0
46691,0.9505346023268199,0.6316047953626927,0.7910696988447563,1,704.3799439998844,704.3799439998844,,
10751,0.9933794031851098,0.5882488636671135,0.7908141334261116,1,421.5236247548445,421.5236247548445,,
22329,0.9987655979410593,0.5822360788618852,0.7905008384014722,1,1098.974817587397,1098.974817587397,,
67060,0.996611150211501,0.5834757513276119,0.7900434507695564,4,6237.2275105879,171641.386457263,-9249878.0,4.0
46333,0.8841951990856957,0.6958186849110772,0.7900069419983864,1,1169.6693074273792,1169.6693074273792,,
67329,0.9912997359369412,0.5871850791837936,0.7892424075603675,2,1113.7872566481585,1185.8835004848281,,
67103,0.9860072921452806,0.5920720840188138,0.7890396880820472,2,810.7335514439916,934.9589685494986,,
67078,0.9966956682103266,0.5808109297229456,0.7887532989666362,3,1286.9760582480008,1547.3452031328077,0.5248985290527344,3.0
41605,0.9988411278971816,0.5786445517303773,0.7887428398137795,2,607.4870789469403,978.8445671662903,,
46673,0.998292023370357,0.5786789892696335,0.7884855063199953,0,,,,
56965,0.9994684019614728,0.5769189507302463,0.7881936763458596,2,976.0751342851673,1631.6506807863727,,
15369,0.9993894651507148,0.5769604964838617,0.7881749808172882,3,289.9693081154879,767.5003029602599,0.79274582862854,3.0
66444,0.9945617243658886,0.5814229316980499,0.7879923280319693,3,861.267542749952,1215.6431170810731,0.8496994376182556,3.0
66902,0.9904409927193375,0.58436068652243,0.7874008396208838,5,894.8293324724551,1154.0823306391756,0.3539324998855591,4.0
26193,0.9991655165410446,0.5755607853821867,0.7873631509616157,1,810.6430371111803,810.6430371111803,,
47776,0.8958797318861702,0.6787284270044633,0.7873040794453168,2,722.3740542766585,885.9520933310652,,
67059,0.997383438570612,0.5766170939970303,0.7870002662838211,5,35.770520462171696,260370.65505059043,,
60390,0.9953788857800376,0.5782033987931315,0.7867911422865845,4,4652.512784113215,302119.1181695155,-57323.93359375,4.0
22420,0.9993676780935176,0.5740183453167371,0.7866930117051274,1,500.4079887259354,500.4079887259354,,
48917,0.998141339660543,0.5751722839361868,0.7866568117983649,1,1046.8833445963403,1046.8833445963403,,
62251,0.9774776516219037,0.5956895109361013,0.7865835812790025,10,164.74625707359968,143433.4425638349,,
46699,0.9154911183666138,0.6576592094994858,0.7865751639330498,3,738.6604788963721,1344.5447564534668,-2.045118570327759,3.0
67660,0.9916519630828179,0.5812609379104097,0.7864564504966138,4,894.7432809543384,1460.1866050845974,-0.341638445854187,4.0
58879,0.9858856508433118,0.5860341792794901,0.785959915061401,8,440.3995423622952,1531.8460379762607,-60.68662643432617,4.0
62788,0.9882491416187434,0.5829409552063876,0.7855950484125656,7,111.63531959180598,124153.27705315055,,
63785,0.9212805698427414,0.6492453804733487,0.7852629751580451,3,837.7650298031083,1586.0284652388252,-0.09648891538381577,3.0
66899,0.994740456108992,0.5753399576648042,0.785040206886898,4,793.0123443656568,1056.0498901056278,0.787691593170166,4.0
21187,0.9835946798802472,0.5859044850594024,0.7847495824698247,0,,,,
19467,0.9978026496275397,0.5711784360575572,0.7844905428425485,0,,,,
26702,0.9990973987022813,0.5695988152358762,0.7843481069690788,4,154.83171067855298,1034.9404313062273,,
67649,0.9966630299676521,0.5717570986691486,0.7842100643184003,4,794.2717664531489,944.653609752512,0.47984325885772705,4.0
66868,0.9906060734974993,0.57752539287226,0.7840657331848797,3,905.9282090330989,1224.5263270550354,-30.37012481689453,3.0
64843,0.9617292595333053,0.6053438069046599,0.7835365332189826,4,2559.031974427899,5140.7936601515285,-1245.46337890625,4.0
46689,0.9560212953655371,0.611042889429241,0.7835320923973891,7,115.77995854527785,785.5321027254732,,
8177,0.995574311041825,0.5710426291493527,0.7833084700955888,0,,,,
62332,0.9566123881083867,0.6091687977217144,0.7828905929150505,9,1362770795.8221436,1806749477982.521,-65046.953125,4.0
46716,0.9737700493740523,0.5915401166064314,0.7826550829902419,4,137.12655560343637,1128.1623762057518,,
66511,0.9725277155399156,0.589485001291476,0.7810063584156958,3,974.392809517203,1436.8607746469047,-4.228250980377197,3.0
46131,0.9320548455580199,0.6289792700456243,0.7805170578018221,2,809.3721767800309,939.2321417758747,,
66922,0.9941254235838822,0.566450311871568,0.7802878677277252,4,16291.650599232216,145917.2362988635,-5.494519233703613,4.0
52616,0.7899000939266939,0.769776849535102,0.7798384717308979,2,1417.227745631517,2560.9107050666244,,
55885,0.9987797228851137,0.560707093497603,0.7797434081913583,1,623.092443313424,623.092443313424,,
12585,0.9961990523526072,0.563067436280832,0.7796332443167195,2,649.1700571185065,1045.230407385657,,
45236,0.8331685332695283,0.7250639463684692,0.7791162398189988,1,1893.8461919829344,1893.8461919829344,,
53897,0.9019090797942629,0.6542986783795353,0.778103879086899,2,537.9452303107711,831.2443217001816,,
65173,0.9704328192267787,0.5856133900997516,0.7780231046632651,9,1180522143.8407898,4753893867135.048,-2200.252685546875,4.0
65223,0.9913376551905468,0.5643856108943737,0.7778616330424603,4,847.7778205913403,1208.3269584371792,0.6222042441368103,4.0
56538,0.9629804519666018,0.5913140103702309,0.7771472311684163,6,186.30042537715948,965.1013745752269,,
9835,0.9938242869835181,0.5599354595891857,0.7768798732863519,0,,,,
66571,0.8802460481738074,0.6730017926268079,0.7766239204003076,2,1346.1772618920447,1534.2793555243431,,
46566,0.8845373889241331,0.6686116536031936,0.7765745212636634,1,941.4308289135466,941.4308289135466,,
53467,0.9081386098093033,0.6450044865187563,0.7765715481640298,4,336.091721091606,748.519251705602,-8.721649169921875,4.0
64958,0.9365794004537323,0.6164962868130806,0.7765378436334065,6,1200214028.3584595,2310756921768.1885,-2681368.75,4.0
53917,0.8453270693553497,0.7071870432680478,0.7762570563116988,3,509.6961635202485,843.1308656218156,-8.599043846130371,3.0
43764,0.9993716544305825,0.5530448050107346,0.7762082297206585,2,591.1970798363185,930.0298686746677,,
60862,0.9988534986331674,0.5530103253841032,0.7759319120086353,1,566.767025726704,566.767025726704,,
48966,0.9996593414001921,0.5519450611673741,0.7758022012837831,2,390.72370163907897,555.4989162957455,,
48393,0.7969648310157573,0.75423142691314,0.7755981289644487,1,1385.0943476171838,1385.0943476171838,,
66611,0.9880232709121207,0.5630061097999801,0.7755146903560504,3,1009.3479340723893,1359.954709250214,0.8666908144950867,3.0
26957,0.9992217278119376,0.5505487333636607,0.7748852305877991,4,245.55710595269827,1333.679332011131,0.9064499735832214,4.0
45707,0.9572246303599753,0.5924976559672748,0.774861143163625,3,678.2755313025981,1002.3956360409884,-4.920593738555908,3.0
45407,0.9958128811369937,0.5535328872535044,0.774672884195249,2,859.7840529080452,1158.2610204927405,,
46576,0.9396537124972162,0.6095241740784,0.7745889432878081,1,797.1713730946271,797.1713730946271,,
67033,0.9940799858109186,0.5538083684024137,0.7739441771066662,3,856.1180696034664,1060.2131924710804,0.42463210225105286,3.0
48366,0.8548593979020241,0.6925475412871456,0.7737034695945848,1,1620.441418799803,1620.441418799803,,
66605,0.9904261667905188,0.5565966718302817,0.7735114193104002,4,866.4759229639642,1247.8485384719847,0.4502616226673126,4.0
30135,0.9949865623925567,0.5515649969520873,0.773275779672322,1,1222.842577268895,1222.842577268895,,
61564,0.9925485413611105,0.5537941617695004,0.7731713515653054,2,61303.36346273487,70647.55494258412,,
22443,0.9964576056284624,0.5497868364196243,0.7731222210240434,1,1112.2128739693273,1112.2128739693273,,
61772,0.9992795976796978,0.5464039653726869,0.7728417815261923,2,364.4941019040666,485.0301939760063,,
43781,0.9994829384424355,0.5450421900365467,0.7722625642394911,2,713.3918203028057,1159.1577355707043,,
66072,0.9818617371860048,0.5624211610564206,0.7721414491212126,3,958.2169966267383,1974.9937202332485,0.4664597511291504,3.0
67056,0.9866458604727675,0.5573390457532347,0.7719924531130011,4,844.6574170471869,1049.879265852731,0.2948291599750519,4.0
66931,0.9897100999501222,0.5540569433842328,0.7718835216671776,4,508.9906712488818,857.8439772896421,-310.59527587890625,4.0
51797,0.9986884895646794,0.5448347521127973,0.7717616208387383,1,430.3605808761962,430.3605808761962,,
60571,0.9989024078117161,0.5432529100193682,0.7710776589155421,2,443.47875695921704,629.0594468765983,,
52674,0.8766546057433051,0.6653351636436163,0.7709948846934607,1,854.8724972875589,854.8724972875589,,
66598,0.9866610082048364,0.555278403326813,0.7709697057658247,2,1332.9452899211465,1461.3675061684264,,
9963,0.9992819514792287,0.5405525800483624,0.7699172657637956,0,,,,
47556,0.9473819016405086,0.5920660975784875,0.769723999609498,15,68.91814764519368,577.2155992170161,,
52466,0.9986449824923522,0.5407318690394309,0.7696884257658916,0,,,,
10240,0.9990631103826391,0.5400513758554668,0.7695572431190529,0,,,,
63375,0.9922056851955467,0.5463907841857246,0.7692982346906356,4,511.407149526866,882.3832180102278,0.48539331555366516,4.0
44925,0.9755132799593922,0.5627056392025813,0.7691094595809868,6,92.3129191023038,736.0300222219067,,
10471,0.9995093213903805,0.538634526610822,0.7690719240006012,0,,,,
4190,0.9995052894202615,0.5381540398062421,0.7688296646132518,2,548.4725604002671,835.1898157435098,,
45631,0.9992125664857018,0.5373245486029576,0.7682685575443298,2,231.3281049481947,251.57039663165472,,
61596,0.9461901858310525,0.5897395742861189,0.7679648800585857,3,16272.319401589939,49924.62686760688,-637395.0625,3.0
58711,0.9592237941413828,0.5759712946000546,0.7675975443707187,7,745.3871403941673,2719.574379708894,-0.3450291156768799,4.0
58003,0.8496357162982475,0.6839290517231995,0.7667823840107235,4,1320.2492499472783,1716.93669552939,-0.48321372270584106,4.0
57463,0.8355224544457289,0.6973071230367556,0.7664147887412422,3,1537.8153763092648,1829.5704927602605,-21.307817459106445,3.0
66864,0.9827443053012349,0.549997082344251,0.766370693822743,3,1058.1500831962303,1477.1614060271133,-28.921106338500977,3.0
53635,0.7832689531625557,0.7487448983067875,0.7660069257346716,2,1266.6268901301073,2120.8947359562117,,
67613,0.9949896497479901,0.5367348337822304,0.7658622417651102,4,520.7287679214951,942.9623974987808,-66.8560791015625,4.0
47587,0.9381555992483279,0.5911922220672918,0.7646739106578099,2,1062.2540863893335,1386.9108472578382,,
561,0.9990124941445028,0.5296803593630053,0.7643464267537541,0,,,,
57474,0.9898537804762214,0.5370202634795241,0.7634370219778728,0,,,,
46172,0.9443734434519556,0.5824453309495545,0.763409387200755,4,340.4823333849902,804.9292900451793,-2.9961705207824707,4.0
64862,0.9720427244787481,0.554772071828338,0.763407398153543,5,2365.6889565296647,4494.666519800849,-954.4705810546875,4.0
43774,0.9995921541781233,0.5266727930625168,0.76313247362032,3,380.8804057691759,1323.8328024647185,0.681145966053009,3.0
46744,0.9105654532499612,0.6153584313646984,0.7629619423073297,1,1030.5832361509426,1030.5832361509426,,
66498,0.9896794045740549,0.5361152005091282,0.7628973025415915,2,1301.3605905979057,1369.5886860252335,,
46746,0.9380295742728741,0.5873114801601611,0.7626705272165176,4,336.34881348985874,677.7732093218988,-1.1197364330291748,4.0
47968,0.9990074936020614,0.5248882498041924,0.7619478717031269,2,408.85900536089474,571.4429155469721,,
47573,0.9642203865537986,0.5593094012668809,0.7617648939103397,8,82.74129570454924,812.3459059271842,,
3818,0.9948926825466964,0.5284223907267752,0.7616575366367357,0,,,,
47754,0.9331496967537617,0.5900437271816543,0.7615967119677081,1,985.8671823207098,985.8671823207098,,
51775,0.8484730496844071,0.6740432365052377,0.7612581430948224,1,800.1372919862224,800.1372919862224,,
45640,0.9942271655115331,0.5273775323729444,0.7608023489422387,0,,,,
52171,0.9861496064014287,0.5352649105806372,0.7607072584910329,12,220.24162773002013,2243.9753920035346,-14.211254119873047,4.0
66323,0.9883310857115344,0.5329900718351697,0.760660578773352,3,930.3892672921959,1131.3753472281173,0.15882210433483124,3.0
65336,0.9867172642051455,0.5338723849959132,0.7602948246005293,3,847.0311591532158,1396.8467789712363,0.6291057467460632,3.0
47147,0.9988335535227822,0.5211156764614471,0.7599746149921147,1,1046.1327699033172,1046.1327699033172,,
46327,0.9990800945367475,0.5191998673047982,0.7591399809207728,1,884.094348923656,884.094348923656,,
26011,0.9974342424771724,0.519548430129824,0.7584913363034982,0,,,,
43821,0.9996130392871254,0.5167580084287883,0.7581855238579569,2,634.2524356524856,909.6200020964802,,
66883,0.9697477781119326,0.546207063991958,0.7579774210519452,3,290.6967653922356,968.3168608374933,0.039862990379333496,3.0
37398,0.9647356705391894,0.5499691753319529,0.7573524229355711,2,242536.63446228649,484418.39049876854,,
60569,0.9989063396690449,0.515182027270783,0.757044183469914,1,1264.312917400263,1264.312917400263,,
34948,0.998036051552497,0.5159262073206177,0.7569811294365574,1,370.8725354011028,370.8725354011028,,
53503,0.9573319692726538,0.556481673768763,0.7569068215207084,4,389.91296855984933,1426.6051867668302,0.8125043511390686,4.0
55040,0.9979070186961948,0.5156780568682444,0.7567925377822196,3,391.81499963945396,2478.9717978832414,0.8986479640007019,3.0
24303,0.9977942672261312,0.5156726077931668,0.756733437509649,0,,,,
66873,0.9873154770666082,0.5261368580032126,0.7567261675349104,2,1231.6849773000563,1272.0542570691166,,
64594,0.9920278811195968,0.5213140577794285,0.7566709694495126,3,694.7107188727795,812.3633804328556,0.6601614952087402,3.0
57249,0.8679173310825301,0.6453906681912593,0.7566539996368947,4,247.95814345039915,930.2787182743197,0.06725925207138062,4.0
65277,0.7999611568479237,0.7131321715152661,0.7565466641815949,2,5102.755097942532,6491.857788888589,,
64714,0.7906944592818839,0.7223670428160018,0.7565307510489429,4,1982.1764901872273,4114.011273026051,-221.0762176513672,4.0
46329,0.9211907720072214,0.5918632422808427,0.7565270071440321,1,418.7763450222281,418.7763450222281,,
63388,0.9971480510473585,0.515085500776159,0.7561167759117587,4,668.571263064424,1266.5096544759137,0.577610433101654,4.0
44876,0.9994553515460232,0.5122342188230287,0.7558447851845259,2,807.8195114044923,1209.611251678931,,
34453,0.9993847069097792,0.5117981075495757,0.7555914072296774,2,579.3382340548474,865.2198474116171,,
46168,0.9065916334810491,0.6040909614444822,0.7553412974627656,1,1164.6926000276972,1164.6926000276972,,
67552,0.9955490837036879,0.5149435494117577,0.7552463165577228,3,433.3328454326242,449.9392027901858,0.8126003742218018,3.0
10438,0.9766179518835653,0.5331775324181538,0.7548977421508596,2,411.9358915459358,449.6599871175885,,
60503,0.999570879347705,0.5101387153611096,0.7548547973544073,5,285.3292856567554,1405.432659693372,0.6630256175994873,4.0
65196,0.7913335679189752,0.7182496256277184,0.7547915967733468,3,5604.969764275563,6745.95409767759,0.844822883605957,3.0
47883,0.8745549456433795,0.6337507935093576,0.7541528695763686,3,458.0608946436851,488.7427481128363,-13.420730590820312,3.0
46320,0.9995587694266248,0.5078665620664051,0.753712665746515,1,312.7669806601829,312.7669806601829,,
67306,0.9913285883237815,0.5160736276464764,0.7537011079851289,3,1215.9862683362644,1262.678849151321,0.17676608264446259,3.0
65258,0.8249789013621694,0.6813518982726319,0.7531653998174006,4,4225.30259579521,4476.733966282912,-63.468223571777344,4.0
66530,0.990077744212029,0.5152795324678675,0.7526786383399482,2,1124.6167547350915,1235.7137614478654,,
53475,0.8646175201116613,0.640213489576464,0.7524155048440626,2,672.1190717125697,794.3987216985591,,
49527,0.9991580693983891,0.5054131471142161,0.7522856082563026,2,534.335540503813,710.9516447406543,,
4629,0.9995204724330735,0.5050432775711688,0.7522818750021212,0,,,,
8396,0.998153158061413,0.5063322597280964,0.7522427088947548,0,,,,
67218,0.8288490686596042,0.6750423810272117,0.7519457248434079,4,3730.6816834642486,4874.534340857331,-0.06251318752765656,4.0
65595,0.9242831560518265,0.578967085294035,0.7516251206729307,4,1842.643878231806,1978.1255355992103,-27.39090347290039,4.0
14565,0.9964323717679605,0.5064929427817233,0.751462657274842,0,,,,
66839,0.9081233436837239,0.5946556454622904,0.7513894945730072,2,4443.974191298717,5348.821975255796,,
60807,0.999625598593781,0.5025833805269683,0.7511044895603747,0,,,,
22599,0.9994921579532099,0.5025052094653308,0.7509986837092704,0,,,,
29286,0.9953746718313684,0.5051570857880576,0.750265878809713,0,,,,
59147,0.9993002482770532,0.5009625087772187,0.750131378527136,5,254.74439435154468,1514.74920300182,0.5323387384414673,4.0
13534,0.997619738979293,0.5025743933074338,0.7500970661433635,0,,,,
65281,0.8481486855389102,0.6517289826117918,0.749938834075351,3,3862.201900735663,6847.180967063684,-0.6327455639839172,3.0
46372,0.9978380889687999,0.5016744340785848,0.7497562615236923,1,811.1451951599518,811.1451951599518,,
66338,0.9881952977897986,0.5110526126580337,0.7496239552239161,3,970.6474248469021,1135.3965413353858,0.39826810359954834,3.0
64152,0.8199107894516898,0.6785617714694663,0.7492362804605781,4,3094.012789858738,5066.927360587233,-0.9175676107406616,4.0
66516,0.9969462546600452,0.5014055726180701,0.7491759136390577,3,1227.0077533157055,1516.283615139534,-0.017573058605194092,3.0
45065,0.9988256685534361,0.49948930703885774,0.7491574877961469,1,375.5207186572557,375.5207186572557,,
28484,0.9997361947061318,0.498453009726895,0.7490946022165135,0,,,,
44937,0.999244374158933,0.4988749090218728,0.749059641590403,1,840.7739459467261,840.7739459467261,,
60684,0.9996710965037905,0.4983326177565559,0.7490018571301732,1,278.84751894054125,278.84751894054125,,
44716,0.9176773887706379,0.5802830839517434,0.7489802363611906,2,931.0475802794812,1053.030012474412,,
52556,0.9979588652073378,0.49998169556829497,0.7489702803878164,1,1387.8997988840415,1387.8997988840415,,
3555,0.9992831619404593,0.49750776655968054,0.7483954642500699,0,,,,
64671,0.9550173707467037,0.5413489403184772,0.7481831555325904,3,748.819035666526,759.6505320832242,0.298660546541214,3.0
59083,0.7960787729575535,0.6998335300674163,0.7479561515124848,5,632.8103802868758,1903.4902537039002,0.44859743118286133,4.0
65246,0.8372893199510394,0.6577032951790325,0.7474963075650359,4,3530.2569291000204,4157.794863325366,0.4564860165119171,4.0
67611,0.9952459649883841,0.49967080266970565,0.747458383829045,4,600.9724245256474,1090.873194585383,-0.34392601251602173,4.0
47359,0.9993152972967582,0.49559654235435435,0.7474559198255563,1,708.7711464625401,708.7711464625401,,
30279,0.9994302184907393,0.49544241862853355,0.7474363185596364,0,,,,
10214,0.9987207511306676,0.4954129742390476,0.7470668626848576,0,,,,
65236,0.8327973996992278,0.6611451330048113,0.7469712663520196,5,3835.264251989069,4847.850592827964,-2.145221471786499,4.0
45732,0.9970821098951697,0.49661375705026434,0.7468479334727169,1,592.5385659233,592.5385659233,,
31048,0.9982788146067582,0.4954089559599836,0.7468438852833709,1,1059.101658680162,1059.101658680162,,
46784,0.925457630548694,0.5676982388806964,0.7465779347146952,2,1068.664237736125,1088.3884134081693,,
61717,0.8576043487805972,0.6353681319373974,0.7464862403589974,4,1645.51237372986,1873.0308380320816,0.3515140116214752,4.0
2092,0.9990790743963834,0.4933334596869773,0.7462062670416804,0,,,,
54585,0.9989183967935272,0.4933761333956047,0.746147265094566,2,498.8733406514419,716.363818621352,,
7838,0.999184813930034,0.49277799385475807,0.745981403892396,1,179.67736672817566,179.67736672817566,,
65380,0.820657801935742,0.6703355619795539,0.745496681957648,2,3516.5086912960096,3545.7457777246723,,
10207,0.9981767550411519,0.49281190101145844,0.7454943280263051,0,,,,
65305,0.9402796319783718,0.550535585841551,0.7454076089099615,4,61541020870.20874,2816961646080.017,-7.050220966339111,4.0
58297,0.992582782842418,0.4979541536094627,0.7452684682259403,7,169.84447642520794,517.5320408633318,,
61172,0.9989203458263846,0.49134664933895367,0.7451334975826691,2,394.61627668906897,564.9615790129671,,
13539,0.9937725692223484,0.4962662818960194,0.7450194255591839,0,,,,
45279,0.9980605366709258,0.4914552210419043,0.7447578788564151,0,,,,
56753,0.9990452334215416,0.4902697759817277,0.7446575047016346,3,262.4935202541873,898.4616021094965,0.6640276312828064,3.0
45782,0.9977878668545069,0.4913518588493059,0.7445698628519064,0,,,,
66325,0.9703075996711039,0.5187438611831394,0.7445257304271217,4,1022.1786545724977,1265.1194291692518,0.1647050827741623,4.0
45688,0.9991738982836673,0.48976984687856895,0.7444718725811181,1,625.8523423723294,625.8523423723294,,
66017,0.977878509172312,0.5108812230283466,0.7443798661003294,3,792.6603372489112,1669.3202532052005,0.7023027539253235,3.0
34010,0.9993306659255736,0.4892776900130009,0.7443041779692873,2,509.7970057379489,791.4358597379083,,
64620,0.9954197231919485,0.49307917684852787,0.7442494500202381,5,518.7274824826426,574.134119171316,0.30678024888038635,4.0
63166,0.9923819211873858,0.4955267073999655,0.7439543142936756,5,144.6424990758678,133625.70749097146,,
9040,0.9996653500561822,0.487740555682998,0.7437029528695901,0,,,,
21688,0.9972002018529432,0.4891180723816795,0.7431591371173114,0,,,,
33498,0.9997614020729637,0.4862120335906247,0.7429867178317942,0,,,,
37242,0.9995833541081252,0.4859099350993752,0.7427466446037502,0,,,,
66897,0.9787591262278691,0.5056384880383334,0.7421988071331013,5,721.867225836161,1032.9898592340146,-1.2985804080963135,4.0
66106,0.9807518630396699,0.5034494035390991,0.7421006332893845,3,1385.4427860454036,1942.8322393289657,0.7152894139289856,3.0
3901,0.9991937236171146,0.48489394393582996,0.7420438337764723,0,,,,
66438,0.9923900241342366,0.49166967898603453,0.7420298515601356,3,893.298652479157,1259.5112274700834,-0.404541015625,3.0
67123,0.9602491602615606,0.5234191140190394,0.7418341371403,2,842.6553558248992,887.4769749216665,,
44358,0.9662222749206743,0.517018029106691,0.7416201520136827,6,1316.5952388429585,1925.4137194776351,0.5372015237808228,4.0
66247,0.9921518470416338,0.4903312604869804,0.7412415537643071,4,827.5581111209381,1122.691027232188,0.3593217134475708,4.0
59524,0.901411097323516,0.5808438908504276,0.7411274940869719,3,598.6760425238336,695.3072587003587,0.8606902956962585,3.0
60673,0.9996431041699183,0.4822273767418761,0.7409352404558972,0,,,,
20848,0.9992534823471755,0.48241125248423433,0.7408323674157049,0,,,,
54911,0.9983268946351175,0.48318117336078414,0.7407540339979508,2,501.64711257280186,734.5946535873488,,
12291,0.9995152633308174,0.4819419130803706,0.7407285882055941,0,,,,
65282,0.8164399719630386,0.6646502038049835,0.7405450878840111,2,5502.900538699638,6984.637268366743,,
65047,0.9787917283901462,0.501378939851425,0.7400853341207856,8,7467731833.457947,1371741503477.0967,-3883568.0,4.0
56403,0.808336617656557,0.6715927507505304,0.7399646842035437,3,165.6174354674043,1729.228044251043,,
64458,0.8808978498612554,0.5984479644602104,0.7396729071607329,5,648.258485539153,695.862688687276,0.671416163444519,4.0
47903,0.8511317585764995,0.6281278771854344,0.7396298178809669,3,519.0826106342395,1634.8941930466308,-3.7519829273223877,3.0
60153,0.7975958134866985,0.6814982689008704,0.7395470411937844,3,1114.9427088275775,1121.3958417580393,-1.991648554801941,3.0
54490,0.999254972735311,0.47962813822419426,0.7394415554797527,2,542.0183815791555,790.268876131721,,
61397,0.999524076878126,0.4793477165495079,0.739435896713817,1,423.2680937854667,423.2680937854667,,
4711,0.9995597730672126,0.47915705563929323,0.7393584143532529,0,,,,
54782,0.9991006333803024,0.47958923343405424,0.7393449334071783,1,593.4317259292495,593.4317259292495,,
21369,0.9979614263589657,0.4798322184731848,0.7388968224160752,2,530.1251334203897,724.6826355112754,,
46712,0.9007498953957295,0.5766876258174036,0.7387187606065666,2,734.2000064839409,740.0540619237372,,
46727,0.9440045924082502,0.5330226785171791,0.7385136354627146,5,76.5487986289051,530.7588956817599,,
61521,0.8680106680173527,0.6089047425995262,0.7384577053084395,4,1504.4066723525493,1631.6130308857753,0.03358177840709686,4.0
59734,0.8644595174715535,0.6117097649312224,0.738084641201388,2,1556.8573010148398,1663.7741733055125,,
10730,0.998771616830173,0.4766112827748208,0.7376914498024969,0,,,,
62247,0.969811143819858,0.5048483314416765,0.7373297376307673,11,152.05035347661362,117598.10693637852,,
38347,0.9995908328312021,0.4748758775578401,0.7372333551945212,0,,,,
10652,0.9688448470913407,0.5055742297064232,0.7372095383988819,0,,,,
46713,0.9384411083473634,0.5351154704696967,0.73677828940853,2,684.5888811295719,771.8572321527821,,
67019,0.9031475337103128,0.5701369362921365,0.7366422350012246,3,1797.4025827727892,4499.554209715338,-35.70383071899414,3.0
46326,0.9163711249917651,0.5569089431216298,0.7366400340566974,1,855.2955782694646,855.2955782694646,,
5014,0.9995976601792109,0.47330811382903437,0.7364528870041227,0,,,,
46340,0.9807763540608024,0.4918735196442042,0.7363249368525033,2,572.7066227328212,652.7432376204648,,
36414,0.9995821631124118,0.47293234637720094,0.7362572547448063,0,,,,
26795,0.9889969593300405,0.48314245275216927,0.7360697060411049,1,475.1025178054319,475.1025178054319,,
54411,0.9996900538154054,0.47120367415892306,0.7354468639871643,0,,,,
66885,0.989307174102872,0.4811584354414794,0.7352328047721757,3,1003.6893615182844,1402.4746976770964,-4.974182605743408,3.0
44757,0.9985669311649554,0.47167399347834205,0.7351204623216487,1,658.5325848076133,658.5325848076133,,
66534,0.9908637333257718,0.47877871836672015,0.734821225846246,3,1273.9352513976821,1470.5783565524316,-0.07860835641622543,3.0
5013,0.9994438723434105,0.4695761088763669,0.7345099906098886,0,,,,
65448,0.8557924773247011,0.6127095454220839,0.7342510113733924,3,6460.181946455083,6479.2642725732685,-1.9825263023376465,3.0
40119,0.999589228670839,0.46870087426497553,0.7341450514679073,0,,,,
65097,0.9308791824131307,0.535630411344042,0.7332547968785863,5,709.1271764377212,1392.7518066541388,0.7331656217575073,4.0
3938,0.999375417818563,0.4671053644324542,0.7332403911255085,0,,,,
25651,0.9888945069282489,0.4771465999800496,0.7330205534541492,0,,,,
65696,0.9910137929818513,0.47488969838923223,0.7329517456855418,3,1138.0659557547615,1511.4523394074497,0.9000911116600037,3.0
67539,0.9906038836501615,0.4750372502022383,0.7328205669261999,3,448.4629599470283,1218.9191729597221,-0.3335159718990326,3.0
63811,0.9946133714674669,0.47063658281501497,0.732624977141241,4,327.0775248114968,410.30860848854144,-1.335044026374817,4.0
64792,0.9912358137406602,0.473840543861202,0.7325381788009311,5,2788.011837862837,4174.5737683783045,0.05062797665596008,4.0
20888,0.9989347834109122,0.46598091214490633,0.7324578477779093,0,,,,
4911,0.9996591877551377,0.4652513862622344,0.732455287008686,0,,,,
66356,0.9832115113757663,0.4816964210045317,0.732453966190149,4,723.3062320422044,1613.6063060840665,0.06157863140106201,4.0
42352,0.9991541826165952,0.46544219310804613,0.7322981878623207,2,486.7685051195965,574.3160763715584,,
67710,0.9859550480504446,0.47835458530097863,0.7321548166757117,4,799.9237673017153,1447.1110646768702,-0.4339861273765564,4.0
40288,0.9995211340224077,0.4643554559093013,0.7319382949658545,1,210.02813177653846,210.02813177653846,,
64169,0.8736542156877042,0.5901613312815229,0.7319077734846136,4,2567.0681770656643,9256.673849132201,-0.6348596811294556,4.0
397,0.9992934319636855,0.4645045768739712,0.7318990044188283,0,,,,
43184,0.9955063986874508,0.46789008834468226,0.7316982435160666,2,828.8078682273879,1457.3523700659803,,
58600,0.8427006254342866,0.6200973707417534,0.73139899808802,4,2257.329152736347,3215.9436419607273,-1.3717548847198486,4.0
62708,0.999274531036855,0.4634502086108264,0.7313623698238407,0,,,,
15333,0.9980616734090385,0.46437030590184025,0.7312159896554393,0,,,,
54462,0.9995812056873506,0.46201678293375636,0.7307989943105535,0,,,,
5277,0.9993168379291191,0.46208421394817534,0.7307005259386472,0,,,,
4727,0.9994050821717659,0.4619161261303488,0.7306606041510574,0,,,,
58268,0.9994286732108848,0.4613228236615927,0.7303757484362388,1,910.588569073979,910.588569073979,,
46167,0.8903525953603005,0.5702950430487311,0.7303238192045158,2,492.6131019607945,715.2566946707707,,
58691,0.9932692192534817,0.4670206161570607,0.7301449177052712,4,30144.55975430715,173262.87095303042,-416.2144470214844,4.0
53483,0.8839043445867995,0.576336160084183,0.7301202523354913,3,572.9550399340899,1757.7638069623629,0.5142684578895569,3.0
65178,0.7489810350121918,0.7106593180884322,0.7298201765503121,4,4612.835925992224,6955.06905750431,0.7385109663009644,4.0
2669,0.999527917059939,0.46003918379618836,0.7297835504280636,0,,,,
65907,0.9780121200092688,0.4814741642042598,0.7297431421067644,3,1240.7819014859526,1622.4953944421773,0.5243299603462219,3.0
4144,0.9996835567032849,0.45974759865018,0.7297155776767325,0,,,,
61404,0.9996337344651459,0.45979662620411577,0.7297151803346309,1,207.93993119035883,207.93993119035883,,
67159,0.9943264518691655,0.4650253251911384,0.729675888530152,2,1490.5740186399985,2685.376698369753,,
61156,0.9992991221394273,0.45952980009543776,0.7294144611174325,3,278.352830908288,587.6880315290605,0.5421605110168457,3.0
60851,0.9994431976777449,0.45925158063208205,0.7293473891549135,2,406.10231079897903,621.8282014098781,,
51969,0.8824720412196394,0.5757631787871537,0.7291176100033965,5,181.5445246982652,875.671974385442,,
36099,0.9997304436319592,0.4581494519516145,0.7289399477917868,0,,,,
38340,0.9995788176125676,0.457729005032965,0.7286539113227664,0,,,,
54328,0.9992799501559032,0.457562836501061,0.7284213933284821,1,606.9563269469057,606.9563269469057,,
4724,0.9997170421462582,0.45703289476304376,0.728374968454651,0,,,,
29982,0.9996449334272555,0.45702516814950767,0.7283350507883816,1,220.93487444667724,220.93487444667724,,
28897,0.9997726586687748,0.45684198588787794,0.7283073222783264,0,,,,
64361,0.8243345228938446,0.6317326550035358,0.7280335889486902,2,3400.523402808474,4042.7424448292686,,
66165,0.980105765554529,0.47501186829029896,0.727558816922414,3,1066.4607976578015,1381.4951730688194,0.8703415393829346,3.0
58896,0.9556727453310356,0.4993853616340823,0.7275290534825589,4,408.4505873189252,797.4485461612813,-0.06243304908275604,4.0
5729,0.9996323217501745,0.45509321947778647,0.7273627706139805,0,,,,
55621,0.783112719526458,0.671302216322246,0.727207467924352,3,178.4705417840916,985.791022541347,,
62173,0.8263409789612903,0.627777382180398,0.7270591805708442,3,3678.4438286991735,4960.006603498878,0.29291629791259766,3.0
18509,0.9996604968439714,0.45442824035072227,0.7270443685973469,0,,,,
17792,0.9996597646050819,0.4543184090872835,0.7269890868461827,1,257.4130282567585,257.4130282567585,,
21177,0.9829624718153849,0.4706852652130076,0.7268238685141962,0,,,,
67550,0.9957468364897805,0.4573110544310486,0.7265289454604145,3,311.14669831436186,642.8590578401048,-0.017581403255462646,3.0
14781,0.9994349774182627,0.4535868833428439,0.7265109303805533,0,,,,
33932,0.9996858301112597,0.45174136706048673,0.7257135985858731,0,,,,
10623,0.9991133852115008,0.4522907171976116,0.7257020512045562,0,,,,
12719,0.9994148243405564,0.45159125495064734,0.7255030396456019,0,,,,
34056,0.9994805903679879,0.4507985011643839,0.7251395457661859,0,,,,
21362,0.9955966028103335,0.45449488422491313,0.7250457435176233,0,,,,
24236,0.9994769624968356,0.4505214177274325,0.724999190112134,0,,,,
39426,0.9996573524546951,0.45000827341229055,0.7248328129334929,0,,,,
30519,0.9994492929877457,0.44967831957456705,0.7245638062811564,1,535.9170564083904,535.9170564083904,,
66826,0.7854128549273119,0.6634999810637604,0.7244564179955362,3,3298.392405036551,5247.604236154653,0.3260786533355713,3.0
46574,0.9577934759058409,0.49096239350806303,0.7243779347069519,1,1239.1232044967114,1239.1232044967114,,
44343,0.9862879381721904,0.46227059910802304,0.7242792686401067,3,1203.393747613634,1497.7397522269132,0.2890239655971527,3.0
30232,0.9995440429784044,0.44890890837666175,0.7242264756775331,0,,,,
67575,0.9836680479725484,0.46445860844551246,0.7240633282090304,3,696.756082763198,2277.955322931195,0.17212800681591034,3.0
58593,0.8158259606113539,0.6322164234953905,0.7240211920533722,7,136.59707813323058,3220.199093123882,,
62802,0.967589294428356,0.48038644416223875,0.7239878692952973,9,12651.900011925854,163426.57760189305,-453.84674072265625,4.0
17796,0.9995198719883349,0.4480122310722572,0.723766051530296,0,,,,
66799,0.9882883496725818,0.4591900349454173,0.7237391923089995,4,1086.2989961812195,1352.2905596342628,-19.59400749206543,4.0
18502,0.999516619245459,0.4474905235128753,0.7235035713791671,0,,,,
58750,0.8095661326181713,0.6373262549967316,0.7234461938074515,4,1917.4311219757894,2881.2546864155165,0.4627498686313629,4.0
30738,0.999467674980002,0.4468203582691226,0.7231440166245623,1,417.7990428216762,417.7990428216762,,
40968,0.9993486063553891,0.4466313276104388,0.722989966982914,0,,,,
65868,0.9796668736068573,0.46541361606766407,0.7225402448372606,4,651.0144195539117,1976.2027051481323,0.46780672669410706,4.0
45266,0.9978148177453572,0.4470668204959286,0.7224408191206428,0,,,,
9960,0.9995514101765596,0.4452046505819237,0.7223780303792416,0,,,,
30070,0.9997150618376965,0.44497005188090544,0.7223425568593009,0,,,,
33899,0.9995891348649195,0.4444988065097165,0.7220439706873181,0,,,,
29888,0.9996760835051264,0.44426228736695517,0.7219691854360408,0,,,,
10437,0.9988605685492205,0.444408240774277,0.7216344046617487,0,,,,
56293,0.6909040677439853,0.7521034427287324,0.7215037552363588,1,1867.8565672197903,1867.8565672197903,,
61793,0.9977396574811279,0.4445874307062987,0.7211635440937133,2,759.6870042983854,1330.7205007520256,,
65346,0.9930125516294153,0.44875879306152,0.7208856723454676,3,703.4121904327436,1160.101099270285,0.29399895668029785,3.0
45053,0.9995214110248308,0.4422269440802796,0.7208741775525552,0,,,,
60624,0.9993009232342751,0.44213922877634093,0.7207200760053081,0,,,,
47122,0.8790954129938202,0.5611348736302957,0.720115143312058,2,335.13343290850406,430.48134941617815,,
32785,0.9994668166149931,0.44035335611542115,0.7199100863652071,2,230.0374798118118,232.28646950353976,,
33768,0.999461422052736,0.44027903559858395,0.71987022882566,1,154.48158130497075,154.48158130497075,,
31258,0.9993255789189402,0.44029206037130986,0.7198088196451251,1,1393.6647203407485,1393.6647203407485,,
66977,0.9881651231570387,0.45123793496661124,0.7197015290618249,4,900.9966350267837,1104.9368977505794,0.6765440106391907,4.0
67568,0.9946198548657327,0.4446858874465044,0.7196528711561185,3,532.2324429701192,1000.5549842657765,-0.4792895019054413,3.0
60967,0.9996748468374135,0.43922746348989694,0.7194511551636552,0,,,,
40056,0.9997485513657588,0.43895497404192096,0.7193517627038399,0,,,,
30920,0.9994292504517901,0.4391716332741138,0.719300441862952,1,205.45445470617932,205.45445470617932,,
26351,0.9996614033855501,0.4387123698539469,0.7191868866197485,0,,,,
29738,0.9993331042250061,0.43898888133550473,0.7191609927802554,0,,,,
59492,0.8282555264746723,0.6099346875236149,0.7190951069991436,4,794.5338931011689,1093.3069098290414,-1.9397659301757812,4.0
60426,0.7692827889557059,0.6688051667266663,0.7190439778411861,2,1596.4842921637685,2665.9163771923345,,
65288,0.7391783095529583,0.6988492437744742,0.7190137766637162,3,3476.068555856204,6591.321776814638,-0.7072327733039856,3.0
66946,0.9927703443300173,0.4451221036551227,0.71894622399257,5,727.0089174104897,948.4772252321297,-0.797983705997467,4.0
66932,0.9826812933915392,0.45503173929689444,0.7188565163442169,4,816.6831541109719,926.3720164115819,0.7321043014526367,4.0
30297,0.999070864402649,0.4381584413680104,0.7186146528853297,0,,,,
5905,0.9952691524257419,0.44153025494868847,0.7183997036872152,0,,,,
61715,0.8011259798397241,0.6352603058422277,0.7181931428409759,4,1558.6740304853765,1618.7675975445416,-1.051792025566101,4.0
60523,0.9983223452289905,0.4364263464155853,0.7173743458222879,1,878.610092294723,878.610092294723,,
29108,0.9986433943583356,0.43605971198531923,0.7173515531718274,0,,,,
62323,0.9725241893816811,0.46182984934374005,0.7171770193627105,11,1384109258.6517334,1509943485260.0098,-176533.859375,4.0
62671,0.9995081220534923,0.434768968554774,0.7171385453041331,0,,,,
61729,0.8420674834433659,0.5921442981427048,0.7171058907930353,3,1661.8721408723138,1907.4769185567443,0.7440609335899353,3.0
63369,0.992313121476042,0.4408472004160522,0.7165801609460472,4,589.8795457061769,988.5647907912297,0.850976824760437,4.0
62770,0.805406435875808,0.6277394093324051,0.7165729226041065,3,904.0601920561531,1001.7190964853397,0.23780453205108643,3.0
30365,0.9994260097185821,0.4337075499833637,0.716566779850973,0,,,,
43068,0.999355785073972,0.43373287623628165,0.7165443306551269,2,973.4466087937597,1701.0370262547117,,
59377,0.9364926023344367,0.49629220204477287,0.7163924021896048,6,637.4390654377963,1243.0724788896443,-2.201993227005005,4.0
54405,0.9995318067664258,0.43309956809456396,0.7163156874304949,0,,,,
57722,0.9990898757832347,0.43327042436305485,0.7161801500731448,0,,,,
38732,0.9995359187595169,0.43261784892428146,0.7160768838418992,0,,,,
21418,0.999464296226851,0.4323955034811461,0.7159298998539985,0,,,,
932,0.999156339197784,0.4325629116432854,0.7158596254205347,0,,,,
61107,0.9995746454896868,0.4321374583263229,0.7158560519080048,0,,,,
67150,0.9973576799990954,0.4338926498871353,0.7156251649431153,1,1438.3594023654905,1438.3594023654905,,
4667,0.9992345255018832,0.4316545492097206,0.7154445373558018,0,,,,
14180,0.9997022031972497,0.4311833428490969,0.7154427730231733,0,,,,
33945,0.9997563799831615,0.43074212784835675,0.7152492539157591,0,,,,
51971,0.8569529026617451,0.573053898340993,0.715003400501369,6,256.3322587392145,921.8660834387321,-2.73374080657959,4.0
29972,0.9995222162444345,0.43043791424677336,0.714980065245604,0,,,,
65342,0.9720563385665117,0.4573458724562337,0.7147011055113728,3,835.8499206888396,1372.755023712432,0.43635666370391846,3.0
45611,0.9992660253721795,0.42965101986262333,0.7144585226174014,1,925.9994524269052,925.9994524269052,,
63746,0.9909454746988613,0.4379502691911372,0.7144478719449993,4,822.7382254341425,1699.574229045104,-35.65903854370117,4.0
12560,0.9995108465271608,0.4293388824259703,0.7144248644765656,0,,,,
45578,0.8916075716738711,0.5372057757584265,0.7144066737161487,7,72.96053729451043,829.8198486333399,,
23496,0.9912639035450841,0.43732933894172576,0.714296621243405,0,,,,
30288,0.9992394169409761,0.429332414676033,0.7142859158085045,1,144.5373672284684,144.5373672284684,,
54397,0.9995717363607536,0.4289500138536798,0.7142608751072167,3,195.09139166464217,765.0610990395937,,
7191,0.9897605463885972,0.43845979725517004,0.7141101718218836,0,,,,
15071,0.9995358051295762,0.4285183447684737,0.714027074949025,0,,,,
54455,0.9992639009230828,0.4285237543168263,0.7138938276199546,1,215.37819247928113,215.37819247928113,,
36601,0.9995804935155875,0.42794834148670735,0.7137644175011475,0,,,,
41060,0.9996446643186194,0.42786900727866095,0.7137568357986401,0,,,,
47803,0.6796937649742625,0.7476033489048405,0.7136485569395514,1,1695.5793340108883,1695.5793340108883,,
155,0.9996199361454986,0.427550759519743,0.7135853478326208,0,,,,
30283,0.9989476765957306,0.42786467930659944,0.713406177951165,0,,,,
67548,0.9976528735086219,0.42805049808913354,0.7128516857988777,3,341.5703741505447,398.4663252809669,-3.349397897720337,3.0
45190,0.9241087442622049,0.5011762739252692,0.712642509093737,1,649.1748369548277,649.1748369548277,,
66201,0.9738394838760149,0.45132556946763014,0.7125825266718225,3,1033.4008232718577,1235.1322260845118,0.7282167077064514,3.0
4421,0.9996448420737863,0.4255021005867803,0.7125734713302834,0,,,,
65965,0.9762644424677112,0.4484730556331592,0.7123687490504351,1,1545.6249915043234,1545.6249915043234,,
32573,0.9953230477941183,0.42928195986374607,0.7123025038289321,1,425.694697719339,425.694697719339,,
39438,0.9991131074513921,0.4254646646580875,0.7122888860547398,0,,,,
35689,0.9997389113589662,0.4244816373155058,0.7121102743372361,0,,,,
62236,0.7771908469972244,0.6469428122296097,0.712066829613417,3,927.1281888253435,934.1138350345359,0.46300050616264343,3.0
61354,0.999385551695528,0.42474467041662345,0.7120651110560757,0,,,,
61707,0.7550357640007423,0.6689402768549988,0.7119880204278706,3,1408.962184068425,1606.7038219498522,0.8246553540229797,3.0
61528,0.7573329416275129,0.6665009609985442,0.7119169513130286,4,1339.3663891335225,1350.6791479255,0.2356254607439041,4.0
30125,0.9996149594312481,0.42399196526590766,0.7118034623485778,0,,,,
59170,0.886298466335326,0.537265503940848,0.7117819851380871,7,221.21142270043012,1633.5191252905133,-282.9920959472656,4.0
30663,0.9984299441933133,0.42465681922729304,0.7115433817103032,0,,,,
10752,0.997229945054653,0.42580503995406405,0.7115174925043586,0,,,,
739,0.9995567641175795,0.42317112294451786,0.7113639435310487,0,,,,
7850,0.9995917768353373,0.42256965851100825,0.7110807176731728,0,,,,
43681,0.9996317489299326,0.42250271326115685,0.7110672310955447,0,,,,
66638,0.9869294254322115,0.4348306314971242,0.7108800284646679,3,889.1527836745149,1142.4464215497276,-9356.0986328125,3.0
52158,0.9995602008530169,0.42205012050520263,0.7108051606791097,0,,,,
4712,0.9995956932791482,0.42200215721582435,0.7107989252474862,0,,,,
64464,0.986639525473985,0.43487693850463527,0.7107582319893102,5,762.6765207708704,807.235548800888,-27.562095642089844,4.0
56910,0.8507059476987978,0.5707415560770552,0.7107237518879266,3,178.11721872241893,1043.1506228634107,,
10627,0.9991857850627576,0.4222013907309692,0.7106935878968634,0,,,,
46335,0.902921963617902,0.5184392358472465,0.7106805997325742,1,850.1324615875108,850.1324615875108,,
45567,0.9108754662658576,0.5102747345219478,0.7105751003939027,4,259.6245114410053,951.4238611033014,-1.1972423791885376,4.0
59106,0.9995966501965069,0.42151653659098853,0.7105565933937477,0,,,,
65112,0.9837034060589349,0.43697607706663566,0.7103397415627852,5,109647.19716010633,4141825.1275910297,-18.811433792114258,4.0
60984,0.9996312456629441,0.4207863340718442,0.7102087898673941,0,,,,
4698,0.9993319822815901,0.4210713820772345,0.7102016821794124,0,,,,
59207,0.9238411018602561,0.4964872276766795,0.7101641647684678,7,372.3915864736256,1135.0793506153905,-272.98809814453125,4.0
66828,0.6257737751502906,0.7943368320370033,0.710055303593647,2,5362.303494469712,5954.428597257546,,
47652,0.8273086405777461,0.5924565656772044,0.7098826031274752,3,500.34114122147736,538.8533310105406,-9.311551094055176,3.0
60628,0.9995884116067437,0.4196271867761223,0.709607799191433,0,,,,
46,0.9995661867081529,0.419586105143802,0.7095761459259775,0,,,,
10544,0.9997162904124978,0.41905584004781626,0.709386065230157,0,,,,
47566,0.9625033001087819,0.4560432605904261,0.709273280349604,1,672.6890272989615,672.6890272989615,,
13874,0.9997225321912201,0.4185424836199635,0.7091325079055918,0,,,,
29988,0.9996574501098506,0.4183947229385019,0.7090260865241762,0,,,,
60849,0.9993477176718117,0.41865219206901827,0.708999954870415,0,,,,
10338,0.9994865677620351,0.4181943091092839,0.7088404384356595,0,,,,
39357,0.9996275374096631,0.4179971462656368,0.70881234183765,0,,,,
28230,0.999606775232257,0.4173200975254401,0.7084634363788486,0,,,,
29860,0.9995794401597661,0.4173474231230476,0.7084634316414069,0,,,,
41899,0.9996303596537076,0.4172532066381792,0.7084417831459434,0,,,,
33966,0.999574739170241,0.41725862723690466,0.7084166832035728,0,,,,
26081,0.9917484500921637,0.4249031265546308,0.7083257883233973,0,,,,
45650,0.9994688682153164,0.41662068090891013,0.7080447745621132,0,,,,
34015,0.9994592361967998,0.4163327323351731,0.7078959842659864,0,,,,
2389,0.9997526120685829,0.41583026280278734,0.7077914374356851,0,,,,
26234,0.999627660441104,0.41588677305869826,0.7077572167499011,0,,,,
34525,0.9997269511903233,0.41571311928427035,0.7077200352372968,0,,,,
56775,0.7278940418769366,0.6872563072130509,0.7075751745449937,1,3260.3559561010616,3260.3559561010616,,
46687,0.9163375302690566,0.4987479729790928,0.7075427516240747,4,425.276176649445,594.3489533573248,-4.472106456756592,4.0
29765,0.9981291748606286,0.41690603769165635,0.7075176062761425,0,,,,
44534,0.982172229135771,0.4321555857804238,0.7071639074580973,9,272.48092685805665,1155.7025712919087,-107.75598907470703,4.0
61382,0.9993028071126527,0.4149691311351449,0.7071359691238988,0,,,,
4765,0.9993924438882856,0.4147045611589576,0.7070485025236216,2,796.960353067691,1239.9830445623022,,
40113,0.9994960774593539,0.4144887816738676,0.7069924295666108,0,,,,
37227,0.9996923724201586,0.41415657781204573,0.7069244751161021,0,,,,
55007,0.9986565802954748,0.4143358669607007,0.7064962236280877,2,816.1858575743009,1359.547245137376,,
28374,0.9996420596217633,0.4133184682524591,0.7064802639371113,0,,,,
45206,0.8793910350941382,0.5334538807406984,0.7064224579174183,4,281.37011557762906,1047.0410330546188,0.09125879406929016,4.0
64516,0.9840518502202872,0.428755577942878,0.7064037140815826,3,732.9095858969381,1810.4697540779066,0.41335466504096985,3.0
18428,0.9981153289390796,0.41394125691688666,0.7060282929279831,1,282.93036283072985,282.93036283072985,,
21255,0.9995514739468863,0.41248530937096184,0.706018391658924,0,,,,
60652,0.9993283345381372,0.412014897463131,0.7056716160006341,1,288.02482411961995,288.02482411961995,,
60638,0.9994535285052488,0.411211664668914,0.7053325965870814,1,668.1330863310139,668.1330863310139,,
39090,0.999620115670156,0.4107649819679271,0.7051925488190416,0,,,,
65312,0.9760640326752319,0.4343090255059623,0.7051865290905971,6,818535685.5392456,2921693325042.7246,-1520780.5,4.0
53665,0.8108715436773736,0.598716286702978,0.7047939151901759,3,603.779414225959,1022.4305766042991,-0.5716741681098938,3.0
9965,0.9977250501865425,0.4118216472488535,0.7047733487176979,0,,,,
29942,0.999653242145284,0.4097552386308846,0.7047042403880843,0,,,,
28443,0.9992328826514417,0.40991247785500484,0.7045726802532233,0,,,,
18764,0.9995678614075589,0.4091370261888675,0.7043524437982132,0,,,,
45823,0.9991668642646886,0.40949600742851766,0.7043314358466031,0,,,,
65469,0.991317530015851,0.4171217047435608,0.704219617379706,4,619.1944120690274,1692.505551163175,0.6627870798110962,4.0
29871,0.9994696866960504,0.40887935479051585,0.7041745207432831,0,,,,
8836,0.9994011752565526,0.4085639646357324,0.7039825699461425,0,,,,
66351,0.9004133563153883,0.5074221742140272,0.7039177652647077,5,553.433421133438,1882.028810925917,-16.03255844116211,4.0
29934,0.9997128233249887,0.40802080890970305,0.7038668161173458,0,,,,
66433,0.9944127111280927,0.41330659064408626,0.7038596508860895,3,1003.6267476454115,1419.4472390980966,0.7660341262817383,3.0
17024,0.9973212093074836,0.4103320571903686,0.703826633248926,0,,,,
62633,0.9996625964306112,0.4079490167241293,0.7038058065773702,0,,,,
61745,0.9994355042557033,0.4079598704684103,0.7036976873620568,0,,,,
56122,0.8463585598299711,0.560394308308654,0.7033764340693125,3,205.35307441515027,1285.3357929453032,-1.408514380455017,3.0
34325,0.9995423974731844,0.40689223750291514,0.7032173174880498,0,,,,
9962,0.9996529030693716,0.4066025090637978,0.7031277060665847,0,,,,
31124,0.9995379842490189,0.40664348883023227,0.7030907365396255,0,,,,
53807,0.9985963319536728,0.4075208711987137,0.7030586015761933,0,,,,
66082,0.9910809177420169,0.4148156060658076,0.7029482619039122,3,844.8898495198632,1286.448049809195,-0.539825975894928,3.0
20564,0.9996648836598373,0.4059402307867871,0.7028025572233122,0,,,,
23908,0.9996862038382175,0.405914432696978,0.7028003182675977,0,,,,
60961,0.9994722409225926,0.4060594377280766,0.7027658393253347,0,,,,
62643,0.9990910923842735,0.40643714742684967,0.7027641199055616,1,621.7362800431498,621.7362800431498,,
44771,0.9080473208503373,0.4970195484112576,0.7025334346307974,2,334.239443231717,466.00866962161376,,
463,0.9995808609711613,0.40545546333365834,0.7025181621524098,0,,,,
33982,0.9995873319324802,0.4053423181648905,0.7024648250486853,0,,,,
30071,0.9997214406336938,0.4051782362561147,0.7024498384449043,0,,,,
67146,0.9980726203062599,0.40661259088345403,0.702342605594857,1,1069.755617016489,1069.755617016489,,
30758,0.9995524153878698,0.404898171521899,0.7022252934548844,0,,,,
20561,0.9995154643928523,0.40485211183006975,0.702183788111461,0,,,,
65892,0.9758907121153606,0.4283891369260442,0.7021399245207024,3,1134.8442905969198,1459.74135756278,0.803342342376709,3.0
45559,0.9976089629109137,0.4066370359086279,0.7021229994097709,0,,,,
50163,0.7036358819148083,0.7002810330187431,0.7019584574667757,1,1605.929486550303,1605.929486550303,,
2177,0.99948842850184,0.4041787966131726,0.7018336125575063,0,,,,
26181,0.9996943879829584,0.4038042928182589,0.7017493404006087,0,,,,
34472,0.999050304877446,0.4041574892752493,0.7016038970763476,1,192.9111282040253,192.9111282040253,,
61633,0.7467685802086199,0.6563960242349578,0.7015823022217889,3,812.5354546677294,1159.2294782338572,-3.688153028488159,3.0
30092,0.9996148945216558,0.40347044917491637,0.701542671848286,0,,,,
12745,0.9995179222670386,0.4031609671861679,0.7013394447266033,0,,,,
41138,0.9993118508014892,0.40335010115183834,0.7013309759766637,0,,,,
66092,0.9902485379283291,0.4119464912218619,0.7010975145750955,3,968.0827306329243,1873.001748680366,0.65275639295578,3.0
46786,0.918005343354767,0.48394830667786626,0.7009768250163166,1,682.7150870958808,682.7150870958808,,
30596,0.9995010547743017,0.4023331537528786,0.7009171042635902,0,,,,
56421,0.7520006544702383,0.6495001125569302,0.7007503835135842,2,304.65978363058616,422.1769048323827,,
19954,0.9954845496882246,0.4057495766129433,0.7006170631505839,0,,,,
65395,0.8019805751219785,0.5991447277903952,0.7005626514561869,2,4472.686157591629,4543.628435652436,,
30202,0.999713272043532,0.400947565642196,0.7003304188428641,0,,,,
61250,0.9276422830873537,0.47284745386917015,0.700244868478262,4,329.01457030915515,457.87237367499756,-3.7293543815612793,4.0
643,0.9996279249258584,0.40042675145167184,0.7000273381887652,0,,,,
67141,0.9923967358077431,0.4074410552022173,0.6999188955049802,2,955.0707590062515,1585.8159436532544,,
21422,0.999679792429038,0.40012625741410424,0.6999030249215712,0,,,,
53093,0.999548231444215,0.3999516905934126,0.6997499610188138,0,,,,
65056,0.7908833402978923,0.60850644253245,0.6996948914151712,3,2131.390956311354,3912.785376602581,-64.56709289550781,3.0
54963,0.9992052464677275,0.4001657208770172,0.6996854836723723,0,,,,
39770,0.9996490668104927,0.3996765471537935,0.6996628069821431,1,601.8719897654153,601.8719897654153,,
45555,0.8401571946213736,0.55914608726471,0.6996516409430418,2,458.74927646145716,462.0233431826336,,
39420,0.999585734298691,0.3993251635558648,0.699455448927278,0,,,,
16389,0.9996946402249781,0.39913410529204585,0.699414372758512,0,,,,
65930,0.9964086616399457,0.40229609467966454,0.6993523781598051,4,1018.7025648018074,1802.7833253447395,0.5940104722976685,4.0
54385,0.9988467381817054,0.3998131300187524,0.6993299341002289,0,,,,
54885,0.9994688948244812,0.3986479228906572,0.6990584088575692,0,,,,
21126,0.9995971106304636,0.39844144185832187,0.6990192762443928,0,,,,
60537,0.99955397733208,0.39846652709606667,0.6990102522140733,0,,,,
43627,0.9994282309210734,0.3984519005646049,0.6989400657428391,1,173.09442497043656,173.09442497043656,,
54506,0.9994027659600666,0.3984193839660656,0.698911074963066,0,,,,
60758,0.9996130809660803,0.39792753590100893,0.6987703084335446,0,,,,
64363,0.8595710538692364,0.5375349185562261,0.6985529862127313,3,2786.9440554485755,4194.5588254240065,-6.405036449432373,3.0
45730,0.9985025221037479,0.398566586485818,0.698534554294783,0,,,,
66149,0.9705139124893036,0.42654671362043917,0.6985303130548715,3,1021.5285262456518,2609.6836249427192,0.5313335061073303,3.0
59643,0.7762316617514062,0.6207866628542712,0.6985091623028388,2,1142.4314071723827,1432.0178802039195,,
13943,0.999507203846968,0.39740649748839196,0.69845685066768,0,,,,
59302,0.8569455801501158,0.5397696582782664,0.6983576192141911,4,544.4293751792579,1487.0957844211039,-65.61082458496094,4.0
33793,0.9995646354983605,0.39708103695021857,0.6983228362242895,0,,,,
26220,0.9995611125418606,0.3970391511115834,0.698300131826722,0,,,,
55588,0.7585936046334343,0.63797063112382,0.6982821178786272,2,643.0581930420838,893.3011770080587,,
5183,0.999127080127145,0.3972610815048494,0.6981940808159972,0,,,,
65875,0.9934182716879263,0.40272091844707736,0.6980695950675018,4,948.7477488658768,1585.187082494544,0.5560775399208069,4.0
64583,0.988812472090303,0.40730749538358,0.6980599837369414,2,295.2414336878647,481.92518816724044,,
65653,0.8760514810904682,0.519286024907712,0.6976687529990901,3,5269.848430563214,5450.164075933585,0.9367246627807617,3.0
30931,0.9986246730998151,0.3963825448555113,0.6975036089776632,0,,,,
12185,0.9996635781373366,0.39532614223618756,0.6974948601867621,0,,,,
30709,0.9995897010909365,0.395304283651589,0.6974469923712627,0,,,,
61861,0.6884934399856845,0.7063611946561117,0.697427317320898,3,1149.0150971517403,1191.9298594541476,0.2851391136646271,3.0
54516,0.9995818123213707,0.39517095982756467,0.6973763860744677,0,,,,
65478,0.9912356107422503,0.40346223677456183,0.6973489237584061,4,913.6832869170111,1710.0801329576202,0.8014271855354309,4.0
65833,0.979300337282876,0.41520709899381325,0.6972537181383447,3,1373.611226268599,1482.7205672343835,0.6977518200874329,3.0
14812,0.9995279958158609,0.39475288837134537,0.6971404420936032,0,,,,
30291,0.999629535323457,0.3945919587063371,0.6971107470148971,0,,,,
17270,0.9995356224886216,0.39460871959981825,0.6970721710442199,0,,,,
21674,0.9995628152832523,0.394528073411898,0.6970454443475751,1,234.2215393854098,234.2215393854098,,
20881,0.999461937744601,0.39460979331048174,0.6970358655275414,0,,,,
61276,0.999231738969274,0.3947306892800856,0.6969812141246798,2,249.5215176470698,255.87183604034976,,
13948,0.9997523219300387,0.3941327400692384,0.6969425309996385,0,,,,
4047,0.9996940345802436,0.39406709853703115,0.6968805665586374,0,,,,
21905,0.9988345390837654,0.3945437467903986,0.6966891429370821,1,539.1040876955232,539.1040876955232,,
34388,0.999468249020634,0.39385941879235253,0.6966638339064932,0,,,,
34544,0.9991179214435869,0.3937731927974062,0.6964455571204966,0,,,,
34430,0.9995842420081791,0.39247301936930634,0.6960286306887427,0,,,,
22326,0.9994137041082565,0.3926115216464173,0.696012612877337,0,,,,
54437,0.9994936929239079,0.3924652269395065,0.6959794599317072,0,,,,
54476,0.9996678022132117,0.3922666348286854,0.6959672185209486,0,,,,
64137,0.987569556869034,0.4043436590580405,0.6959566079635373,2,690.7021704591676,832.8516523764026,,
56142,0.6940496489988341,0.6978625718779231,0.6959561104383787,2,629.6193116847056,1036.7208286505404,,
23105,0.9996545099759291,0.39186773531142105,0.6957611226436751,0,,,,
34127,0.9995701012686778,0.3918190276638819,0.6956945644662799,0,,,,
10261,0.9986275568447448,0.3925656989794917,0.6955966279121182,1,444.25930115032645,444.25930115032645,,
29969,0.9995517776629992,0.39157569743444753,0.6955637375487234,1,186.32121114106172,186.32121114106172,,
43519,0.9935657568162655,0.3975190850087622,0.6955424209125138,2,324.9971205973149,477.79927918427666,,
64526,0.9917880701947693,0.3989290545397498,0.6953585623672596,4,394.46197459939447,846.394568793622,-0.7617086172103882,4.0
54280,0.999635047440495,0.3909950135329423,0.6953150304867186,0,,,,
65648,0.9939040270487648,0.3961959544306092,0.695049990739687,4,826.6415053354009,1371.9212861283097,-2.154881238937378,4.0
25730,0.9996754974697053,0.3899674661059741,0.6948214817878398,1,201.23649680501126,201.23649680501126,,
39152,0.9994883960274658,0.3900524190168344,0.6947704075221501,0,,,,
26033,0.9995623528912683,0.389878217101186,0.6947202849962271,0,,,,
54394,0.9996581112884193,0.38955056888709316,0.6946043400877562,0,,,,
58595,0.7271236415882087,0.6617611943460695,0.6944424179671391,5,847.1053199855569,3265.3418275143868,0.46025240421295166,4.0
14865,0.9994679878773689,0.3893388112079309,0.69440339954265,0,,,,
31297,0.9994182600364163,0.38909085198849747,0.6942545560124569,0,,,,
26077,0.9996086084843666,0.38883655895775315,0.6942225837210598,0,,,,
58992,0.9975001000544166,0.39087495368779623,0.6941875268711064,10,1133.321497387679,5356.18731229284,0.06159490346908569,4.0
22612,0.9995393820864712,0.38880540663457974,0.6941723943605255,0,,,,
47143,0.9148582890213234,0.4734105764692156,0.6941344327452694,6,67.34302630854168,388.5729650863887,,
54427,0.9994357332979747,0.3888270180601071,0.6941313756790409,0,,,,
65237,0.8110975280905277,0.5767596914741275,0.6939286097823276,4,3995.872790917838,4638.8349338405715,-6.13172721862793,4.0
18697,0.9993488807676252,0.38826561093067324,0.6938072458491492,0,,,,
12262,0.9996158641707541,0.3879469465756331,0.6937814053731937,0,,,,
54550,0.9997301072136703,0.38769099428742304,0.6937105507505467,0,,,,
54567,0.9993037105983253,0.38790642697331856,0.693605068785822,0,,,,
17842,0.999565032209013,0.38750881786019487,0.693536925034604,0,,,,
29994,0.999236854896824,0.38780475439030515,0.6935208046435646,0,,,,
10568,0.9996090696942777,0.38701789322456426,0.693313481459421,0,,,,
66813,0.9888279864389885,0.39766096357962366,0.6932444750093061,4,1132.9829366585639,1396.6082791339927,-409.59393310546875,4.0
67574,0.9908432416817513,0.39551805474386126,0.6931806482128062,4,630.5295887202511,2556.2200120420916,-0.5977002382278442,4.0
20281,0.9996638801745528,0.3866705604765208,0.6931672203255368,0,,,,
29891,0.9996411549576043,0.38638925060222196,0.6930152027799131,0,,,,
30339,0.9994222087935398,0.3865454532093052,0.6929838310014225,0,,,,
60432,0.704654957044575,0.6813006214619124,0.6929777892532437,2,1586.1420619536784,2668.7215260440776,,
14914,0.9997002658556444,0.38614602473974113,0.6929231452976927,0,,,,
18698,0.9996471731416956,0.3859057873906485,0.692776480266172,0,,,,
48719,0.9994822277956904,0.3858239230050594,0.6926530754003749,0,,,,
65791,0.7717151027186059,0.6133004597741725,0.6925077812463891,2,5652.804596832635,6301.237292855741,,
63732,0.982926849928731,0.4017667090470881,0.6923467794879096,4,672.2178242706105,1226.4750671307706,-0.46653130650520325,4.0
54267,0.9996571380462329,0.38501277432654635,0.6923349561863896,0,,,,
27942,0.9995011872905987,0.3850521682974336,0.6922766777940161,0,,,,
3267,0.9978849288452426,0.38630125590083064,0.6920930923730366,2,257.60717205414335,333.74654345893487,,
7959,0.9996104460684763,0.38441322470680517,0.6920118353876408,0,,,,
65181,0.7013571676466219,0.6825249751650548,0.6919410714058384,4,4632.285289546322,6921.05401219957,0.6143113970756531,4.0
12218,0.9994291806534606,0.3842709485440108,0.6918500645987358,0,,,,
13029,0.9994237286948873,0.38425203077979375,0.6918378797373406,0,,,,
60868,0.999207978853293,0.3844241357834747,0.6918160573183838,1,339.00426480784523,339.00426480784523,,
29978,0.999466154640607,0.3839526229326702,0.6917093887866386,0,,,,
62585,0.9908880990249349,0.392395251514171,0.6916416752695529,8,6931.277634083322,43932.660499851925,-7.508819580078125,4.0
62616,0.9994145530377692,0.3836712598558569,0.691542906446813,0,,,,
65497,0.9861503996656622,0.3964895823570712,0.6913199910113668,3,768.4622449942208,1610.7679069785306,0.7187030911445618,3.0
65481,0.9586235073290166,0.423973302725162,0.6912984050270893,4,923.140647083279,1623.4543075297802,0.7833318114280701,4.0
34375,0.9995665067077671,0.3827066238614095,0.6911365652845883,0,,,,
2150,0.9993905649322915,0.38277606923194574,0.6910833170821187,1,214.81584217030178,214.81584217030178,,
65414,0.9962358072651301,0.3858096008231079,0.691022704044119,3,289.7915039986166,364.90413072116434,-0.32643041014671326,3.0
54467,0.9995208592065417,0.3824117935125757,0.6909663263595587,0,,,,
25395,0.9996177443646661,0.38219679911241544,0.6909072717385407,0,,,,
4594,0.9995224883500896,0.38221780782763237,0.690870148088861,0,,,,
31090,0.9993719403813146,0.3823252862583667,0.6908486133198406,1,658.9590980303896,658.9590980303896,,
34009,0.9997648986537966,0.38187469751471226,0.6908197980842544,0,,,,
14905,0.9979681776439017,0.38348178075604533,0.6907249791999734,0,,,,
54597,0.9996342485514019,0.38122446266207666,0.6904293556067393,0,,,,
61075,0.9995170737518739,0.38131913224649083,0.6904181029991824,0,,,,
34508,0.9995484601326508,0.38078212256635025,0.6901652913495004,0,,,,
12669,0.9996925716938708,0.3806282994769006,0.6901604355853856,0,,,,
43644,0.9994716848955312,0.38073967604011705,0.6901056804678241,0,,,,
66235,0.9796884246827965,0.40005004504604347,0.68986923486442,3,778.5619003946802,1018.7118287054395,-0.4998561143875122,3.0
61106,0.9992237724163949,0.38050737141238034,0.6898655719143876,1,326.2128469858328,326.2128469858328,,
4249,0.9996588802038207,0.37995571401508066,0.6898072971094507,0,,,,
37225,0.9996586545363674,0.3799488883289701,0.6898037714326688,0,,,,
1668,0.9995172207748788,0.38001750705667126,0.6897673639157751,0,,,,
60580,0.9994407954189591,0.37971208376005494,0.689576439589507,0,,,,
55523,0.9997321486224754,0.3793582876736318,0.6895452181480536,0,,,,
2980,0.9997163402158954,0.37928688315850223,0.6895016116871988,0,,,,
64301,0.7061625803703562,0.6724247975497328,0.6892936889600445,2,2256.012193310485,2885.5570651916714,,
54390,0.9996179272384356,0.3789030801258385,0.6892605036821371,0,,,,
12664,0.9996369557188542,0.3788782701552643,0.6892576129370593,0,,,,
29600,0.9996692545503686,0.3786687761028025,0.6891690153265855,0,,,,
20014,0.9990740677870171,0.3792297635012797,0.6891519156441483,0,,,,
43819,0.9996027843296268,0.3785855218010089,0.6890941530653178,0,,,,
60639,0.9994432357344112,0.37834396440325335,0.6888936000688323,0,,,,
5155,0.9993752217977179,0.37836630633417,0.6888707640659439,0,,,,
19429,0.9984818349089676,0.3792263044618227,0.6888540696853951,0,,,,
30619,0.9994229237366821,0.37815578158511687,0.6887893526608995,0,,,,
44931,0.9991490352420731,0.37838797610389907,0.6887685056729861,1,376.0327080995234,376.0327080995234,,
30382,0.9995190692410826,0.37788812576988084,0.6887035975054817,0,,,,
54887,0.9995340512118716,0.377828805335363,0.6886814282736173,0,,,,
65869,0.9656524803619883,0.4116154534420915,0.6886339669020398,4,527.5281508191555,1490.88265789887,0.43565016984939575,4.0
12204,0.999591331838317,0.37757996563354357,0.6885856487359303,0,,,,
38960,0.9995268791566194,0.37759648836928195,0.6885616837629507,1,200.8972063571149,200.8972063571149,,
53501,0.8078814483360327,0.5689553767678199,0.6884184125519264,4,588.0145364528018,765.9871208287001,0.6619471311569214,4.0
59875,0.9153066746701382,0.4614672550269838,0.688386964848561,3,749.9422746116762,1590.008635959622,-3.9582602977752686,3.0
34564,0.9997764211082076,0.37663271653852815,0.6882045688233679,0,,,,
34323,0.9996272307632974,0.37668055465874384,0.6881538927110207,0,,,,
23480,0.9957238640284589,0.38024269895470053,0.6879832814915797,0,,,,
57124,0.7236838982100762,0.6522059763420589,0.6879449372760675,3,201.99784443666994,940.4545757111155,-1.1608331203460693,3.0
61316,0.99903624278247,0.37659271992975796,0.687814481356114,0,,,,
64200,0.9994990661306791,0.37606493419160436,0.6877820001611417,2,418.1954255218832,691.2789421808369,,
54300,0.9996794206108126,0.3757662255507723,0.6877228230807925,0,,,,
34576,0.9994097651078334,0.3759171271041253,0.6876634461059794,0,,,,
54461,0.9995994677686594,0.3753068503890532,0.6874531590788563,0,,,,
3911,0.999411204071565,0.3754893268060371,0.6874502654388011,0,,,,
63493,0.8547539045128163,0.5201262178308308,0.6874400611718235,5,630.8031580714627,1180.916203556662,0.27898097038269043,4.0
25157,0.9990736062386517,0.37561570993032345,0.6873446580844875,3,230.29199412880024,516.9221164030115,0.5426059365272522,3.0
34046,0.9994524185767973,0.3752004323838052,0.6873264254803013,0,,,,
65788,0.9836907191312184,0.39083038115849655,0.6872605501448574,1,1920.3926214256217,1920.3926214256217,,
22575,0.9994536391974866,0.37482851106398796,0.6871410751307373,1,541.9078876042352,541.9078876042352,,
61175,0.9995920093499626,0.3746299316280175,0.6871109704889901,0,,,,
62252,0.9807201811437719,0.39329571072120606,0.6870079459324889,10,160.95293505174388,131439.9242195227,,
245,0.9994848799393227,0.3745297790322438,0.6870073294857832,0,,,,
67158,0.9975861360439972,0.3759076258222822,0.6867468809331396,5,601.5173094338161,840.8086752714789,-9.738969802856445,4.0
61435,0.9995705321121131,0.37383044296705603,0.6867004875395846,0,,,,
60719,0.9996412170739226,0.3736230046485044,0.6866321108612135,0,,,,
60578,0.9996979132124126,0.3734992811792379,0.6865985971958253,0,,,,
60540,0.9995436045086427,0.3735851845818621,0.6865643945452524,0,,,,
64492,0.9666142982077931,0.4064781886291753,0.6865462434184841,6,696.8237060691996,902.2724008662657,0.5043817758560181,4.0
29758,0.9995919396877946,0.3733165018600363,0.6864542207739155,0,,,,
30525,0.9992726911247944,0.3736062583095656,0.68643947471718,0,,,,
1804,0.9996712180801016,0.37307322754675043,0.686372222813426,0,,,,
24091,0.9994916340934672,0.3731487198708445,0.6863201769821559,0,,,,
26259,0.9996592163261018,0.3729452352077546,0.6863022257669282,0,,,,
30357,0.9991961317326825,0.37340685133376517,0.6863014915332238,0,,,,
40263,0.9996009684655871,0.37297482977958873,0.6862878991225879,0,,,,
29966,0.9994549820281952,0.373062902881117,0.6862589424546561,0,,,,
5094,0.9996085162252775,0.37283089757191357,0.6862197068985956,0,,,,
12164,0.9997033697778702,0.3726399769384272,0.6861716733581487,0,,,,
28317,0.9995184357140259,0.37253088335792794,0.6860246595359769,0,,,,
12759,0.9997006790102928,0.37232040415745293,0.6860105415838729,0,,,,
30867,0.9993165373477562,0.37253416338127854,0.6859253503645173,1,265.08256408857955,265.08256408857955,,
46142,0.8862720554498261,0.4853403475349032,0.6858062014923647,1,501.9799456320242,501.9799456320242,,
26313,0.9996699195587779,0.3719269176817237,0.6857984186202508,0,,,,
12404,0.9995531418093536,0.3720321855569695,0.6857926636831615,0,,,,
54389,0.9989137250376126,0.3722272030203376,0.685570464028975,0,,,,
614,0.9994521706210318,0.37146239523743785,0.6854572829292348,1,135.78913912086497,135.78913912086497,,
63379,0.9680982441061323,0.4027644420828186,0.6854313430944754,6,335.8787375516177,694.6439411298473,0.5301618576049805,4.0
29998,0.999620487710108,0.37117772468579546,0.6853991061979517,0,,,,
12211,0.9992803743481583,0.37147835349481284,0.6853793639214856,0,,,,
54358,0.9997175275449183,0.37098814434592886,0.6853528359454235,0,,,,
7014,0.9995576892302664,0.371051904511137,0.6853047968707018,0,,,,
26091,0.9996464222923699,0.37090909520151527,0.6852777587469425,0,,,,
33791,0.9994215571470894,0.37105659907932487,0.6852390781132072,0,,,,
65787,0.9762185501594778,0.39419395178708994,0.6852062509732839,1,924.7204518418903,924.7204518418903,,
25563,0.999587132582505,0.3707691053877762,0.6851781189851406,0,,,,
54395,0.9992490223895661,0.37100434758738043,0.6851266849884733,0,,,,
65776,0.98917066038397,0.38102656817414815,0.685098614279059,2,1499.3049366748664,2575.5928294776922,,
51962,0.7833040035427612,0.5868129489038756,0.6850584762233184,5,340.90647814766936,1735.995830269963,-6.389944076538086,4.0
21809,0.9995868295011856,0.3704578494558364,0.685022339478511,0,,,,
51963,0.7978977878612394,0.5721252537174087,0.6850115207893241,3,394.5307744932828,1830.8485192632816,-3.9053947925567627,3.0
66639,0.967441141047213,0.40252170838884493,0.684981424718029,2,1070.400321278268,1117.4921407827298,,
41792,0.9996876011811051,0.370071131618392,0.6848793663997486,0,,,,
24926,0.9997046935117497,0.3699438859240217,0.6848242897178858,0,,,,
57064,0.9097549739948542,0.45988489353388984,0.684819933764372,5,182.10610900301967,1112.8589732298333,,
5716,0.9994631313383142,0.36999297404861564,0.6847280526934649,0,,,,
58945,0.8789152118809509,0.4904562446006878,0.6846857282408194,8,454.18006755139686,3750.864635209439,-42.03586196899414,4.0
16613,0.9995507710250964,0.3698153077991253,0.6846830394121108,0,,,,
51645,0.9996934358326741,0.369584936344033,0.6846391860883536,0,,,,
66533,0.9946700046173662,0.37448370644254325,0.6845768555299547,4,1059.0110946887894,1459.3703978685517,-3.9753925800323486,4.0
22351,0.9993069521640398,0.36983135711221105,0.6845691546381254,0,,,,
65746,0.8799369302904818,0.48908028057298336,0.6845086054317326,4,903.5196881026341,1656.8938220807008,0.89716637134552,4.0
56191,0.9952675449982503,0.3736928065706604,0.6844801757844554,4,187.42314667814762,199.1504788413271,,
30441,0.9995430344061597,0.3694159472092582,0.684479490807709,0,,,,
64035,0.9161214203745593,0.4526892596862301,0.6844053400303947,2,3540.776250609044,6818.89505373665,,
53754,0.9992542951993956,0.36947656155324415,0.6843654283763199,0,,,,
14506,0.999579503292496,0.36899644686575994,0.684287975079128,0,,,,
34793,0.9994781751837036,0.3688509318701956,0.6841645535269496,0,,,,
21284,0.9996379150504084,0.3686016182965305,0.6841197666734695,0,,,,
117,0.9995544214650115,0.3685301708183887,0.6840422961417001,0,,,,
61347,0.9995418129261989,0.36836672955443406,0.6839542712403165,0,,,,
30789,0.9997421463141655,0.36806313968794235,0.683902643001054,0,,,,
9799,0.999368734744065,0.36834667900090534,0.6838577068724851,1,172.6491263298335,172.6491263298335,,
65775,0.9960731471144382,0.3715390241874966,0.6838060856509673,2,1058.677650300854,1538.5369126236785,,
33779,0.999393477982663,0.36812813681310885,0.6837608073978859,0,,,,
66926,0.9712949712747176,0.39594698611897083,0.6836209786968442,5,744.0362743025921,827.8099414012025,0.2656386196613312,4.0
33999,0.9995364334541662,0.3676791339421719,0.6836077836981691,0,,,,
35866,0.9995508762568069,0.3676527120233334,0.6836017941400702,0,,,,
12705,0.9995325713219805,0.36744606913234834,0.6834893202271644,0,,,,
18765,0.9995341575529423,0.36743496403670606,0.6834845607948241,0,,,,
12710,0.9996649036276142,0.36716038345287927,0.6834126435402468,0,,,,
25028,0.9994883343827458,0.3672097046632792,0.6833490195230125,0,,,,
4173,0.9995440764345408,0.3667817714352485,0.6831629239348946,0,,,,
58191,0.768549007670453,0.5977693723080963,0.6831591899892746,4,1240.0510769548623,2236.725261240292,-0.22176170349121094,4.0
19256,0.9996587172957889,0.3665521994816415,0.6831054583887153,0,,,,
54511,0.9995390366598703,0.3664454161611318,0.6829922264105011,0,,,,
66361,0.9839640654446817,0.38195318576857584,0.6829586256066288,5,406.98134162782026,1416.2962562158373,0.3834123909473419,4.0
30388,0.999534112824574,0.3662123816481837,0.6828732472363789,0,,,,
30370,0.9996055326974576,0.3660103515644575,0.6828079421309575,0,,,,
17800,0.9992989749078406,0.3658456861749778,0.6825723305414092,0,,,,
46709,0.8616839230408536,0.5031003083522674,0.6823921156965604,8,67.46053038428039,603.4173259700101,,
56164,0.9990674787294584,0.3656255870935451,0.6823465329115017,0,,,,
64896,0.9803802803247131,0.3842474398165643,0.6823138600706387,0,,,,
33928,0.9996276218099232,0.36495307039028035,0.6822903461001018,0,,,,
5871,0.9993026200476911,0.36507383086025025,0.6821882254539706,0,,,,
59743,0.7259512097711311,0.6383436317249541,0.6821474207480427,2,1330.68873209726,1632.001460584538,,
23907,0.9995777307853063,0.36469464116680494,0.6821361859760556,0,,,,
35686,0.9995963668693839,0.3645152794134894,0.6820558231414366,0,,,,
41128,0.998688048793082,0.36542329563888476,0.6820556722159834,2,450.1024063084188,574.7738784757103,,
67023,0.7102030322997239,0.6538952628276985,0.6820491475637112,3,3017.064870529998,7664.525286743706,-2.5351431369781494,3.0
5485,0.9990565160558316,0.3647319027395124,0.681894209397672,0,,,,
22340,0.999205494538069,0.3645160804405966,0.6818607874893328,0,,,,
14780,0.9996026012663796,0.36372292631738323,0.6816627637918814,0,,,,
61292,0.999691230455606,0.36354038670054656,0.6816158085780764,0,,,,
66117,0.9900114446382077,0.37315675795875813,0.6815841012984829,2,1373.0058161867532,2017.547567629192,,
40037,0.999435844162981,0.36361740574685386,0.6815266249549174,0,,,,
48176,0.999017790514337,0.36400709125995945,0.6815124408871482,0,,,,
66237,0.9807634255891606,0.38182334385683214,0.6812933847229964,5,668.1558268381119,870.4136513605066,-0.24395377933979034,4.0
16203,0.9994072356569498,0.363114104231121,0.6812606699440353,0,,,,
59366,0.7996738917168693,0.5625788643939992,0.6811263780554342,3,1342.6295797349776,1616.321862049543,-7.711338520050049,3.0
61317,0.9995957997008225,0.36257575709706347,0.681085778398943,0,,,,
45814,0.9705049993105143,0.3915940991698136,0.6810495492401639,1,212.6363956980472,212.6363956980472,,
65959,0.9975905695548911,0.3644038708748477,0.6809972202148694,3,1586.7897703115927,1659.9241531043513,-1.1722363233566284,3.0
20850,0.999535610973371,0.3619399892291595,0.6807378001012652,0,,,,
67149,0.9974144826973981,0.363670511971226,0.680542497334312,1,1159.7353443647544,1159.7353443647544,,
60759,0.9996519354637037,0.36131306195188817,0.680482498707796,0,,,,
63438,0.8524334000408085,0.5083503866645638,0.6803918933526861,6,808.2527385177697,1214.4712937021304,-11.41104793548584,4.0
54353,0.9992792036547483,0.36132689142707164,0.68030304754091,0,,,,
26196,0.9994839915787915,0.3610823587077687,0.6802831751432801,0,,,,
12263,0.9984627614181562,0.36193375742283185,0.6801982594204941,0,,,,
12713,0.9996392723639895,0.3606917129976084,0.680165492680799,0,,,,
13502,0.9995809598233152,0.3603701694956988,0.6799755646595069,0,,,,
66227,0.9871163269976596,0.37255891825036724,0.6798376226240135,6,498.23752338138496,1430.5266111546282,-3.339340925216675,4.0
10820,0.9995690819634727,0.3599974429497399,0.6797832624566063,0,,,,
58092,0.8707991960277369,0.4887028463464097,0.6797510211870733,5,130.34918319886802,2172.1767500986343,,
30251,0.9995891584051066,0.3593810622406912,0.6794851103228989,0,,,,
27848,0.9996538043045767,0.358920970986073,0.6792873876453249,0,,,,
34567,0.9991187480858906,0.3594048163706166,0.6792617822282536,0,,,,
55500,0.721684069405989,0.636594220780576,0.6791391450932824,2,570.4639310715577,955.3523109582297,,
34276,0.9995331285268131,0.35872418664511796,0.6791286575859655,0,,,,
45361,0.9272698205825411,0.43093837267144397,0.6791040966269926,5,106.67210106755081,700.5087326697785,,
30057,0.9992972386686659,0.35869253258725686,0.6789948856279614,1,172.77372126410634,172.77372126410634,,
324,0.9994632516586076,0.35832841191281684,0.6788958317857122,0,,,,
31117,0.9996534510672469,0.35808145989462237,0.6788674554809346,0,,,,
66146,0.985343982941281,0.37233843934612076,0.6788412111437009,3,744.7980545702029,1880.9623785724023,0.5960435271263123,3.0
18965,0.9993068788947908,0.35834888877701465,0.6788278838359028,0,,,,
58276,0.9995617177520191,0.3579027739646624,0.6787322458583407,0,,,,
10886,0.9995019692955408,0.35772134045583437,0.6786116548756875,0,,,,
12703,0.9995044281620401,0.3572551603992964,0.6783797942806682,0,,,,
33408,0.9993523631824918,0.3573508076653713,0.6783515854239315,0,,,,
30301,0.9996449210387696,0.3570243439708978,0.6783346325048336,0,,,,
61728,0.8424233582604477,0.5141284351881166,0.6782758967242821,4,1639.6548528882536,1892.2249789613916,-3.683094024658203,4.0
20903,0.9996789870687264,0.35685294167945014,0.6782659643740883,0,,,,
40032,0.9996302039266433,0.3568566664783791,0.6782434352025112,0,,,,
20510,0.999607883534894,0.3568211217798084,0.6782145026573512,0,,,,
17639,0.999371853531633,0.35636330351794265,0.6778675785247879,0,,,,
47728,0.7765083849149922,0.5791411562076573,0.6778247705613247,1,735.7195035084493,735.7195035084493,,
61329,0.999642621712095,0.3559709998533366,0.6778068107827158,0,,,,
57069,0.6812787745470785,0.6740931357356,0.6776859551413392,2,597.8492437929816,991.3545972059356,,
3785,0.9982276281454169,0.35707818721471896,0.6776529076800679,1,395.75858159164244,395.75858159164244,,
52937,0.9674537671122021,0.38777394278007604,0.677613854946139,1,329.10221374370934,329.10221374370934,,
60819,0.9993548978903641,0.3555050658958683,0.6774299818931162,0,,,,
4084,0.9996210667221206,0.35522220901114254,0.6774216378666316,0,,,,
48179,0.9994652281728951,0.35528070975984904,0.6773729689663721,0,,,,
45775,0.9989380604870747,0.3557322685252706,0.6773351645061727,1,630.0476269834999,630.0476269834999,,
11991,0.9995717269776987,0.3548825401825729,0.6772271335801359,0,,,,
34115,0.999674382185365,0.3546997830876857,0.6771870826365254,0,,,,
55582,0.9677771220729187,0.3864934233594075,0.677135272716163,6,180.0252723991327,1781.234869876107,,
67091,0.9709081030153554,0.38333098823262357,0.6771195456239895,3,299.0300761242311,307.4101381001405,0.07630040496587753,3.0
39213,0.9996051422069192,0.35461569801878834,0.6771104201128537,0,,,,
18517,0.9994951244233159,0.35443697918247785,0.6769660518028968,0,,,,
59099,0.9996058370904004,0.3542497651876515,0.676927801139026,0,,,,
54970,0.9994439598769964,0.35420220104092837,0.6768230804589623,0,,,,
8969,0.9995926101145338,0.3539384935233594,0.6767655518189466,0,,,,
1590,0.997228251950858,0.3562632600594643,0.6767457560051611,0,,,,
154,0.9997371539394837,0.3534725140134857,0.6766048339764847,0,,,,
64910,0.9693345444607796,0.3836163066782895,0.6764754255695345,3,676.9868183915872,751.8070113750565,-524.0468139648438,3.0
27769,0.9992760653987838,0.3536201968079673,0.6764481311033755,0,,,,
40436,0.9994968477463971,0.35332194682798035,0.6764093972871887,0,,,,
18866,0.9990479749699935,0.3532943433812328,0.6761711591756132,0,,,,
54471,0.9997391656545234,0.3525923645284399,0.6761657650914816,0,,,,
30274,0.9996678334442854,0.3526628254931993,0.6761653294687424,0,,,,
9681,0.9996800768681198,0.3525425531813807,0.6761113150247502,0,,,,
645,0.9992218125535552,0.3529169871673704,0.6760693998604628,0,,,,
66075,0.9476123575367121,0.404507599395983,0.6760599784663476,4,686.9658379558682,1443.6054030354908,0.40669485926628113,4.0
16591,0.9995690973590926,0.3522067154868097,0.6758879064229512,0,,,,
1859,0.9993989171596082,0.3523177263944164,0.6758583217770122,0,,,,
43767,0.999569198476975,0.35171760087539394,0.6756433996761845,0,,,,
48609,0.999643039797918,0.3515521036047117,0.6755975717013148,0,,,,
60633,0.9995361898621281,0.3515835134696911,0.6755598516659096,0,,,,
56539,0.7448276623344074,0.6061153433482999,0.6754715028413536,5,182.89667310829176,1017.105188204006,,
26142,0.9989842456601773,0.35195085944958093,0.6754675525548791,0,,,,
64494,0.9945479994377361,0.355875767678412,0.675211883558074,4,647.8596983767387,676.571973759397,0.7755905389785767,4.0
34021,0.9994989204167498,0.3507695202831611,0.6751342203499555,0,,,,
60620,0.9995866233563971,0.35046922616226317,0.6750279247593302,0,,,,
544,0.9995721528312399,0.35023472239487996,0.6749034376130599,0,,,,
26347,0.9996110679587191,0.3499937723669211,0.6748024201628201,0,,,,
27600,0.9995997925373824,0.3497399873099507,0.6746698899236665,0,,,,
9022,0.9997494991340766,0.3494680187977477,0.6746087589659122,0,,,,
28894,0.9995462772925042,0.34949499441886034,0.6745206358556823,0,,,,
46619,0.9971792264925663,0.3518380460581676,0.674508636275367,1,259.5493774628896,259.5493774628896,,
34796,0.9996186901360868,0.34929122210156316,0.674454956118825,0,,,,
325,0.9993792551594353,0.34943771773775045,0.6744084864485929,0,,,,
46537,0.8741949485507806,0.4745084372161249,0.6743516928834528,9,44.77487941610517,691.0014193149718,,
12708,0.9991630319527902,0.34946852863366795,0.6743157802932291,0,,,,
4968,0.9995343226656903,0.34872229954363565,0.674128311104663,0,,,,
58749,0.8144750891772277,0.5334957356261769,0.6739854124017023,5,929.3518050182857,3141.3736347268396,-1.0440480709075928,4.0
30569,0.9995806669457642,0.3483523322913814,0.6739664996185728,0,,,,
3686,0.999538670927302,0.3483155062373836,0.6739270885823427,1,211.36196277493173,211.36196277493173,,
30496,0.9995696830451054,0.3482839649073537,0.6739268239762295,0,,,,
18597,0.9986281428959463,0.34895906240353713,0.6737936026497418,0,,,,
10578,0.999709650836473,0.3478447038894156,0.6737771773629443,0,,,,
66331,0.9553572865915716,0.39201777586937536,0.6736875312304735,3,1042.1146823829101,1325.955103291611,0.420584112405777,3.0
58232,0.7342656621403758,0.613078897660612,0.6736722799004939,5,306.567287987106,1790.226452625969,-88.16510772705078,4.0
12250,0.9996681734199525,0.3475644040226832,0.6736162887213178,0,,,,
51968,0.8706813193704491,0.47632289584654386,0.6735021076084965,5,378.0709788491677,869.5294071136049,-12.750128746032715,4.0
33316,0.9995799059409688,0.3473453147631207,0.6734626103520447,0,,,,
65360,0.972050740033386,0.3747347267258029,0.6733927333795944,4,550.4078913941396,827.5069083247312,0.6911591291427612,4.0
58185,0.8518227004192973,0.4948655131513535,0.6733441067853254,4,1055.3946813287666,2009.2201689851108,-63.857574462890625,4.0
40030,0.9996210756061583,0.34705828357060453,0.6733396795883815,1,175.4919371774138,175.4919371774138,,
48978,0.8297543530710352,0.5165624474147185,0.6731584002428768,9,22.71716207896779,1688.2981916024319,,
65859,0.9567141177822096,0.38913698488220727,0.6729255513322084,4,561.106544997198,1374.1122002998156,-1.7698673009872437,4.0
61278,0.9997003601243405,0.34609643690455005,0.6728983985144452,0,,,,
61363,0.9991105644646666,0.34666557646675467,0.6728880704657106,0,,,,
41414,0.9986321521969003,0.3470115124966766,0.6728218323467885,0,,,,
59131,0.9996885723619419,0.3456147771384438,0.6726516747501928,0,,,,
65041,0.9669078860622939,0.3783349588037834,0.6726214224330387,4,582.4611945266978,1774.8048504829374,0.5084733963012695,4.0
4687,0.9997594399026838,0.34542171206498884,0.6725905759838363,0,,,,
30417,0.9996148893973082,0.3451003202957359,0.6723576048465221,0,,,,
9696,0.9992753309183768,0.3454263108558786,0.6723508208871277,1,126.38820546035373,126.38820546035373,,
30683,0.9992364437983997,0.3451718695393058,0.6722041566688528,1,262.08947393456094,262.08947393456094,,
60765,0.9969233946648121,0.34743287348511953,0.6721781340749657,1,441.1137294574025,441.1137294574025,,
27608,0.9995883626567421,0.34442878313298597,0.672008572894864,0,,,,
61628,0.7439246585713299,0.6000803074445029,0.6720024830079164,3,1247.8185710418227,1327.3633128729691,0.7775858044624329,3.0
65640,0.9725600562172729,0.3713122864466192,0.671936171331946,4,834.4183859113315,1387.17501071716,-1.2541768550872803,4.0
30306,0.9995920069581025,0.3442257722991171,0.6719088896286098,0,,,,
61418,0.9996543843429967,0.3437447144644027,0.6716995494036997,0,,,,
5519,0.999504552568456,0.3437917796503085,0.6716481661093823,0,,,,
30177,0.9994944756362932,0.3437441071234373,0.6716192913798653,0,,,,
60830,0.999628707249528,0.34359251456975215,0.67161061090964,0,,,,
54265,0.9994747463594391,0.3437149390595925,0.6715948427095157,0,,,,
424,0.9994008070409519,0.3436322804371753,0.6715165437390636,0,,,,
2401,0.9996925185120101,0.34315977425409094,0.6714261463830505,0,,,,
30212,0.9995082590423836,0.34328841187180636,0.6713983354570949,0,,,,
3124,0.9994084229738444,0.3433741315755642,0.6713912772747043,0,,,,
28356,0.9995357498149336,0.3432294393185712,0.6713825945667524,0,,,,
26442,0.9995552450015828,0.343139709222941,0.6713474771122618,0,,,,
13503,0.9994762259881081,0.3428982381461618,0.671187232067135,0,,,,
26385,0.9996973763339486,0.3425776551334867,0.6711375157337176,0,,,,
38766,0.9994141786124764,0.3428273076003294,0.6711207431064029,1,394.80648429686516,394.80648429686516,,
21434,0.9981539448976262,0.34405178031309935,0.6711028626053628,0,,,,
17843,0.9990454476898175,0.34311881405752354,0.6710821308736705,0,,,,
4659,0.9995087349706242,0.3421934804146195,0.6708511076926218,0,,,,
55061,0.9996507737612894,0.3418296344287748,0.6707402040950321,0,,,,
23546,0.9997270562188371,0.3415831982220068,0.670655127220422,0,,,,
65782,0.9895616705405252,0.3517455574991658,0.6706536140198456,2,799.3511167500583,1105.7651153437996,,
29844,0.999550953598126,0.34158427660321933,0.6705676151006726,0,,,,
54545,0.9996959646223301,0.341101126978992,0.670398545800661,0,,,,
20912,0.9996022833523183,0.3411851155151836,0.6703936994337509,0,,,,
42846,0.9995461793274864,0.3408744365816435,0.6702103079545649,0,,,,
24883,0.999331733111713,0.3410192286623165,0.6701754808870147,0,,,,
58230,0.7242705814551391,0.6160801938441824,0.6701753876496608,4,570.9674805533579,1699.6740434307853,0.39590170979499817,4.0
26835,0.9995266249844059,0.3407911866872786,0.6701589058358423,0,,,,
66600,0.9728573658275902,0.36740862261797136,0.6701329942227807,3,1226.371199747791,1508.153330751188,0.4945378601551056,3.0
60970,0.9996522538399528,0.3406052714560316,0.6701287626479921,1,183.39000262863712,183.39000262863712,,
21448,0.9994682421593112,0.34056335178325403,0.6700157969712826,0,,,,
16382,0.999449735095212,0.3405734224985135,0.6700115787968628,0,,,,
13574,0.9996219250800588,0.3402604373460335,0.6699411812130461,0,,,,
17619,0.9996404286286622,0.3398331520397617,0.669736790334212,0,,,,
26026,0.9992414455532693,0.34012471943222766,0.6696830824927484,0,,,,
12767,0.9993090283868066,0.3400386164339265,0.6696738224103665,0,,,,
66257,0.9333499795579989,0.40597575903564553,0.6696628692968223,3,826.6269854801686,1088.2932901467282,0.6747572422027588,3.0
62639,0.9995878648536467,0.33970047990655683,0.6696441723801018,0,,,,
60439,0.7103466619200208,0.6284900784550549,0.6694183701875378,2,1818.9500053108022,2955.2092015789813,,
66523,0.9896083370987653,0.34894137883001963,0.6692748579643925,3,1271.6536958840122,1571.3597040423415,-0.37582144141197205,3.0
54869,0.6932105069681729,0.6451878518549837,0.6691991794115784,2,765.7743753476924,1336.8402725427948,,
64598,0.956051714737626,0.38222239302549876,0.6691370538815624,4,673.0093198802153,824.0479220593724,0.5197994709014893,4.0
64675,0.7749452965795394,0.5632855667762535,0.6691154316778964,3,858.507807667736,972.6047529214037,0.7119690775871277,3.0
61524,0.7931694625394425,0.5448943318148338,0.6690318971771382,4,1336.2609761090114,2195.2691771359373,0.6445522308349609,4.0
30088,0.9997246607251928,0.3382432110124144,0.6689839358688037,0,,,,
38424,0.99014309997096,0.347490881438947,0.6688169907049535,0,,,,
12698,0.99943125265571,0.33801582362754046,0.6687235381416252,0,,,,
33773,0.9995328820656784,0.3378778340890848,0.6687053580773816,0,,,,
58464,0.9995294395979327,0.33770286034656627,0.6686161499722495,0,,,,
45635,0.998702615095236,0.3385087143243639,0.6686056647098,0,,,,
18693,0.9925920936993656,0.344567570973926,0.6685798323366459,0,,,,
54822,0.7016284161768469,0.6355298163203336,0.6685791162485902,3,201.1455288915341,1098.138397615365,-0.7025529742240906,3.0
58131,0.7517209140912436,0.5848180629453692,0.6682694885183065,4,727.470265692112,1365.3128295401557,-35.67756271362305,4.0
56926,0.9186537886437891,0.4178460084620984,0.6682498985529437,3,211.13434244403408,1179.0726010412984,0.1047365665435791,3.0
22604,0.9993984967287483,0.33703053372700664,0.6682145152278774,0,,,,
39452,0.9995192681101158,0.33689889476715884,0.6682090814386373,1,499.8158717479393,499.8158717479393,,
12167,0.9996481289740746,0.33675148376655506,0.6681998063703148,0,,,,
7836,0.999544557060916,0.33685279226615616,0.6681986746635361,0,,,,
59224,0.9994576522640801,0.3367346445206021,0.6680961483923411,0,,,,
17754,0.9991698701336217,0.33698442722971433,0.668077148681668,0,,,,
25227,0.9995091981664268,0.3364672639480717,0.6679882310572492,0,,,,
12553,0.9996679778622702,0.3361138719416288,0.6678909249019496,0,,,,
24903,0.999301219233545,0.33640014837775156,0.6678506838056483,0,,,,
55547,0.9995481714891163,0.3361463525972266,0.6678472620431715,0,,,,
13808,0.9995020695364908,0.3360675991177141,0.6677848343271025,1,177.31620592218147,177.31620592218147,,
27941,0.9996886295048947,0.335798667184782,0.6677436483448383,0,,,,
41428,0.9994922927634563,0.3359541869556628,0.6677232398595596,0,,,,
31563,0.9994294487550666,0.33587507077393564,0.6676522597645012,0,,,,
33911,0.9994014587757213,0.33552136090216744,0.6674614098389444,0,,,,
25286,0.9994518891034205,0.33540535297386787,0.6674286210386442,0,,,,
16969,0.999593740210153,0.335225105953632,0.6674094230818925,0,,,,
1641,0.9993895801937629,0.33535684375094665,0.6673732119723548,0,,,,
40088,0.9995883663296348,0.3350501459717484,0.6673192561506915,0,,,,
54412,0.9996854532692577,0.3347346872628155,0.6672100702660366,0,,,,
60817,0.9996075384344751,0.33466561853949395,0.6671365784869845,0,,,,
22327,0.9996134040479607,0.33453224705049445,0.6670728255492275,0,,,,
42829,0.9986664602558292,0.33545469779978165,0.6670605790278055,0,,,,
22451,0.9994409234271573,0.3346579314711925,0.667049427449175,0,,,,
27422,0.9997055081296458,0.3343634367412004,0.6670344724354231,0,,,,
54702,0.9995484936318368,0.3341384262071271,0.6668434599194819,0,,,,
58517,0.7891187371438081,0.5443323300648627,0.6667255336043354,4,896.8485300730006,3864.609950384692,-0.6705005168914795,4.0
54968,0.9996180884710872,0.33382531849576536,0.6667217034834263,0,,,,
61865,0.6438208153507462,0.6894252431530652,0.6666230292519058,3,1378.710470271669,1444.994833122065,0.6529574990272522,3.0
29051,0.9996586375692816,0.3334937785016949,0.6665762080354882,0,,,,
61915,0.7834315347536023,0.5495731828734347,0.6665023588135185,4,663.2629538779676,856.421440319491,-12.362584114074707,4.0
14466,0.9994419152180322,0.33329446391622397,0.6663681895671281,0,,,,
65275,0.7436577441692664,0.5889027257668831,0.6662802349680748,3,4021.4956177315826,9304.440650599787,-220.2871551513672,3.0
58725,0.8979887723519687,0.43455932921567697,0.6662740507838228,8,624.8547803503523,2777.0150144780328,-4.706784725189209,4.0
1942,0.9987815564999293,0.3335474727827664,0.6661645146413478,0,,,,
40908,0.9995182529580332,0.33277029359455157,0.6661442732762923,0,,,,
34004,0.9995364508243783,0.33257387474604305,0.6660551627852107,0,,,,
876,0.9994848842835357,0.3326021374706313,0.6660435108770835,0,,,,
61095,0.9995371156194713,0.33244577309266055,0.6659914443560659,0,,,,
22362,0.9996071795296015,0.3322176808585593,0.6659124301940804,0,,,,
43477,0.9995397802749207,0.3322718551590288,0.6659058177169748,0,,,,
52947,0.9986575564818232,0.3330117007928075,0.6658346286373154,1,358.634532596827,358.634532596827,,
224,0.9993126116884378,0.33235257568794596,0.6658325936881919,0,,,,
956,0.999575526964906,0.3320620660463117,0.6658187965056088,0,,,,
58562,0.999127006405912,0.3325000889179677,0.6658135476619398,2,198.84648031153048,208.5851752193255,,
25941,0.99957656271261,0.3318519694790715,0.6657142660958407,0,,,,
24197,0.9996035226537975,0.33170997101563693,0.6656567468347172,0,,,,
54971,0.9996601586869924,0.3307523138599824,0.6652062362734874,0,,,,
20440,0.999582841444564,0.3308133299952325,0.6651980857198982,0,,,,
30241,0.9993406718619803,0.3309146653484073,0.6651276686051938,0,,,,
4749,0.9994946878689978,0.33052501163101533,0.6650098497500065,0,,,,
12236,0.9996606021763708,0.3302781776920829,0.6649693899342268,0,,,,
34053,0.9993832673115293,0.33026244960656204,0.6648228584590457,0,,,,
26074,0.999665389048783,0.3296450194532615,0.6646552042510223,0,,,,
66949,0.9896022735117709,0.33966501443595065,0.6646336439738607,3,736.2701687936109,939.2843504531991,0.8672316074371338,3.0
30138,0.9996445731677495,0.3293283831695464,0.6644864781686479,0,,,,
4611,0.9993787843124184,0.329432559158791,0.6644056717356047,0,,,,
30160,0.9993683081193756,0.3294069760464382,0.6643876420829069,0,,,,
30688,0.9996783384537764,0.32898403374683705,0.6643311861003067,0,,,,
54548,0.9995834418507822,0.3290362747416762,0.6643098582962292,1,140.0926107264653,140.0926107264653,,
7659,0.9994987344064186,0.3291168752430461,0.6643078048247324,0,,,,
22395,0.9994208768716693,0.3291640757110105,0.6642924762913398,0,,,,
54609,0.99970039661942,0.3285946738481902,0.6641475352338051,0,,,,
45586,0.9361819199255459,0.3920876160170308,0.6641347679712883,15,62.1459450161241,503.05171092630286,,
17620,0.9993460890647873,0.32888453248693117,0.6641153107758593,0,,,,
64570,0.9993960966780905,0.3288261669461656,0.664111131812128,0,,,,
30817,0.9988783772423179,0.3292933330792751,0.6640858551607964,1,233.57477714151187,233.57477714151187,,
22368,0.9996724585334018,0.32847585084990494,0.6640741546916533,0,,,,
27141,0.999470228934938,0.328525686554329,0.6639979577446335,0,,,,
55878,0.9994210903129682,0.3282507226359015,0.6638359064744348,0,,,,
30873,0.9994859266122367,0.32815536643508536,0.663820646523661,0,,,,
44968,0.8003449109055885,0.5271250198563624,0.6637349653809754,3,545.2933003079876,586.6694608578756,-1.3008958101272583,3.0
57814,0.7431329976514749,0.5839686138212712,0.663550805736373,4,166.3868224253432,856.0932629418318,,
41063,0.999685389323566,0.32724332844841,0.663464358885988,0,,,,
60666,0.9993038224510292,0.32753554039389465,0.663419681422462,0,,,,
40533,0.9991221549029471,0.32744482101921923,0.6632834879610832,0,,,,
7433,0.999614535606466,0.32692700208071146,0.6632707688435887,0,,,,
30669,0.9995161203638583,0.3265151819240676,0.6630156511439629,0,,,,
728,0.9997205778089523,0.3263014629377212,0.6630110203733368,0,,,,
2873,0.9996925643963332,0.3259371520577319,0.6628148582270326,0,,,,
30286,0.9995028050268261,0.32589689892851204,0.662699851977669,0,,,,
12666,0.9996146816937117,0.32567994478798423,0.6626473132408479,0,,,,
30699,0.9996306008320812,0.3256497254560241,0.6626401631440526,0,,,,
30884,0.9996038760996918,0.3255589804860204,0.6625814282928562,0,,,,
25420,0.9989354838219879,0.32607377476715116,0.6625046292945695,0,,,,
54995,0.9996237184863523,0.3253083270435565,0.6624660227649544,0,,,,
19260,0.9997103404077441,0.3251595935351047,0.6624349669714245,0,,,,
22500,0.9995258951931272,0.3252589257265951,0.6623924104598611,0,,,,
30143,0.9996856608712702,0.3250562920478317,0.6623709764595509,0,,,,
41065,0.999718581678172,0.3245056135377298,0.6621120976079509,0,,,,
21386,0.9994127401124198,0.32478245952694884,0.6620975998196843,0,,,,
41823,0.9996302638706568,0.3245435902576108,0.6620869270641339,0,,,,
14463,0.9993249302703232,0.3245702767969906,0.6619476035336569,1,200.86455348328602,200.86455348328602,,
47879,0.8060870522449971,0.5177866018946908,0.661936827069844,3,461.2188471385817,1145.7736289147701,-81.2807388305664,3.0
22601,0.9995493383125729,0.3242000919032454,0.6618747151079092,0,,,,
7363,0.9996488859497944,0.32390673033712825,0.6617778081434613,0,,,,
10574,0.9994736596312194,0.32400799728109453,0.661740828456157,0,,,,
26211,0.9993686381214859,0.3237975606268845,0.6615830993741851,0,,,,
716,0.9997006122904204,0.32307461966571727,0.6613876159780688,0,,,,
59577,0.8240186271527041,0.4986227697515282,0.6613206984521162,6,794.2940476330153,1852.9290333577133,0.4987870454788208,4.0
64503,0.9682617660185157,0.3542839758800609,0.6612728709492883,6,448.6515784740617,1630.9645209235161,-1.5672109127044678,4.0
22333,0.9995365191593519,0.32296183430902003,0.6612491767341859,0,,,,
62438,0.6992840910798168,0.6231847560391864,0.6612344235595016,4,825.7765490825304,829.7992219275617,0.8367092609405518,4.0
60820,0.9993927246044323,0.323017993284752,0.6612053589445921,0,,,,
34028,0.999077385562833,0.32326421315831355,0.6611707993605733,0,,,,
65484,0.9793463178859076,0.3428652053113981,0.6611057615986529,3,807.7610789053248,1445.6541713672425,0.11656872183084488,3.0
45227,0.9987894122215372,0.3230132727007492,0.6609013424611432,0,,,,
61426,0.999503676815862,0.32209941920335583,0.660801548009609,0,,,,
25225,0.9994605259793923,0.3220073069949464,0.6607339164871693,0,,,,
29932,0.9996536059059454,0.32179181525480816,0.6607227105803768,0,,,,
64685,0.8468606488589604,0.47400538687196037,0.6604330178654604,4,745.8211271685977,781.9866222279862,0.568406879901886,4.0
34683,0.9986159120400235,0.32212861838253337,0.6603722652112785,0,,,,
12209,0.999678054670644,0.32102427985185833,0.6603511672612512,0,,,,
18187,0.9995487495175169,0.32107349368732496,0.6603111216024209,0,,,,
46352,0.9338246500744252,0.38678551424801877,0.660305082161222,9,82.72641718996165,597.5378984594248,,
65531,0.7281426010675464,0.5921230443538646,0.6601328227107055,4,2290.8289329898553,2812.5581519145444,0.4948435127735138,4.0
59740,0.7286196663023554,0.5915953347189948,0.6601075005106751,3,1117.3507743611394,1340.660524914082,-2.074655294418335,3.0
47762,0.8197679943555759,0.5003409390529374,0.6600544667042567,3,531.3645923872164,771.3612454334873,-12.348529815673828,3.0
30880,0.9996047022336051,0.3204512501507675,0.6600279761921863,0,,,,
60641,0.999595805287027,0.3203683832190626,0.6599820942530448,0,,,,
7165,0.9982740513172653,0.321682132828509,0.6599780920728872,0,,,,
4774,0.9996513751175417,0.31999556302994103,0.6598234690737413,0,,,,
15783,0.999412291651298,0.3200332684613202,0.659722780056309,0,,,,
25791,0.9994148231412914,0.3198764749770445,0.659645649059168,0,,,,
720,0.99942861043327,0.31949770169264824,0.6594631560629591,0,,,,
13720,0.9994324259367131,0.31948531541324265,0.6594588706749779,0,,,,
30218,0.9995157094334083,0.31920279473857116,0.6593592520859897,0,,,,
44459,0.9994559864870599,0.319233216569354,0.659344601528207,1,521.5138868748587,521.5138868748587,,
65391,0.7181800613021625,0.6001808120017028,0.6591804366519327,2,4147.729216280401,4172.531575388832,,
43022,0.998970392311294,0.3193617134309549,0.6591660528711245,0,,,,
12741,0.9991501562572416,0.31889538481363744,0.6590227705354395,0,,,,
56167,0.9996839420031273,0.31830719013636166,0.6589955660697444,0,,,,
66035,0.9679499654858565,0.3500183613660136,0.658984163425935,5,10213.075126996378,126037.8979809326,-8434796.0,4.0
10709,0.9937373647327344,0.3241349261558939,0.6589361454443141,0,,,,
59649,0.9273695483859331,0.39035925750989076,0.6588644029479119,2,447.0168315191838,492.7343462927732,,
60944,0.7121767773321392,0.6052898135121056,0.6587332954221224,4,1391.4507892704405,1477.6552589840105,-0.2608020305633545,4.0
28413,0.9996261807856429,0.3177627980120592,0.6586944893988511,0,,,,
44611,0.9995342872598975,0.3178094034096971,0.6586718453347973,0,,,,
55871,0.999602456898745,0.31763127794356083,0.658616867421153,0,,,,
10221,0.9991999659825557,0.3178551883091896,0.6585275771458726,0,,,,
30971,0.9996497311844642,0.31733025735235865,0.6584899942684115,0,,,,
41354,0.9996518637534042,0.31731349335471326,0.6584826785540587,0,,,,
58298,0.9996239501374775,0.3171033713754018,0.6583636607564396,0,,,,
19656,0.9996327729221887,0.3170393280327217,0.6583360504774551,0,,,,
43812,0.9967531856703059,0.3198623986669452,0.6583077921686256,2,243.91172768191524,334.1461542039635,,
50324,0.9989116576798528,0.31754901855701223,0.6582303381184325,0,,,,
30062,0.9996397716833397,0.31672519702567115,0.6581824843545054,0,,,,
66477,0.9867786800938185,0.32951180744076913,0.6581452437672939,3,857.1527039650284,1145.6428518760774,0.6242836713790894,3.0
19126,0.9995689560383083,0.316469919228769,0.6580194376335387,0,,,,
56544,0.9622537422954898,0.35363505977357,0.6579444010345299,5,170.97145451733564,1063.9161472959445,,
39767,0.9995697839959866,0.31613430699270273,0.6578520454943446,0,,,,
54339,0.9996383277466415,0.31603721556735476,0.6578377716569981,0,,,,
244,0.9996611716718827,0.31599812171966946,0.657829646695776,0,,,,
61362,0.9996229775123532,0.31575287700266375,0.6576879272575085,0,,,,
35032,0.9993395795946582,0.31595449166359213,0.6576470356291252,0,,,,
65961,0.9952786902077211,0.3198120738960758,0.6575453820518984,1,1055.1079527353536,1055.1079527353536,,
10837,0.9948525516118165,0.3201477401450318,0.6575001458784242,0,,,,
44606,0.999494358015386,0.3153221730858172,0.6574082655506016,0,,,,
35052,0.9993894590094734,0.3153904856076899,0.6573899723085816,0,,,,
40411,0.9996905038829792,0.31506467695053864,0.6573775904167589,0,,,,
5076,0.9992334874385699,0.3154907271931797,0.6573621073158749,0,,,,
2872,0.999560420515041,0.3151420872546886,0.6573512538848648,0,,,,
44600,0.9994582487131097,0.3151000712671217,0.6572791599901158,0,,,,
23261,0.9995432235447953,0.314967637589457,0.6572554305671261,0,,,,
40570,0.9963089896007403,0.31818837393328747,0.6572486817670139,1,293.6178811506297,293.6178811506297,,
54276,0.9988813373760081,0.31551855288306674,0.6571999451295374,0,,,,
30918,0.9996787601014141,0.3146689934012108,0.6571738767513124,0,,,,
18639,0.9995261226033127,0.3147326736573338,0.6571293981303232,0,,,,
59752,0.7017933108237511,0.6123741085482532,0.6570837096860022,2,1377.341060851938,1523.5792667513676,,
55481,0.7502932082741849,0.5637921271158823,0.6570426676950336,3,181.8438317312906,888.853770205961,,
65904,0.9640644173217611,0.349919945537829,0.656992181429795,3,1163.0386808020316,1291.7749342390432,0.8930619359016418,3.0
4327,0.9994901158349094,0.3144146857868285,0.6569524008108689,0,,,,
63733,0.9081232330463213,0.4056323894897931,0.6568778112680571,4,796.7683451731396,2310.96883314219,-675.5357666015625,4.0
23091,0.9996239655173974,0.314089183097758,0.6568565743075777,0,,,,
12732,0.999343137170122,0.3138999446584797,0.6566215409143008,0,,,,
16408,0.9989824440269032,0.3141080190897281,0.6565452315583156,0,,,,
39432,0.999666061068723,0.3131703957695866,0.6564182284191549,0,,,,
18271,0.9992852301246552,0.31354121352287767,0.6564132218237664,0,,,,
64757,0.9087443896956621,0.4040588617467371,0.6564016257211995,3,849.4481616166738,1130.1512835501997,0.6400189399719238,3.0
65617,0.9793411971966172,0.33341957290888946,0.6563803850527533,2,350954.36070118024,467888.3641514109,,
25634,0.9996322049993874,0.31302239212382377,0.6563272985616055,0,,,,
10576,0.9994648093933373,0.31314161923316197,0.6563032143132497,0,,,,
58012,0.7775370921961238,0.5350036706990882,0.656270381447606,3,985.0738120195819,2412.1150251787917,-4.23520040512085,3.0
66976,0.9614744405254665,0.3510538705695786,0.6562641555475226,3,1097.7287360319758,1184.486694287637,-3.3335530757904053,3.0
29986,0.9996371735119663,0.31284268963407313,0.6562399315730197,0,,,,
65633,0.9953374451518096,0.3171086917802174,0.6562230684660135,4,855.2535912247843,1427.7138884833398,0.5774785876274109,4.0
4419,0.999645476433267,0.31267797415297416,0.6561617252931206,0,,,,
17025,0.9996007512382609,0.3126042956934978,0.6561025234658793,0,,,,
62575,0.9995924845326243,0.3125430941368228,0.6560677893347235,0,,,,
63201,0.6875324126453661,0.6245841096378872,0.6560582611416267,2,971.9971959887022,1043.5486303018188,,
55988,0.9614061258789761,0.35065537082606935,0.6560307483525227,6,266.09947163320777,1163.1247202570928,-3.43487548828125,4.0
24920,0.9993158804468509,0.3127005887665547,0.6560082346067029,0,,,,
56019,0.7460409340245713,0.5659125150987688,0.6559767245616701,3,217.2308977501747,1104.6868141421814,-45.37538146972656,3.0
41344,0.999403754590348,0.3124924610869201,0.655948107838634,0,,,,
52449,0.9985902133366985,0.3132300144156832,0.6559101138761909,3,284.48073964162273,1512.631404908653,-0.0007718403940089047,3.0
29789,0.999414546255516,0.31217035229439305,0.6557924492749545,0,,,,
48724,0.9995078226918044,0.31181339135709973,0.6556606070244521,1,170.01851251569775,170.01851251569775,,
34729,0.9996899466710207,0.31149116345192573,0.6555905550614732,0,,,,
235,0.9990115420267653,0.31209267367294025,0.6555521078498527,0,,,,
31507,0.999654069609896,0.31126244839742223,0.6554582590036591,0,,,,
45974,0.9979304198226311,0.3129813190821058,0.6554558694523684,0,,,,
35432,0.9977088755027271,0.31310773191094754,0.6554083037068373,2,370.6108217937802,371.3349553801962,,
30493,0.9995098121018073,0.3111086262056043,0.6553092191537058,0,,,,
12333,0.9989600877323941,0.3115429707550573,0.6552515292437258,0,,,,
23751,0.9994872868009844,0.31082122823220215,0.6551542575165933,0,,,,
65551,0.9860734154268074,0.3241356538614518,0.6551045346441295,2,3794.814415637634,4550.989160002753,,
22297,0.9992656613128522,0.3108595530022137,0.655062607157533,0,,,,
31285,0.9995205424448815,0.31050037270714426,0.655010457576013,0,,,,
2153,0.9993055756592558,0.3103771522653843,0.6548413639623201,0,,,,
131,0.9995591135210184,0.30994239457584016,0.6547507540484293,0,,,,
26227,0.9996082359677941,0.3098899912490991,0.6547491136084467,0,,,,
60366,0.7118977869017797,0.5975573250965869,0.6547275559991833,2,1706.122423699652,1982.941167904358,,
63459,0.9932386732045427,0.3162157354166193,0.654727204310581,7,655.4972837277629,812.2405466121355,0.23639628291130066,4.0
44564,0.9995939931199793,0.3094011067287915,0.6544975499243855,0,,,,
27453,0.999588626712406,0.30923707891095376,0.6544128528116799,0,,,,
39965,0.9995425038358791,0.3091127324522712,0.6543276181440751,0,,,,
34784,0.999232853522485,0.3090851595035299,0.6541590065130074,0,,,,
21333,0.9996496126378095,0.3085964677186346,0.6541230401782221,0,,,,
4161,0.9995597522069637,0.30839580916437326,0.6539777806856685,0,,,,
64933,0.8131516254093971,0.49475925429446665,0.6539554398519318,6,2890.771313201617,4562.275664875609,0.19868449866771698,4.0
66026,0.9753360388909743,0.3325002901886208,0.6539181645397976,3,893.3252474266537,1841.5515909067947,0.5675860047340393,3.0
60987,0.9995105094576029,0.30781992064151154,0.6536652150495572,0,,,,
61132,0.9997214367811716,0.3075441797646965,0.6536328082729341,0,,,,
29781,0.9996430320062136,0.3075527989257296,0.6535979154659717,0,,,,
61122,0.9994515496937397,0.30771105878967586,0.6535813042417078,0,,,,
37862,0.9964354748830545,0.31070650995577365,0.6535709924194141,1,271.3827098194971,271.3827098194971,,
19230,0.9987863363629084,0.3082658583757658,0.6535260973693371,0,,,,
30542,0.9993146299145403,0.3076492084641219,0.6534819191893311,0,,,,
45506,0.9994918926153207,0.3074377590081865,0.6534648258117536,0,,,,
22598,0.9994985218021802,0.3073726106701101,0.6534355662361452,0,,,,
57401,0.9989771494183549,0.30783892886403785,0.6534080391411964,2,137.61639300932862,156.81164401328758,,
655,0.9982166326459944,0.3085706895636712,0.6533936611048328,0,,,,
56540,0.8907966372896425,0.41598316256391654,0.6533898999267795,5,191.21310694590125,1334.9819951128352,,
35000,0.998845494137119,0.3078185930570231,0.6533320435970711,1,493.6802758324032,493.6802758324032,,
56260,0.999683829790692,0.3069155175137189,0.6532996736522054,0,,,,
60635,0.9994348558765833,0.3071073579295308,0.653271106903057,0,,,,
60442,0.7734646023353986,0.5330526692057875,0.6532586357705931,2,1543.2873030305573,2582.465166925657,,
12581,0.9957764255732555,0.3101733345005876,0.6529748800369215,0,,,,
38297,0.9995788685230709,0.3063342913408956,0.6529565799319832,0,,,,
39667,0.9994510451714393,0.3063042471940268,0.652877646182733,0,,,,
351,0.9995109870443227,0.3060698433983027,0.6527904152213126,0,,,,
25246,0.9993706768446106,0.30612940506514486,0.6527500409548777,0,,,,
34346,0.9994875766047456,0.30596540466436317,0.6527264906345545,0,,,,
55556,0.9995841168065767,0.30560819945015993,0.6525961581283684,0,,,,
42835,0.9993422623334183,0.3057056767387687,0.6525239695360935,0,,,,
55336,0.7567018614585075,0.5481024040115704,0.6524021327350389,4,194.03715902301602,974.6993858120685,,
21459,0.9997000868120195,0.30496826777064634,0.6523341772913329,0,,,,
47330,0.9983905187002594,0.3062328855002394,0.6523117021002494,1,200.13203205137432,200.13203205137432,,
402,0.9995006514639381,0.30508518577595223,0.6522929186199451,0,,,,
33795,0.9996383961926252,0.304862766254568,0.6522505812235966,0,,,,
4432,0.9994839865011003,0.30483984685380483,0.6521619166774526,0,,,,
30041,0.99948615886369,0.3048325666094638,0.6521593627365769,0,,,,
64461,0.7566841881556046,0.5475283511606899,0.6521062696581472,5,672.8019465664871,808.123961703272,-1.3267285823822021,4.0
31430,0.9996098338697412,0.30454500613557556,0.6520774200026584,0,,,,
62085,0.9984692111004735,0.30566576257828537,0.6520674868393794,3,448.58593678876275,3075.498645049692,-0.2537742257118225,3.0
66223,0.9754890332552499,0.328587841484111,0.6520384373696805,4,738.971598143127,1428.486635971419,0.2572871148586273,4.0
57402,0.9994272264625824,0.3044940352632304,0.6519606308629065,1,152.05156728232424,152.05156728232424,,
42441,0.9994068888250226,0.30442113394066406,0.6519140113828433,0,,,,
65713,0.9877898393735352,0.31587195161676396,0.6518308954951495,5,688.3157618570411,6810.91425463201,-30.47124671936035,4.0
47212,0.9993137044918567,0.30434500443052637,0.6518293544611915,0,,,,
23827,0.9993079269660203,0.30419454057045825,0.6517512337682393,0,,,,
61169,0.9992896235407689,0.3041701082861369,0.6517298659134529,0,,,,
27760,0.9993832456892561,0.30399474590568065,0.6516889957974683,0,,,,
54299,0.9993777107190178,0.30391198505819084,0.6516448478886043,0,,,,
22421,0.9991448566112524,0.304089066809336,0.6516169617102943,0,,,,
30328,0.9996786422491555,0.3033615826038456,0.6515201124265005,0,,,,
64566,0.9993509253542818,0.3036453104797786,0.6514981179170303,0,,,,
24944,0.999351119015315,0.30343688538694313,0.6513940022011291,0,,,,
34910,0.99880947759906,0.30392140453668715,0.6513654410678735,1,240.56550233335938,240.56550233335938,,
54936,0.9994922686184493,0.30319923703170315,0.6513457528250762,0,,,,
18418,0.9995133218392204,0.30303158373985606,0.6512724527895382,0,,,,
56272,0.9996182101960223,0.3028341212963812,0.6512261657462017,0,,,,
36596,0.9994650375915766,0.3029646185381132,0.6512148280648449,0,,,,
63832,0.5966319457164642,0.705629336607466,0.6511306411619651,2,1317.8771994778385,1468.3516319954808,,
59511,0.7857693650656974,0.5164880714168951,0.6511287182412963,3,1038.4170311059308,1521.668629852908,-1.5420671701431274,3.0
23310,0.9991568762102064,0.30308247270321564,0.651119674456711,0,,,,
4256,0.999502156012837,0.3026473225830486,0.6510747392979428,0,,,,
4855,0.999672698586599,0.30236985645009107,0.651021277518345,0,,,,
1864,0.999546931868055,0.3024916310694329,0.6510192814687439,0,,,,
43431,0.999145152601911,0.3027919109370325,0.6509685317694718,0,,,,
65891,0.7269983582488417,0.5747739442650295,0.6508861512569356,2,1989.013825435537,2256.4677336309524,,
11803,0.999572001400428,0.3021838683017334,0.6508779348510807,0,,,,
65956,0.9934796643822214,0.30818836363535873,0.65083401400879,6,505.2365247313664,734.8804367243498,-3.6982507705688477,4.0
22370,0.9996213489719719,0.3019547083545828,0.6507880286632773,0,,,,
31172,0.999169812809573,0.3021948843537329,0.6506823485816529,0,,,,
42680,0.9996067674184753,0.30168667972683716,0.6506467235726563,0,,,,
20682,0.9994562824869095,0.30168624609665395,0.6505712642917818,0,,,,
55597,0.7523745557080417,0.5487196144946791,0.6505470851013604,4,163.90812215545296,1625.9414749935006,,
31074,0.9992537035487101,0.30183090088944653,0.6505423022190784,0,,,,
65427,0.9839659079971848,0.31711040916806343,0.6505381585826241,3,535.8250688014277,998.0725724924836,0.5351662635803223,3.0
56209,0.9993533007587678,0.3015872933721365,0.6504702970654521,0,,,,
55515,0.9995643525508644,0.30115705056231745,0.6503607015565909,0,,,,
66796,0.9718915248097912,0.32880548850261937,0.6503485066562054,3,1525.302880616628,1666.647688942376,-1.7147716283798218,3.0
58354,0.7594106469840127,0.5409231831503032,0.650166915067158,3,991.6201563848664,2272.1907476039155,-0.7921249270439148,3.0
48732,0.9990965039074018,0.3010960297264831,0.6500962668169424,2,272.8234828613195,273.5363253086337,,
35846,0.9985623527897273,0.3015110437615117,0.6500366982756195,0,,,,
34816,0.9995115275173898,0.3003617452145362,0.649936636365963,1,208.7450148072885,208.7450148072885,,
64287,0.9723724433816471,0.32746494228307166,0.6499186928323594,7,10741591453.552246,2068717345595.3599,-31.686809539794922,4.0
61275,0.9995860374213029,0.29974009860672857,0.6496630680140157,0,,,,
61396,0.9994378842726055,0.29985228448612067,0.6496450843793631,0,,,,
59093,0.567948448927833,0.7313337893033289,0.649641119115581,2,917.6265184076259,1647.733193007788,,
13799,0.9996351610449556,0.2995460873567384,0.649590624200847,0,,,,
61912,0.6823268212957836,0.6168179304344624,0.6495723758651231,3,970.8391320534769,1110.6531322205665,-1648.6607666015625,3.0
65225,0.9655270587733316,0.3336142339110245,0.649570646342178,3,813.8563254230802,1166.8992417157049,0.3771592080593109,3.0
38013,0.9996844123533141,0.29943868414025554,0.6495615482467848,0,,,,
61287,0.9995432384309451,0.29947568236459066,0.6495094603977678,0,,,,
26844,0.9990995635091389,0.2995971770598128,0.6493483702844758,0,,,,
16392,0.9994376355442597,0.2991954698996807,0.6493165527219702,0,,,,
54452,0.9992794670852233,0.29920409772121304,0.6492417824032182,0,,,,
38762,0.9996903181306517,0.29870244947606805,0.6491963838033599,0,,,,
3744,0.999594940055487,0.2986620589450061,0.6491284995002465,0,,,,
43807,0.9994825797563277,0.2987494844318803,0.6491160320941041,0,,,,
537,0.9996254687980559,0.2985988638246455,0.6491121663113507,0,,,,
39964,0.9990097767921774,0.2990697221052133,0.6490397494486954,0,,,,
30550,0.9990463042242127,0.29899598065610133,0.6490211424401571,1,212.20856495805418,212.20856495805418,,
48924,0.9996790582529785,0.2983569582684673,0.6490180082607229,3,305.06311061043886,641.3166019740943,0.7323694229125977,3.0
33497,0.9995047385783262,0.298464158662033,0.6489844486201797,0,,,,
4992,0.9997568932560575,0.29819370564847325,0.6489752994522654,0,,,,
54470,0.9995926365775415,0.2983251585993355,0.6489588975884385,0,,,,
4919,0.9995138898681143,0.2983428516588653,0.6489283707634899,0,,,,
64595,0.9899385233669384,0.30778121557462346,0.648859869470781,3,488.3836944790706,790.5316674410187,0.8644513487815857,3.0
58740,0.8223514556580342,0.4753465911919933,0.6488490234250137,5,1710.1162359135542,3837.869277299514,-68.15824127197266,4.0
36533,0.9994565906756647,0.29819637809189325,0.648826484383779,0,,,,
55512,0.9996784644543876,0.2977404803972665,0.6487094724258271,0,,,,
42387,0.9996500708328485,0.29744452083606476,0.6485472958344567,0,,,,
39442,0.9995611630340004,0.29737104234854617,0.6484661026912732,0,,,,
20804,0.9992749491097527,0.29755856743996845,0.6484167582748606,0,,,,
22342,0.9992786275322988,0.2974204715537784,0.6483495495430386,0,,,,
54924,0.9994540409586258,0.29720335374153073,0.6483286973500783,0,,,,
30575,0.9996778043983481,0.29688403539539565,0.6482809198968719,0,,,,
54973,0.9996344763560758,0.2969103073988665,0.6482723918774711,0,,,,
58810,0.9993281794812721,0.2971689270040112,0.6482485532426416,0,,,,
55194,0.9995415897600725,0.2969127467200854,0.6482271682400789,0,,,,
29985,0.9994741860078807,0.29682999364395113,0.6481520898259159,0,,,,
54352,0.9992589610453344,0.29695587721961647,0.6481074191324754,0,,,,
24996,0.9992748878298816,0.2968272281385076,0.6480510579841946,0,,,,
12283,0.999530972328033,0.29634566783574545,0.6479383200818892,0,,,,
26323,0.9996542772782882,0.29619146155209297,0.6479228694151906,0,,,,
60385,0.9989456745138681,0.2968934224193729,0.6479195484666205,0,,,,
59998,0.9988975638940947,0.29688894420520606,0.6478932540496504,0,,,,
54273,0.9997351037262319,0.2958288806785496,0.6477819922023907,0,,,,
30742,0.9996112091277531,0.295892006886348,0.6477516080070506,0,,,,
14406,0.9995658420995523,0.29559733817298384,0.647581590136268,0,,,,
64683,0.9762855028840907,0.31870214835352917,0.6474938256188099,4,803.0142499718911,834.5721982990151,0.372191846370697,4.0
45573,0.7803742442641672,0.5145650145026335,0.6474696293834004,1,487.4760825247326,487.4760825247326,,
32958,0.9991935083171682,0.29567115064476857,0.6474323294809684,0,,,,
30706,0.9996504482858026,0.2949824294632487,0.6473164388745256,0,,,,
57701,0.7572795052701924,0.5371200989330271,0.6471998021016098,2,426.4706948474581,708.9447049588273,,
30321,0.9996057517282562,0.29475104002935026,0.6471783958788032,0,,,,
10599,0.9995896017733052,0.2947596765470224,0.6471746391601638,0,,,,
29959,0.9994529235227612,0.2943316887135329,0.6468923061181471,0,,,,
21577,0.9992112524676653,0.2945298700671055,0.6468705612673854,0,,,,
25478,0.9994126630474108,0.29426935573549695,0.6468410093914538,0,,,,
61012,0.9969217242360706,0.29667050643214343,0.6467961153341071,6,3601.9075750268917,8191.545037417737,-1598.7406005859375,4.0
41373,0.9995171262350595,0.2940329185363435,0.6467750223857015,0,,,,
58839,0.9606357303187473,0.33291326097804874,0.6467744956483981,5,712.5870361129328,2303.096694521248,-0.09917768836021423,4.0
21230,0.9995803492817564,0.29395131839713506,0.6467658338394457,0,,,,
54571,0.9996918039313868,0.2935072623478868,0.6465995331396368,0,,,,
30661,0.9993488634140035,0.29375298614787293,0.6465509247809382,0,,,,
4026,0.9992567003343977,0.2936190555985678,0.6464378779664828,0,,,,
60487,0.9994047457146035,0.29338717101729406,0.6463959583659488,0,,,,
45287,0.9995135596006656,0.29312055632828204,0.6463170579644738,0,,,,
46505,0.9995743007947165,0.29263104886964597,0.6461026748321812,0,,,,
56924,0.8687708481217052,0.42334824485392064,0.6460595464878129,3,186.8296839564268,1489.3440360021436,,
66154,0.8073491449132569,0.484638786515306,0.6459939657142815,4,911.6258944793459,2120.7137214299364,-0.17623768746852875,4.0
22432,0.9993113542078551,0.29266586913583725,0.6459886116718462,0,,,,
30081,0.9993651095486857,0.2922161948434041,0.6457906521960449,0,,,,
30095,0.9996524450327486,0.29154216128137145,0.6455973031570601,0,,,,
55494,0.807433119798102,0.48364116027663184,0.6455371400373668,3,208.04391711761613,1002.3581654929428,-493.0214538574219,3.0
30411,0.9993431534762556,0.2917032039651365,0.6455231787206961,0,,,,
59791,0.7330430283827132,0.5579706701337376,0.6455068492582254,2,1160.8577719678608,1201.2960567420866,,
60964,0.9996771353074969,0.2912410075365166,0.6454590714220068,1,136.03325274031175,136.03325274031175,,
60767,0.9997130008789932,0.29118875524134347,0.6454508780601683,1,148.33811304525804,148.33811304525804,,
25567,0.9993653436432545,0.2914529358700274,0.6454091397566409,0,,,,
63426,0.7222464922152791,0.5682009130284268,0.645223702621853,3,928.6178931716288,1042.1239901164886,0.40057799220085144,3.0
34117,0.9996207095797088,0.29051234029121276,0.6450665249354608,0,,,,
30840,0.999488215550035,0.29054266595197276,0.6450154407510038,0,,,,
8679,0.9995963137881723,0.2903813028555162,0.6449888083218442,0,,,,
39658,0.9993859143495398,0.29017280940884016,0.6447793618791899,0,,,,
10868,0.9996856983630318,0.28985368392128064,0.6447696911421562,0,,,,
31260,0.999560474403974,0.2899020656866885,0.6447312700453313,0,,,,
19396,0.9991621330018127,0.2900874097975781,0.6446247713996953,0,,,,
39089,0.9996411515495207,0.2895368104487921,0.6445889809991564,0,,,,
54293,0.9995592086215135,0.28958319354693696,0.6445712010842253,0,,,,
6909,0.9995816644974599,0.2894271109846642,0.6445043877410621,0,,,,
13810,0.9994119864898912,0.2895004347902831,0.6444562106400871,0,,,,
60269,0.6524733604782957,0.6364083887222317,0.6444408746002637,4,1273.1752882014155,1924.3102729192794,0.799618661403656,4.0
1961,0.9991257963089374,0.2894078936248331,0.6442668449668852,0,,,,
60661,0.999528825190098,0.2889767457619572,0.6442527854760276,0,,,,
54554,0.9996661632195962,0.28875331041300234,0.6442097368162993,0,,,,
54613,0.9995105010408154,0.28885844290757456,0.6441844719741949,0,,,,
54290,0.9995370957872626,0.2887291023344397,0.6441330990608511,0,,,,
61779,0.9993084387118089,0.28892089855451175,0.6441146686331602,0,,,,
34761,0.9995996273421431,0.2883124322118268,0.643956029776985,0,,,,
59481,0.9988416900959202,0.28876545762972616,0.6438035738628232,2,143.32362651073888,151.9973726566001,,
39244,0.9995782669408402,0.2879057330729736,0.643742000006907,1,193.27938261662788,193.27938261662788,,
32197,0.9990609562407068,0.28827329444356553,0.6436671253421362,0,,,,
59574,0.6884025194485268,0.5988779300089557,0.6436402247287413,5,154.03113078954505,1765.8501073278317,,
41418,0.9993073212285306,0.28788179842513417,0.6435945598268324,0,,,,
29794,0.9992501533319109,0.2878735303301767,0.6435618418310438,0,,,,
26129,0.9993097620152744,0.28780826986355545,0.6435590159394149,0,,,,
54895,0.9994507990910746,0.2876539702634172,0.643552384677246,0,,,,
55228,0.9996299671517549,0.2873821863390499,0.6435060767454024,0,,,,
24818,0.9996043050266185,0.2873767591934565,0.6434905321100375,0,,,,
65878,0.9534175051899368,0.3335329754931059,0.6434752403415214,4,895.0127891668316,1482.127483875675,0.30080080032348633,4.0
14965,0.9994420064070049,0.287292755724711,0.643367381065858,0,,,,
62782,0.7553208339799928,0.5312728645584833,0.6432968492692381,3,751.8750516629102,971.1961593191187,0.34217819571495056,3.0
30912,0.9991987215003841,0.28728941771278704,0.6432440696065855,0,,,,
60879,0.999573019347857,0.28679965511069394,0.6431863372292754,0,,,,
35339,0.9994395076158498,0.28680563658934777,0.6431225721025988,0,,,,
65935,0.9807413216898133,0.30541761030454917,0.6430794659971812,3,1771.3898473486588,1868.7516582637897,0.4139447510242462,3.0
59137,0.9775293307402889,0.30856832123588174,0.6430488259880853,5,190.16871850563498,1235.8902980266455,,
22610,0.9994764028837011,0.2865418257821678,0.6430091143329344,0,,,,
42347,0.9995014651828604,0.28644330155478326,0.6429723833688219,0,,,,
28326,0.9987947616307006,0.28707971377353525,0.6429372377021179,1,175.69601717484335,175.69601717484335,,
65373,0.9684804728173707,0.31723479798617316,0.6428576354017719,2,752.7932771864168,1131.2790724757785,,
61270,0.9994781179593714,0.2861825595669987,0.6428303387631851,0,,,,
21902,0.9995153879545927,0.28613615741223686,0.6428257726834148,0,,,,
10013,0.998392094336022,0.2871742035849646,0.6427831489604934,0,,,,
30759,0.9995199696375822,0.28603406388055663,0.6427770167590694,0,,,,
34022,0.9993660490009775,0.28589620769400026,0.6426311283474888,0,,,,
20016,0.9972606449956685,0.2876978594816575,0.642479252238663,1,228.7363312797323,228.7363312797323,,
22410,0.9993228453553064,0.2856206334553475,0.642471739405327,0,,,,
30560,0.9995927528490026,0.2851882345054553,0.6423904936772289,0,,,,
61265,0.9995470612292229,0.2849764975097643,0.6422617793694936,0,,,,
17269,0.999602760322748,0.2848250446879974,0.6422139025053727,0,,,,
30234,0.999565459775177,0.28440929854070596,0.6419873791579415,0,,,,
55409,0.7136048809197166,0.5702761634057542,0.6419405221627354,3,259.22500163043367,4202.148475658352,-0.3868197500705719,3.0
10890,0.9995236895143099,0.28427825135748497,0.6419009704358974,0,,,,
25476,0.9994547782102918,0.2842233601714774,0.6418390691908846,0,,,,
61281,0.9996284234752868,0.2839492336668412,0.641788828571064,0,,,,
8594,0.9994135824305215,0.2840609370030729,0.6417372597167972,0,,,,
30571,0.9995133633112748,0.2838552180965944,0.6416842907039346,0,,,,
27386,0.997964548467044,0.28528008375892766,0.6416223161129858,0,,,,
58739,0.7764290891729455,0.506747420814821,0.6415882549938833,4,1639.9812537823605,3591.0047396189343,-3.543607711791992,4.0
34613,0.9994232268942236,0.28361059539861055,0.6415169111464171,0,,,,
65137,0.8988792445733012,0.3839439803530391,0.6414116124631701,3,175.41107842513475,1585.6908135740528,,
56419,0.6684946460562449,0.6143140525899492,0.641404349323097,2,591.7994019340805,1015.2292199491228,,
61718,0.8944752632534991,0.3882440985604503,0.6413596809069747,3,1445.0944183468123,3369.0816135275995,-0.05259076878428459,3.0
41215,0.9994407793594199,0.2830895004637123,0.6412651399115661,0,,,,
53499,0.7661877390514504,0.5161233820687123,0.6411555605600814,3,404.281033308364,473.5921609400669,-19.146129608154297,3.0
40264,0.9996611758725358,0.2826171230000639,0.6411391494362999,0,,,,
13027,0.9996018250893196,0.28252614911624985,0.6410639871027848,0,,,,
19515,0.9995766024616608,0.2825082304273907,0.6410424164445258,0,,,,
63246,0.999421160233552,0.2825896072357027,0.6410053837346273,0,,,,
17290,0.9993151013025936,0.28267941651467643,0.640997258908635,0,,,,
58424,0.8321597783715683,0.44962043014873143,0.6408901042601498,3,2370.2125751120916,4226.661433770329,-41.7280387878418,3.0
28982,0.9997085060685026,0.28191539734496884,0.6408119517067357,0,,,,
59664,0.7355870499160067,0.5460194052280886,0.6408032275720477,5,1033.9563641499153,1302.5968337941142,0.5132936239242554,4.0
55093,0.9988953938154153,0.2826436490703602,0.6407695214428877,0,,,,
53824,0.7464361560068138,0.5350033754141328,0.6407197657104733,3,1078.613088238597,1238.4779206911962,-20.541250228881836,3.0
39624,0.9995003473131479,0.28178082262079407,0.640640584966971,2,147.64898807953637,161.48460995324186,,
62870,0.8209549207726463,0.4602718657286068,0.6406133932506266,4,805.3887278759249,820.8734384744622,-213.09019470214844,4.0
64452,0.8381514044064753,0.4426890344871319,0.6404202194468036,3,668.6407219004765,732.7311102976661,0.5795009136199951,3.0
66353,0.8051426895440673,0.4756007544108459,0.6403717219774566,4,650.045595806965,1576.1733051010174,0.0476757287979126,4.0
1271,0.9994578894080398,0.28120324267779473,0.6403305660429173,0,,,,
5192,0.9993280565703977,0.2813256232162268,0.6403268398933122,2,247.8130454098712,317.88729854415095,,
20089,0.9994233075273892,0.2810233788829313,0.6402233432051603,0,,,,
61387,0.999561463060125,0.28088012342377955,0.6402207932419524,1,212.47788247453872,212.47788247453872,,
41268,0.9995523617843943,0.28086077630623607,0.6402065690453151,0,,,,
55109,0.9995549502299277,0.28072775872199784,0.6401413544759628,0,,,,
659,0.9995073100656832,0.28031215639224116,0.6399097332289622,0,,,,
42375,0.9973620439621856,0.282359131558236,0.6398605877602108,1,517.8972637822017,517.8972637822017,,
29846,0.9994568497555484,0.28023462857741954,0.639845739166484,0,,,,
30755,0.9995910897281002,0.28004097480751233,0.6398160322678063,0,,,,
58451,0.7754390333498602,0.5041530964487124,0.6397960648992863,5,307.1372543274805,2773.146944366687,-31.406906127929688,4.0
41707,0.9996401068139088,0.27994764962142205,0.6397938782176654,0,,,,
31760,0.9992889432399269,0.2802941875359831,0.639791565387955,0,,,,
10573,0.9969938583444282,0.28243221391553686,0.6397130361299825,0,,,,
49338,0.9950608383770463,0.2843347397431861,0.6396977890601162,7,1046.1457428365868,3433.4884819937115,-47.04945373535156,4.0
31477,0.9990926428956731,0.28001580094725287,0.6395542219214629,0,,,,
56934,0.9996026676640825,0.279484523673428,0.6395435956687552,0,,,,
56023,0.6569652383775046,0.6219944028998973,0.6394798206387009,2,652.5206098827686,1095.8274036228142,,
60679,0.999615420438307,0.27899303107633333,0.6393042257573202,1,239.82116244832187,239.82116244832187,,
31955,0.9994057714263431,0.2791050650357316,0.6392554182310374,0,,,,
5958,0.9996122680702422,0.27881807255618407,0.6392151703132132,0,,,,
65170,0.9828473549555913,0.29556822509098535,0.6392077900232883,7,2758689224.720001,3359380230307.579,-1221.4554443359375,4.0
54933,0.9995555911948704,0.27851087908320227,0.6390332351390363,0,,,,
23605,0.9995821523159208,0.2784018871937124,0.6389920197548167,0,,,,
25504,0.9988267353281644,0.2787616851319886,0.6387942102300765,0,,,,
34818,0.9995908468976785,0.27784157103859053,0.6387162089681345,0,,,,
58497,0.9984688425735138,0.27894667859901634,0.638707760586265,0,,,,
65133,0.9262426297952921,0.35109644816114527,0.6386695389782187,7,775.8342244705508,1371.1977466915728,-7.006014823913574,4.0
58090,0.7879010918395545,0.489222805297971,0.6385619485687628,2,1907.093643293123,2285.199246809502,,
50993,0.9977386891926532,0.2790773066581045,0.6384079979253788,1,272.6392256009216,272.6392256009216,,
40404,0.9994833973006387,0.27727238013731936,0.638377888718979,0,,,,
25480,0.9994255550350826,0.2772125070341279,0.6383190310346052,0,,,,
53201,0.8213699979299856,0.45522557956984255,0.638297788749914,3,511.28621192996576,816.5249020179673,-5.238320827484131,3.0
1835,0.9992692535019212,0.27731263309720566,0.6382909432995634,0,,,,
60890,0.9997079540823338,0.2765777806954124,0.6381428673888732,0,,,,
13916,0.9996160922702294,0.27650735995371745,0.6380617261119734,0,,,,
45901,0.9768331710757452,0.29908686883753155,0.6379600199566384,3,529.9200714857653,953.7207855347264,-5.2625041007995605,3.0
5146,0.9993715766765643,0.2765266873447463,0.6379491320106553,0,,,,
60538,0.9995072312062793,0.27615847025854834,0.6378328507324138,0,,,,
31099,0.9995534681223474,0.27607425345840664,0.6378138607903769,0,,,,
11852,0.9988278029437867,0.2766348723401606,0.6377313376419737,0,,,,
60965,0.9994893570058515,0.2759595314720651,0.6377244442389582,0,,,,
41424,0.9989231952260534,0.2760214568753836,0.6374723260507185,0,,,,
58573,0.9516639551456411,0.323212811475308,0.6374383833104745,6,494.3633241564782,110131.706396315,-2088.3662109375,4.0
14440,0.9983093515583763,0.27623821657298,0.6372737840656781,0,,,,
4706,0.9996033580754727,0.2749285002846832,0.637265929180078,0,,,,
40020,0.9994894667603386,0.2749204508314044,0.6372049587958715,0,,,,
51135,0.660905859908844,0.6134188772236389,0.6371623685662414,2,604.7178074424156,1035.604206394735,,
65808,0.814605901458289,0.4596464333175132,0.6371261673879012,2,6102.6191157610765,6899.2521824462365,,
56094,0.7928638158942374,0.48137178962136495,0.6371178027578012,3,198.57226879504685,978.2672358347702,,
35834,0.9975249114325855,0.27665699545931777,0.6370909534459517,0,,,,
59652,0.7617480787437436,0.5123712548216985,0.6370596667827211,7,175.5149867544866,1073.566121093129,,
25112,0.9995999423769423,0.27451167308835,0.6370558077326461,0,,,,
57964,0.776157939079005,0.4977102745490375,0.6369341068140213,3,680.9897516303797,1867.2262643034662,0.4008390009403229,3.0
66186,0.8414402454550514,0.4322425235947608,0.6368413845249061,2,1010.292649629148,1537.4955409001614,,
35038,0.9991676256633077,0.2743739966698995,0.6367708111666036,0,,,,
10137,0.9995785544769791,0.2739312565051052,0.6367549054910422,0,,,,
27534,0.999503010826608,0.2736506538499076,0.6365768323382578,0,,,,
45311,0.9993781805535173,0.27375745907247995,0.6365678198129987,0,,,,
58730,0.8788497553797758,0.3942765292740755,0.6365631423269257,11,106.0511239470188,511.2835143397269,,
59105,0.9938519199527428,0.27926229461843266,0.6365571072855878,4,499.12526681849033,750.6771184037485,-170.73216247558594,4.0
13817,0.9996325313771371,0.2734606087044035,0.6365465700407703,0,,,,
38295,0.9989580706452429,0.27411035122558236,0.6365342109354126,0,,,,
38314,0.9992313413503514,0.27379614929478935,0.6365137453225704,0,,,,
21366,0.9996371943654507,0.27333104974500977,0.6364841220552302,0,,,,
57093,0.6929778986198392,0.5799694186548576,0.6364736586373484,2,541.1001869182953,944.4646455592277,,
35606,0.9990167435424633,0.27372032883605135,0.6363685361892573,0,,,,
14222,0.9993549691247186,0.2730849017147352,0.6362199354197269,0,,,,
61929,0.6561135340498319,0.6161854875827264,0.6361495108162791,4,798.6831984464749,1039.0839638686805,-188.97357177734375,4.0
41250,0.9985392030836959,0.27374058892415654,0.6361398960039262,1,287.3615717169217,287.3615717169217,,
45542,0.8025430703099067,0.4696362855224615,0.6360896779161841,1,549.6015159175564,549.6015159175564,,
60258,0.688545662772114,0.5835893141673039,0.636067488469709,3,1279.5735584902402,2233.8758827159504,0.1424517184495926,3.0
27598,0.9994403721829798,0.27254303015587733,0.6359917011694285,0,,,,
41196,0.9992509218606347,0.27269376223539765,0.6359723420480161,0,,,,
27421,0.9995027174291051,0.27243779226775744,0.6359702548484313,0,,,,
19137,0.9995767080445814,0.27220216580775414,0.6358894369261678,0,,,,
59610,0.6801242747828723,0.5914402950535969,0.6357822849182346,2,1170.5515917949479,1332.19691227662,,
55557,0.9995943291396098,0.27171800167021,0.6356561654049099,0,,,,
5698,0.9994680650283378,0.27182807077643056,0.6356480679023842,0,,,,
58493,0.7793497533397543,0.49173071152318226,0.6355402324314683,4,539.3833295925463,2884.1651804989956,-5.892031192779541,4.0
7291,0.9990302256056608,0.2720447406588623,0.6355374831322615,0,,,,
60473,0.9994662587053768,0.2715499919827784,0.6355081253440775,0,,,,
38485,0.997426554248697,0.27337186439842087,0.635399209323559,0,,,,
26832,0.9968955512344232,0.27386311394127516,0.6353793325878492,1,183.8005436724556,183.8005436724556,,
57787,0.7281380126102018,0.5425586962637612,0.6353483544369816,2,461.64278967900685,759.2414041200077,,
7133,0.9992227701780056,0.27119712730648093,0.6352099487422433,0,,,,
60916,0.5891920713595217,0.6808744400151558,0.6350332556873388,3,2224.6839118258304,2255.940044213992,0.8800656795501709,3.0
55514,0.9995935816567957,0.2703828227721027,0.6349882022144492,0,,,,
43784,0.99960851616984,0.26981209274861584,0.6347103044592279,0,,,,
10826,0.998606958401988,0.2705713486086678,0.6345891535053279,0,,,,
63713,0.9190662884256122,0.3500900363441324,0.6345781623848723,4,803.6888919723546,1180.5949852542497,0.0793713927268982,4.0
4362,0.9996254671280217,0.26899559376707616,0.6343105304475489,0,,,,
16727,0.9995113757994475,0.2690950331798416,0.6343032044896446,0,,,,
58070,0.7154044798257869,0.5531582222928852,0.6342813510593361,2,676.8815667245867,1199.2615053765749,,
30732,0.9992644563810219,0.2692457849032981,0.63425512064216,0,,,,
10447,0.9988908459872452,0.2694430648348578,0.6341669554110515,0,,,,
56668,0.9988043726047212,0.2692912698501537,0.6340478212274374,1,188.19719489346812,188.19719489346812,,
55589,0.7909753644326405,0.4770050880838712,0.6339902262582559,2,1138.5976433936048,2010.8884148175737,,
14509,0.9990093338298437,0.26873320311053894,0.6338712684701913,0,,,,
63736,0.9360069217154725,0.3316964676894055,0.6338516947024391,6,758.7015707805682,1894.3851897078457,-0.9942167401313782,4.0
48734,0.9995607363943274,0.26795371760078324,0.6337572269975553,0,,,,
31089,0.999118330806756,0.26828553353009776,0.633701932168427,0,,,,
42415,0.9993152259831154,0.2680778508481868,0.6336965384156511,0,,,,
20575,0.999226508105535,0.26815864049578575,0.6336925743006604,0,,,,
39902,0.9986148068768874,0.26875664394043386,0.6336857254086606,0,,,,
41087,0.9996009674165608,0.26752761567214833,0.6335642915443546,0,,,,
31056,0.9994446095067265,0.2676676093240117,0.6335561094153691,0,,,,
40531,0.9990197830836797,0.2678999964144215,0.6334598897490507,0,,,,
54303,0.9995016604440518,0.26734967602714366,0.6334256682355976,0,,,,
14228,0.9989493426678558,0.26786974331509383,0.6334095429914748,0,,,,
18010,0.9995468265268806,0.2671728606828082,0.6333598436048444,0,,,,
65836,0.7206383848961393,0.5456221737003875,0.6331302792982634,3,1439.004134945632,1454.573416562874,0.5166019797325134,3.0
41370,0.9989973495645099,0.2671674546295594,0.6330824020970347,0,,,,
37622,0.999488452805813,0.2665875374492277,0.6330379951275203,0,,,,
59961,0.5788925386668271,0.687182990072478,0.6330377643696525,4,1566.6311338271198,2416.1103139076204,0.4638225734233856,4.0
21372,0.9997241959739557,0.2663498610816498,0.6330370285278027,0,,,,
62459,0.9993689681480297,0.26665070230153176,0.6330098352247807,0,,,,
37569,0.9996209274052182,0.2656270828974465,0.6326240051513323,0,,,,
20103,0.9996517302427262,0.26557519603700264,0.6326134631398644,0,,,,
66241,0.9837420973630581,0.2814618383102123,0.6326019678366352,2,945.9544989050977,1074.3327616591914,,
64277,0.7768990815090224,0.4882118696901253,0.6325554755995739,4,838.5348851725544,1202.1653304139418,0.768405020236969,4.0
55522,0.9995976546753937,0.2653516574771976,0.6324746560762957,0,,,,
34497,0.9993613587728108,0.2655124328923296,0.6324368958325702,0,,,,
65762,0.9622015905459332,0.30236685267197805,0.6322842216089557,8,634.676176172314,2150.3497117500356,-2.784330368041992,4.0
61087,0.9996000326113461,0.26473220893662286,0.6321661207739845,0,,,,
21799,0.9995520126681294,0.26456149043304555,0.6320567515505875,0,,,,
30628,0.9995484476874991,0.26447243834285317,0.6320104430151761,0,,,,
58299,0.9988028768478975,0.2651455231471216,0.6319741999975095,0,,,,
49383,0.9989207018881552,0.26498824096920326,0.6319544714286792,1,165.42254392029506,165.42254392029506,,
45432,0.9155393044254329,0.3482388255163005,0.6318890649708666,8,264.1376220911742,5090.0703863257295,-7.203282833099365,4.0
59043,0.6311266919763658,0.6326152037878268,0.6318709478820963,2,1229.0873785069425,2274.785919753639,,
4656,0.9996277832964812,0.2640904109674701,0.6318590971319756,0,,,,
10776,0.9996709633943468,0.2639022181802747,0.6317865907873108,0,,,,
7164,0.9996738070385546,0.26386317819360405,0.6317684926160794,0,,,,
28205,0.9995383536262923,0.26398208980894877,0.6317602217176206,0,,,,
60157,0.712039020740612,0.5514495451633057,0.6317442829519588,3,1000.8004016325776,1035.183917376326,0.21704035997390747,3.0
10710,0.9985960655061408,0.2648855008022618,0.6317407831542012,0,,,,
59505,0.6470841477014586,0.6163801776345217,0.6317321626679901,3,1116.6142525335335,1130.2857365541229,-5.399984359741211,3.0
8139,0.9996511044008417,0.2638063060669963,0.631728705233919,0,,,,
33496,0.9996535008778585,0.26373694796883074,0.6316952244233447,0,,,,
63358,0.999549647205801,0.2635840889742881,0.6315668680900446,0,,,,
234,0.9995188432867905,0.26335167113985714,0.6314352572133238,0,,,,
560,0.9996392425074645,0.2632045992826235,0.631421920895044,0,,,,
21282,0.9996243085264525,0.2629142917412952,0.6312693001338738,0,,,,
9061,0.9995638594798691,0.26291894095511703,0.6312414002174931,0,,,,
24971,0.9996964523242113,0.26273875754605225,0.6312176049351318,0,,,,
48754,0.9988294124446411,0.26356448434234747,0.6311969483934943,1,172.40609705607685,172.40609705607685,,
59248,0.6517193838368509,0.6106204940615312,0.631169938949191,3,1051.745048524353,1187.6814796833123,0.5894456505775452,3.0
43800,0.9993332747912896,0.2629419570831403,0.631137615937215,0,,,,
41212,0.9992344372762397,0.26277780681596963,0.6310061220461047,0,,,,
41072,0.9994093920345201,0.26222870355333605,0.6308190477939281,0,,,,
36599,0.999666115194485,0.2618459503828926,0.6307560327886887,0,,,,
61306,0.9994691450676951,0.26198930482173177,0.6307292249447134,0,,,,
8141,0.9994417664360613,0.2618987863329605,0.6306702763845109,0,,,,
18278,0.9994725161438793,0.26181269914016836,0.6306426076420238,0,,,,
45829,0.9994205218183825,0.261743762358449,0.6305821420884157,0,,,,
25419,0.9993293167023031,0.2616635012151153,0.6304964089587092,0,,,,
31093,0.9995932875467564,0.2613809694859812,0.6304871285163688,0,,,,
56595,0.9994009495607525,0.2615385197264547,0.6304697346436037,0,,,,
41399,0.9995657779240882,0.2613680776255759,0.630466927774832,0,,,,
41127,0.9995390549874158,0.2613071289906782,0.630423091989047,1,519.0192137906871,519.0192137906871,,
12758,0.999027861905493,0.261808585628288,0.6304182237668905,0,,,,
29,0.9981834090252875,0.2624421148967412,0.6303127619610143,0,,,,
39641,0.9990376129570814,0.26158579441303964,0.6303117036850605,0,,,,
32224,0.9993241500120352,0.26129876741379765,0.6303114587129164,0,,,,
9663,0.9977756408498638,0.26280695100314644,0.6302912959265051,0,,,,
30996,0.9994150797339503,0.260985442883681,0.6302002613088156,0,,,,
12225,0.9994648167022356,0.26093274005993394,0.6301987783810847,0,,,,
64488,0.8811459966958138,0.37922446439585367,0.6301852305458338,5,767.7839958482165,881.6540103318162,-0.12602192163467407,4.0
30760,0.9992821841808702,0.2610786682453803,0.6301804262131252,0,,,,
31428,0.9993984436503537,0.26094961874234057,0.6301740311963471,0,,,,
22407,0.9991616980287685,0.26116731427971096,0.6301645061542398,0,,,,
41822,0.999573159943182,0.2607133839289526,0.6301432719360673,0,,,,
64186,0.8882804957685432,0.3719685881817033,0.6301245419751232,4,848.6810543674918,1712.0806277305642,-4.122604846954346,4.0
66232,0.9752625307565591,0.284902043798291,0.630082287277425,4,717.9909001982164,1433.4971978316244,-3.8988051414489746,4.0
66250,0.9519372461687239,0.307842802712725,0.6298900244407244,5,687.0814894086919,998.3159680385808,-1.0734663009643555,4.0
17303,0.9995084295656088,0.2602398714053188,0.6298741504854638,0,,,,
28371,0.9988044662971974,0.2608566082281555,0.6298305372626765,0,,,,
58439,0.801008271030764,0.45835657982882505,0.6296824254297946,3,1217.9767469673184,3707.486842572329,-7.238186359405518,3.0
42563,0.9994131450368506,0.259885608140523,0.6296493765886868,0,,,,
62043,0.6894438273390989,0.5698454335053778,0.6296446304222383,3,916.4009561120803,1151.8819319772574,0.444180965423584,3.0
54388,0.9989629919104673,0.2603047182500594,0.6296338550802634,0,,,,
19077,0.9994927616978306,0.25945744226142553,0.6294751019796281,0,,,,
29479,0.9995241381329005,0.2591633215159308,0.6293437298244157,0,,,,
25442,0.9988686499621054,0.2597491170600088,0.6293088835110572,0,,,,
56878,0.6597839395255811,0.5986647891788752,0.6292243643522282,2,793.1936492070591,1369.5157671312331,,
4970,0.9996236543882245,0.2587976569904348,0.6292106556893297,0,,,,
2965,0.9996418972014003,0.2586978335695511,0.6291698653854757,0,,,,
27599,0.9995065800661601,0.25867527973012217,0.6290909298981411,0,,,,
48303,0.7935601623350269,0.46443160885606183,0.6289958855955444,5,107.60215268845398,611.4498664139531,,
18754,0.99953847250475,0.258385903288022,0.628962187896386,0,,,,
58273,0.9995555750227275,0.25831895837909546,0.6289372667009114,0,,,,
40449,0.999647653169626,0.2582102124572442,0.6289289328134351,0,,,,
59458,0.7077458920321447,0.5497945233552254,0.628770207693685,3,1366.9946084936244,1522.1087836896675,0.1021057739853859,3.0
56921,0.7386888797347118,0.5188344885393953,0.6287616841370536,3,179.64035897762182,972.01965894492,,
30503,0.9995602370857666,0.25772002375739567,0.6286401304215812,0,,,,
35683,0.9985098776868467,0.2586504642849796,0.6285801709859131,0,,,,
31658,0.9984946444495256,0.25864321190435846,0.628568928176942,0,,,,
57756,0.9995663061798078,0.2572814016915739,0.6284238539356908,0,,,,
4783,0.9995900946777982,0.2569654899029048,0.6282777922903515,0,,,,
54625,0.9993877355107467,0.2571244504049224,0.6282560929578345,0,,,,
60513,0.9996851692359656,0.2567789108432169,0.6282320400395913,0,,,,
40013,0.9993426898658356,0.2571016496374905,0.628222169751663,0,,,,
16647,0.9994909542783923,0.256490826314819,0.6279908902966056,0,,,,
7244,0.9989538718394688,0.25682731576534956,0.6278905938024092,0,,,,
64765,0.7205372987192404,0.5352087007719519,0.6278729997455962,4,963.2424039472106,1318.320886041384,0.0058670490980148315,4.0
66027,0.9509303457045226,0.30477384169153954,0.6278520936980311,4,574.7455063839435,1101.7626309805319,0.06618079543113708,4.0
14480,0.9995715833501664,0.2561198441873541,0.6278457137687603,0,,,,
61290,0.9994670713594102,0.25620162350492337,0.6278343474321668,0,,,,
8860,0.999578506064604,0.2560109999494804,0.6277947530070422,0,,,,
31695,0.9989268199405419,0.25654921481026893,0.6277380173754055,0,,,,
61090,0.9989130442341979,0.2563498319369948,0.6276314380855963,0,,,,
62430,0.9944635773583367,0.26079600333006003,0.6276297903441983,5,2078.2564872468774,24792.407333889812,-201.1533966064453,4.0
831,0.9994961536932996,0.25567930607401124,0.6275877298836554,0,,,,
33446,0.9993913950711109,0.25574188202423864,0.6275666385476748,0,,,,
731,0.9996104513850028,0.25542232574631485,0.6275163885656588,0,,,,
13488,0.9994953450306627,0.25550082825144105,0.6274980866410519,0,,,,
35571,0.9995369862069374,0.25522031809819934,0.6273786521525684,0,,,,
38264,0.9994728611960234,0.25464808642002035,0.6270604738080219,0,,,,
43338,0.9986512393959956,0.2554661887469054,0.6270587140714505,0,,,,
55112,0.9994778769769687,0.2546383836056537,0.6270581302913112,1,290.288697429276,290.288697429276,,
29763,0.9995769099976397,0.2545341045244738,0.6270555072610567,0,,,,
65138,0.8043954352258557,0.44963663063079407,0.6270160329283249,1,1114.8813590213435,1114.8813590213435,,
25757,0.9994102713124519,0.2546072336447859,0.6270087524786189,0,,,,
59695,0.6393808829525662,0.6146298562464261,0.6270053695994962,5,682.3093783654323,1552.1935065382916,0.038030460476875305,4.0
23254,0.9993999923670901,0.25459800450078063,0.6269989984339354,0,,,,
62776,0.6387110280392838,0.6152623485736493,0.6269866883064665,7,299.00151475373525,926.2825871994113,-2.738586187362671,4.0
13485,0.9995600178579834,0.25436687157421123,0.6269634447160973,0,,,,
65756,0.7609665222586678,0.4928969031968973,0.6269317127277825,4,908.323910827963,1662.042247585918,-0.27582547068595886,4.0
12723,0.9995043099531945,0.2543068801333773,0.6269055950432859,0,,,,
64109,0.9734541631818305,0.2802114106498844,0.6268327869158574,4,754.0582895220011,2959.0796176385293,0.3789398670196533,4.0
38922,0.9995389697654388,0.25410655636663804,0.6268227630660383,0,,,,
47974,0.999576057812143,0.2537827680528043,0.6266794129324736,0,,,,
34011,0.9993635535054026,0.25399400622518853,0.6266787798652955,1,171.9370415384615,171.9370415384615,,
13532,0.9979307877815895,0.25538909462750425,0.6266599412045468,0,,,,
56392,0.6700029376584518,0.5831655196263674,0.6265842286424096,2,604.4119468128829,1041.0830267001636,,
59868,0.8807526179249716,0.37240866716240417,0.626580642543688,3,721.6738493734548,732.7267554585814,0.5711368918418884,3.0
31919,0.9991350337425822,0.25369989805511883,0.6264174658988505,0,,,,
13512,0.9992662153630452,0.2534897519495313,0.6263779836562882,1,250.1385056170591,250.1385056170591,,
64106,0.9847869200480679,0.2676552378472,0.6262210789476339,4,431.6306784168081,2218.336545840652,-3.1495800018310547,4.0
64340,0.9994080309809612,0.25293947335005706,0.6261737521655091,0,,,,
65921,0.9904540671142369,0.26189124333667,0.6261726552254534,4,678.2507536959082,1437.5914457107779,-0.224549800157547,4.0
38183,0.9995391665968314,0.25276197016731083,0.6261505683820712,0,,,,
57539,0.9988358861579502,0.25311657073530514,0.6259762284466277,0,,,,
10019,0.9994525307545917,0.25225874611404075,0.6258556384343162,0,,,,
41260,0.9993538271267851,0.2523005084400295,0.6258271677834073,0,,,,
55204,0.999575766035551,0.25201630071346337,0.6257960333745072,0,,,,
39592,0.9992429976730158,0.25227290621633514,0.6257579519446754,0,,,,
58078,0.8312648296250272,0.42024026986185115,0.6257525497434392,4,635.3576391780161,2379.0463439014,-66.458251953125,4.0
60668,0.9995203229512463,0.2516020263193165,0.6255611746352814,0,,,,
516,0.9989454726631757,0.2521007694721745,0.625523121067675,0,,,,
26175,0.9993958135428745,0.25155230864449785,0.6254740610936862,0,,,,
30531,0.999413019795951,0.2515338624186748,0.6254734411073128,0,,,,
60850,0.9996310118439522,0.2509549547502349,0.6252929832970935,0,,,,
7081,0.9994658443745805,0.25103446424606957,0.625250154310325,0,,,,
65925,0.9545761447139763,0.29579950199387606,0.6251878233539262,3,1580.02803557411,1771.7232671391232,0.48317328095436096,3.0
35587,0.9981783309480228,0.2521100451997067,0.6251441880738647,0,,,,
14450,0.9995549004269657,0.25069693752360145,0.6251259189752836,0,,,,
59250,0.6731234473084675,0.5769027100744635,0.6250130786914655,2,1185.4554538308262,1270.56787015638,,
12527,0.9997112465181784,0.2500493150325228,0.6248802807753506,0,,,,
34036,0.9993811974126965,0.25037195682198166,0.624876577117339,0,,,,
42282,0.9994594875253844,0.2501423886423175,0.624800938083851,0,,,,
41256,0.9994120476102465,0.2501889377693002,0.6248004926897733,0,,,,
56636,0.9994611409230261,0.25004493695833885,0.6247530389406825,0,,,,
58914,0.9860774244417965,0.26321066305042884,0.6246440437461127,6,2046.5378193935328,7282.913490012437,-25.15253448486328,4.0
31171,0.9994233685406382,0.24946370622012526,0.6244435373803817,0,,,,
5392,0.9995168177356365,0.2493462620065009,0.6244315398710687,0,,,,
11735,0.9995953507347973,0.24921153739344426,0.6244034440641208,0,,,,
66060,0.5936561337072893,0.6551093707127216,0.6243827522100054,2,1303.261525571299,1510.9280423848381,,
4677,0.9994169936727658,0.24921282592836824,0.624314909800567,0,,,,
36299,0.9993293367693635,0.24923826465527033,0.6242838007123169,0,,,,
35681,0.9989589448734939,0.24948356288389795,0.624221253878696,0,,,,
18822,0.9995730145609599,0.24870591549968746,0.6241394650303237,0,,,,
18783,0.9984971952461051,0.24962240498732025,0.6240598001167127,0,,,,
7151,0.9994378539663172,0.24842408135669813,0.6239309676615077,0,,,,
801,0.9995611739867335,0.24807542541695848,0.623818299701846,0,,,,
7027,0.9925042060937894,0.25484999244572504,0.6236770992697572,0,,,,
41220,0.9993784803035256,0.24765298871801156,0.6235157345107686,0,,,,
56673,0.9995335442130724,0.24745379475620588,0.6234936694846391,0,,,,
4295,0.9995163807753671,0.2473923919542136,0.6234543863647903,0,,,,
46810,0.9995494470461728,0.24717398410155633,0.6233617155738645,0,,,,
48758,0.9993282420826308,0.24730276891668468,0.6233155054996578,1,231.80640415984138,231.80640415984138,,
54848,0.6785195443243097,0.5680913804470717,0.6233054623856907,2,615.9343396252508,868.2056436310211,,
66641,0.9435980766529494,0.30287881269952477,0.6232384446762371,5,498.47493878734804,974.8056786822211,-0.03622061014175415,4.0
60211,0.9766902710331226,0.26968384027164793,0.6231870556523853,3,1350.4597133342825,1804.6331486646177,0.47537365555763245,3.0
55907,0.9986464362127797,0.2476172745152665,0.623131855364023,0,,,,
65171,0.9704144790773429,0.275828513745216,0.6231214964112795,8,1812465488.910675,3028454154729.8433,-43727.71875,4.0
65105,0.9802119427718968,0.2660139835165749,0.6231129631442358,5,997.855287500234,1500.0942201649768,0.6392111778259277,4.0
61804,0.9993758745913414,0.24661828235121075,0.6229970784712761,0,,,,
35012,0.9995004392872201,0.2464636002427576,0.6229820197649889,0,,,,
24300,0.9996190187888768,0.2461972048080603,0.6229081117984685,0,,,,
58029,0.8332743724221577,0.4124180109230531,0.6228461916726054,5,818.4398989436636,1235.354942823775,0.8149634599685669,4.0
40647,0.9995488168426399,0.24586545970981932,0.6227071382762296,0,,,,
6707,0.9993727562036377,0.2459919674060853,0.6226823618048616,0,,,,
32111,0.9985454011140465,0.24672648700361854,0.6226359440588325,0,,,,
57236,0.6875301369225139,0.5577094235974585,0.6226197802599862,3,183.07800128693424,1097.494570051702,,
42946,0.9991173644753292,0.24603004376857152,0.6225737041219503,0,,,,
17795,0.9990500443713962,0.2459948824769963,0.6225224634241963,0,,,,
55111,0.9994267306525668,0.24554176335687994,0.6224842470047234,1,178.9404697586254,178.9404697586254,,
2874,0.9993492882225087,0.2453961165308357,0.6223727023766722,0,,,,
34571,0.9993294510865997,0.24538029566558694,0.6223548733760933,0,,,,
61643,0.7164441441613967,0.5282630476491783,0.6223535959052875,2,1177.217120355884,1241.3132346694922,,
54474,0.9995967235953858,0.24481464231667815,0.622205682956032,0,,,,
60413,0.6392675141280435,0.6050495065524062,0.6221585103402248,2,1141.505956064948,1719.3435081642624,,
13243,0.9995164216271164,0.24474226084507278,0.6221293412360946,0,,,,
61840,0.9996306063025817,0.2444629244799723,0.622046765391277,0,,,,
35724,0.999252327898304,0.24435414872320993,0.621803238310757,0,,,,
11788,0.9995457212844233,0.2438257520888566,0.62168573668664,0,,,,
66038,0.92589419392717,0.31747364337265305,0.6216839186499115,4,22536.376329170198,144974.55565143866,-19553.154296875,4.0
26669,0.9993376863382589,0.24401122969569067,0.6216744580169749,0,,,,
12696,0.9993902798153802,0.24390555370700762,0.6216479167611939,0,,,,
1577,0.9993812679980109,0.24371664481513677,0.6215489564065738,0,,,,
58882,0.7260276953046276,0.5169910695364871,0.6215093824205573,5,542.4888370669933,2088.241799304937,-2.204012632369995,4.0
39637,0.9993191509885377,0.2436490272670796,0.6214840891278086,0,,,,
40438,0.9988949123863266,0.2440647897510324,0.6214798510686794,0,,,,
29793,0.9989421228882716,0.24398606607210482,0.6214640944801881,0,,,,
58479,0.936910427626756,0.30585659483203964,0.6213835112293978,2,419.7485217399737,451.93182905512884,,
65345,0.9916763945404723,0.25101401785064237,0.6213452061955573,3,915.3768329794976,1504.3750090726105,0.6043193936347961,3.0
48907,0.9995783100151172,0.24306009055513822,0.6213192002851278,0,,,,
4612,0.9996120152165221,0.24285775732972692,0.6212348862731245,0,,,,
61360,0.9979083406475071,0.244445299071409,0.621176819859458,0,,,,
28060,0.9995194054874211,0.24280034257464966,0.6211598740310353,0,,,,
29920,0.9984424590828542,0.2436940552136334,0.6210682571482438,0,,,,
30469,0.9995668225679232,0.24241993114254068,0.6209933768552319,0,,,,
41406,0.9979485835342677,0.2439419805980193,0.6209452820661435,0,,,,
56591,0.9994296777073626,0.24228333691669146,0.620856507312027,0,,,,
66602,0.9777507729631835,0.26386747049695713,0.6208091217300703,3,1151.6443401271845,1681.7770840456237,-81.31793975830078,3.0
54943,0.9992561073043268,0.2420189058410369,0.6206375065726819,0,,,,
2777,0.9992413586547115,0.24190400929214873,0.6205726839734301,0,,,,
40286,0.998900680577806,0.2419738881339193,0.6204372843558627,1,129.6950321968076,129.6950321968076,,
56898,0.6337265635628602,0.6070049546622625,0.6203657591125613,2,601.0296565369586,1001.9193143575008,,
30701,0.9994144842792648,0.24111019174435844,0.6202623380118116,0,,,,
57410,0.5953825827077377,0.6449007558780115,0.6201416692928746,2,556.9867771211118,951.7285676855562,,
37008,0.9995964951998954,0.2405112592897185,0.620053877244807,0,,,,
60899,0.9994823228072933,0.2406180385898834,0.6200501806985883,0,,,,
37730,0.999293452349269,0.24079028367313393,0.6200418680112014,0,,,,
12963,0.9996038025418328,0.24040389534828854,0.6200038489450607,0,,,,
39659,0.9993149932758681,0.24054346542787364,0.6199292293518709,0,,,,
58833,0.8574045668357893,0.3823618252304485,0.6198831960331188,3,332.2404329221097,991.3181005710321,-0.027366915717720985,3.0
870,0.9994869123482221,0.24025824386287475,0.6198725781055484,0,,,,
62780,0.6932967107962222,0.5463372525122192,0.6198169816542207,5,687.3533747531906,894.6516351219387,-0.27330589294433594,4.0
58490,0.7825904668869619,0.4570169780324621,0.6198037224597119,3,947.9074557035442,3221.031147859303,-68.2208023071289,3.0
34965,0.9991748494389003,0.24030901655192172,0.619741932995411,0,,,,
15359,0.9996052060108525,0.2398689505678817,0.6197370782893671,0,,,,
510,0.9993897622887573,0.2400395821563721,0.6197146722225647,0,,,,
60528,0.9996104177238229,0.23954654780809315,0.6195784827659581,0,,,,
8563,0.9988409618202977,0.24015776682752554,0.6194993643239116,0,,,,
59100,0.9984511512843035,0.24052037947327654,0.61948576537879,2,1400.0126111156267,1757.4320645941825,,
39671,0.9992041627237439,0.2395643474611162,0.61938425509243,0,,,,
41226,0.999262769615937,0.23948780758043797,0.6193752885981875,1,218.08610012383983,218.08610012383983,,
61421,0.9994485698988578,0.23899013163245575,0.6192193507656567,0,,,,
56621,0.9995476758089542,0.23875571678284058,0.6191516962958974,0,,,,
59375,0.710645452003843,0.5274061144150616,0.6190257832094523,5,897.3489298833623,1863.9391450180055,0.5386883020401001,4.0
21293,0.9993906806178608,0.2386561871384132,0.6190234338781371,0,,,,
65843,0.9647328542690894,0.27322114471066417,0.6189769994898768,4,793.5437024236936,1542.3551640797016,-0.25424379110336304,4.0
64228,0.8279660171455367,0.4097926214181551,0.6188793192818459,4,769.6830225579257,988.7237629347595,0.7275028228759766,4.0
27748,0.9985805040926226,0.23901430131248846,0.6187974027025556,0,,,,
5846,0.9993624213220309,0.23815993167447302,0.6187611764982519,0,,,,
60394,0.9511735921305496,0.28619951079843853,0.6186865514644941,7,121.64011714527949,158571.46399498795,,
61500,0.9990777266990833,0.23823123189544293,0.6186544792972631,0,,,,
23986,0.9995121372520382,0.23774789453470513,0.6186300158933717,0,,,,
43758,0.9997137436569787,0.23746520312446862,0.6185894733907237,0,,,,
40580,0.9992810062839647,0.2377227521705999,0.6185018792272823,0,,,,
31178,0.9993610303644076,0.23732228796935917,0.6183416591668833,0,,,,
54092,0.9992693535011594,0.23714406594400228,0.6182067097225808,0,,,,
61415,0.9995669561202741,0.23684432791652887,0.6182056420184014,0,,,,
55530,0.9995086585034815,0.23687513790731296,0.6181918982053972,0,,,,
64564,0.9993854209318069,0.2369092335745705,0.6181473272531888,0,,,,
26023,0.9958983081065919,0.24029753033550327,0.6180979192210476,0,,,,
42368,0.9994423427795156,0.23675011028598314,0.6180962265327494,0,,,,
19475,0.9989743310528528,0.23704932849960103,0.6180118297762269,0,,,,
25475,0.9991837040196785,0.23677344781801124,0.6179785759188449,0,,,,
59637,0.7691181900783757,0.4668244072508779,0.6179712986646269,2,1338.9319834526602,1357.4597636073408,,
43766,0.9995754236660385,0.23636405088000945,0.617969737273024,0,,,,
18640,0.999192942507263,0.23660036295272113,0.6178966527299921,0,,,,
56637,0.9991638831973961,0.23642539599202306,0.6177946395947096,0,,,,
59751,0.6867174832452525,0.548730329977192,0.6177239066112222,3,1241.754013197128,1495.4502544236714,-16.49755096435547,3.0
10565,0.9995763186057285,0.23579730262106868,0.6176868106133986,0,,,,
39076,0.938865030432909,0.29641966037053713,0.617642345401723,7,137.95587117333065,158.60794950841364,,
1435,0.9994975191955031,0.23578028952521368,0.6176389043603584,0,,,,
62958,0.6862949611896254,0.5487442424286585,0.617519601809142,4,823.0130346100332,1068.255554310232,0.34824058413505554,4.0
31569,0.9991637392865271,0.2358185983915293,0.6174911688390282,0,,,,
30231,0.9994983058966495,0.23504179312297746,0.6172700495098135,0,,,,
59859,0.7426028379021248,0.49167242522280985,0.6171376315624673,3,815.8030114408375,1472.0194101481839,-0.9005977511405945,3.0
63516,0.7139855568069715,0.5201625133389913,0.6170740350729814,5,981.0212380458922,1645.212377754903,0.49543267488479614,4.0
57719,0.6584036757329791,0.5757147180900195,0.6170591969114994,3,152.57408708626383,712.3501710904821,,
29769,0.9994025679432696,0.2345463056505227,0.6169744367968961,0,,,,
41425,0.9995424785444722,0.2342906114558534,0.6169165450001628,0,,,,
62967,0.7369311635227374,0.49677889315487245,0.6168550283388049,5,768.2375307560354,1242.3277815284816,0.8131632804870605,4.0
48813,0.9988108314651142,0.23486995596022686,0.6168403937126705,1,211.57691420610752,211.57691420610752,,
18601,0.99763163505013,0.23604123546984646,0.6168364352599882,0,,,,
18549,0.9983994088918848,0.23509333457693715,0.616746371734411,0,,,,
35245,0.9993640610752466,0.2340272117294956,0.616695636402371,0,,,,
63401,0.6379166372536464,0.5953684649994255,0.616642551126536,2,886.0434638523977,1158.5175372630806,,
54863,0.7501319022959183,0.48297351208024886,0.6165527071880836,2,588.624919733799,981.679540642937,,
38374,0.997899252161435,0.23503792781461175,0.6164685899880233,0,,,,
62243,0.9980084427321905,0.23478828619023473,0.6163983644612125,2,7554.808121980935,12971.751334633542,,
36053,0.9993419253126732,0.2334356362641613,0.6163887807884172,0,,,,
41080,0.998342286446557,0.23430629569220707,0.616324291069382,1,414.59718860686405,414.59718860686405,,
56596,0.998981812276601,0.23352689729234744,0.6162543547844742,0,,,,
63355,0.9993703751289581,0.23313322732227293,0.6162518012256155,0,,,,
54984,0.999424121272303,0.23306710676736564,0.6162456140198342,0,,,,
39669,0.9994856355418701,0.23272353920097888,0.6161045873714245,0,,,,
49449,0.8616434368371455,0.3705552705609976,0.6160993536990715,9,62.10060896223837,600.1742255767209,,
45527,0.998676418405072,0.23348931239404003,0.616082865399556,0,,,,
35661,0.9992169569308833,0.23289079431539383,0.6160538756231386,0,,,,
63829,0.5600198676888508,0.6719430925442982,0.6159814801165745,2,940.9698471607702,995.8585030783022,,
44610,0.999443038071141,0.23223643922190773,0.6158397386465244,0,,,,
41413,0.9993921395792598,0.2319422570700389,0.6156671983246493,0,,,,
60516,0.9996948806659377,0.23141786764312222,0.61555637415453,0,,,,
2119,0.9991840514903377,0.23189315187185044,0.6155386016810941,0,,,,
65686,0.9640931247348588,0.26696081595515975,0.6155269703450092,5,262.72609978115634,1230.9179494797809,-3.500138282775879,4.0
30553,0.9995685424709885,0.23146227668554786,0.6155154095782682,0,,,,
223,0.9996244126351224,0.231351902741032,0.6154881576880772,0,,,,
66300,0.9939596134810165,0.2366584001903851,0.6153090068357008,7,263.0198161576857,399.8302105265112,-3.0917835235595703,4.0
31739,0.9982460158755603,0.23225105392425427,0.6152485348999073,0,,,,
7132,0.9996109296641309,0.2307253150619516,0.6151681223630412,0,,,,
4168,0.9996377190242495,0.2304877604050959,0.6150627397146726,0,,,,
59581,0.835872115701987,0.3941395069954078,0.6150058113486974,4,963.3684330794523,1539.643973409752,-8.053617477416992,4.0
21295,0.9997017774670461,0.23030767456704848,0.6150047260170473,0,,,,
30967,0.9981970855615802,0.23170463682730125,0.6149508611944408,0,,,,
27677,0.9995192137351324,0.23037699648965082,0.6149481051123916,0,,,,
31807,0.9975868697096705,0.23227374848350757,0.614930309096589,0,,,,
66751,0.9873847491271317,0.24243886449164964,0.6149118068093906,4,129.7138999354983,157.64696478420205,,
40959,0.99924766513577,0.2302740605526743,0.6147608628442222,0,,,,
58378,0.8153809635239749,0.41406389712157754,0.6147224303227763,9,387.3548978334409,795.6365870662263,0.705886721611023,4.0
35018,0.9992464438219075,0.23019147922438432,0.6147189615231459,0,,,,
31192,0.9987714261932267,0.2304206456001492,0.614596035896688,0,,,,
29505,0.999462495479023,0.2295007943345585,0.6144816449067907,0,,,,
25418,0.9994442167451866,0.22937600247987477,0.6144101096125307,0,,,,
60501,0.9996999117110155,0.22902834223610724,0.6143641269735614,0,,,,
4564,0.9992524892358386,0.2291721454728617,0.6142123173543501,0,,,,
706,0.999374077934972,0.2288050499788854,0.6140895639569287,0,,,,
7080,0.9995043176011301,0.22855161683819558,0.6140279672196629,0,,,,
61417,0.9996978269902591,0.2283210846560514,0.6140094558231552,0,,,,
21185,0.9833276586470537,0.24466414917555313,0.6139959039113034,0,,,,
30856,0.9992268177542317,0.22821178928429242,0.6137193035192621,0,,,,
56604,0.9993653898876352,0.227874629206974,0.6136200095473046,0,,,,
66122,0.9889577390286227,0.23821882522364635,0.6135882821261345,3,935.6337156934359,2271.290958628947,0.6951692700386047,3.0
30325,0.9996089415043016,0.22751556895806435,0.613562255231183,0,,,,
57917,0.779208103714347,0.44777741996759124,0.6134927618409691,10,20.67840309407508,1693.2753917962061,,
64615,0.9821254697830049,0.24474210856515743,0.6134337891740811,3,659.5235935916282,746.9304999653325,0.2884022891521454,3.0
21275,0.9995784232325822,0.22723649816071712,0.6134074606966496,0,,,,
57576,0.9993015749829085,0.22745342153324755,0.613377498258078,0,,,,
61274,0.999418071994646,0.2273297911050849,0.6133739315498654,1,175.19338125942429,175.19338125942429,,
35234,0.9986795279567017,0.22778377796482208,0.6132316529607619,0,,,,
48470,0.7783207239293051,0.4481308209199507,0.613225772424628,4,146.71074125059744,679.0359475907417,,
56919,0.6867196900115602,0.5396924831526946,0.6132060865821274,3,185.47916171902537,1413.2679220874038,,
66286,0.9699142304829507,0.25647789904321405,0.6131960647630823,4,879.7155545599303,1523.5034055863416,0.6255894303321838,4.0
18525,0.9981775594311695,0.22812080518147737,0.6131491823063234,0,,,,
653,0.9992226025678539,0.22706513909621084,0.6131438708320324,0,,,,
5067,0.9997151874036323,0.22641664728237365,0.613065917343003,0,,,,
62695,0.9272646007189882,0.2987840507049745,0.6130243257119814,2,324.9010945652444,377.0646403830253,,
63198,0.6221174377540981,0.6039073307816888,0.6130123842678934,3,931.7279204903095,1194.077335818333,0.17071790993213654,3.0
59089,0.6090549348187088,0.6168848512153275,0.6129698930170182,4,243.7084462140887,1778.700729074562,-210.20860290527344,4.0
16291,0.998008216410253,0.22784923762392506,0.612928727017089,1,512.9956222653228,512.9956222653228,,
7034,0.9993848162822051,0.2264538741390445,0.6129193452106247,0,,,,
58647,0.9987221682898896,0.22709974114304854,0.6129109547164691,2,121.94506562744083,130.00029668115678,,
60561,0.9995762355203145,0.22621686076130731,0.6128965481408108,0,,,,
40516,0.9993965049341811,0.22629357260193939,0.6128450387680602,0,,,,
5390,0.99939835033154,0.22621909283181185,0.612808721581676,0,,,,
35223,0.9988152150164769,0.22659615851256942,0.6127056867645231,0,,,,
55614,0.5735400491699567,0.6518461327598326,0.6126930909648947,3,186.45927390650075,952.0673788763011,,
20508,0.9995692120759785,0.22573075625795935,0.6126499841669689,0,,,,
26829,0.9990570093111943,0.22594197338561117,0.6124994913484028,0,,,,
327,0.9992122589330581,0.22561651202307187,0.612414385478065,0,,,,
4681,0.9994931382563738,0.22522803291534377,0.6123605855858587,0,,,,
32334,0.9984479704348584,0.22614117388326826,0.6122945721590634,0,,,,
19422,0.9995404482600342,0.2247939242514898,0.612167186255762,0,,,,
30913,0.9994269376556096,0.2249043751096954,0.6121656563826525,0,,,,
29899,0.9994673025578099,0.22465119608170914,0.6120592493197595,0,,,,
64608,0.97708662773429,0.24694447794151309,0.6120155528379015,4,560.2037125890608,769.8382079976483,-1.0496023893356323,4.0
5025,0.9996760990244237,0.22429750513375535,0.6119868020790895,0,,,,
38179,0.999529657743539,0.2242145116383396,0.6118720846909393,0,,,,
21407,0.9982235933569835,0.22538142451542653,0.611802508936205,0,,,,
43312,0.999019846623185,0.22457293305273907,0.611796389837962,0,,,,
61930,0.6306320156364811,0.5928441310814345,0.6117380733589578,4,805.415544384353,949.8168719124229,-9.332592010498047,4.0
66634,0.8944452819680028,0.3290019863588003,0.6117236341634016,4,943.7864393407452,1069.8308968812537,-0.5765036344528198,4.0
31190,0.999344671470892,0.2239662230716376,0.6116554472712648,0,,,,
40877,0.9988720968875903,0.22443629146438082,0.6116541941759855,0,,,,
31247,0.9991251020648863,0.22416509995295875,0.6116451010089226,0,,,,
34006,0.9995539811364185,0.22368114252724092,0.6116175618318297,0,,,,
65641,0.9765075650169106,0.2464409478326488,0.6114742564247797,4,863.8196912843098,1440.0840361664834,0.45783543586730957,4.0
35016,0.9989182326163136,0.223774410510708,0.6113463215635109,0,,,,
33719,0.9993040113771572,0.22330425155809974,0.6113041314676284,0,,,,
59672,0.6192012970070262,0.6034020466604515,0.6113016718337388,2,1218.7712254093046,1383.032719765358,,
36798,0.9991513505065138,0.22320247161600137,0.6111769110612576,0,,,,
5220,0.9942505456306046,0.22805544328021266,0.6111529944554086,0,,,,
26836,0.9990263723495005,0.22305865214934184,0.6110425122494212,0,,,,
18545,0.9992150261800508,0.22282400798137403,0.6110195170807124,0,,,,
28617,0.9996021563893079,0.2223476490677736,0.6109749027285407,0,,,,
60135,0.7532399858861537,0.46870633848321797,0.6109731621846859,5,1141.4394551542375,1235.297213577935,-63.81951904296875,4.0
62682,0.9990499368202823,0.22261710881400187,0.6108335228171421,0,,,,
66612,0.992280133059565,0.22938378656471559,0.6108319598121403,2,1282.244540659709,1365.9283103037196,,
30988,0.99939617986286,0.2221102204911205,0.6107532001769902,1,220.89836616909363,220.89836616909363,,
21467,0.9994640533394481,0.2220285770053838,0.610746315172416,0,,,,
4237,0.999505034666171,0.2219737704828214,0.6107394025744962,0,,,,
41207,0.9994008969780637,0.22195584289199055,0.6106783699350271,0,,,,
63254,0.9933287761476681,0.22801165912266352,0.6106702176351658,3,127.14978255542111,5345.007795280163,,
35104,0.999348192688848,0.22150066529922885,0.6104244289940384,0,,,,
35936,0.9996619367384033,0.22114200814513119,0.6104019724417673,0,,,,
17271,0.9995186846254128,0.22114374256054492,0.6103312135929788,0,,,,
54960,0.999625839651502,0.2209850408192443,0.6103054402353731,0,,,,
34756,0.9988781729711074,0.2217203767877164,0.6102992748794118,0,,,,
34883,0.9994054308817564,0.22099096801259033,0.6101981994471734,0,,,,
67705,0.9744970283785156,0.24581720734711499,0.6101571178628153,3,1209.3171428214582,1332.816073565841,0.5215864181518555,3.0
61920,0.6787113629165946,0.5411897138854707,0.6099505384010326,3,1065.5656399664804,1067.88582632419,0.2059077024459839,3.0
39210,0.9995152974636287,0.2201254517056953,0.609820374584662,1,141.52814930657226,141.52814930657226,,
59186,0.7354384175250746,0.4841813201081413,0.6098098688166079,4,895.5753575489255,1239.622073467335,-1.500511646270752,4.0
41378,0.99939176016437,0.21951813183088942,0.6094549459976297,0,,,,
43030,0.993620586595051,0.22521961916024613,0.6094201028776486,1,197.9343683854406,197.9343683854406,,
55590,0.7633485655885148,0.45547418829098674,0.6094113769397508,2,563.6463707713616,942.3971755756509,,
60469,0.9996038449911714,0.21921529642997495,0.6094095707105731,0,,,,
50572,0.9990888357607554,0.2196890712610191,0.6093889535108872,0,,,,
61481,0.9994153482023899,0.21936209524375716,0.6093887217230736,0,,,,
58521,0.7522970944759946,0.466293646244029,0.6092953703600118,4,713.3656058923821,3124.4098618842254,-0.5006411075592041,4.0
56629,0.999193815579655,0.21935371340146448,0.6092737644905597,0,,,,
62328,0.9441301827909755,0.2744172245930222,0.6092737036919988,12,1864239573.4786987,1502369612455.3682,-155259.375,4.0
57092,0.6573423451500722,0.5609864643629406,0.6091644047565064,2,620.2392916285935,1073.7408261931826,,
32473,0.9995748165953341,0.21869460044396438,0.6091347085196492,0,,,,
63877,0.6284054194308957,0.5897711271503006,0.6090882732905981,3,1925.679051557751,1976.7386387743743,0.5690329074859619,3.0
56923,0.6592761147229445,0.5587650521453693,0.6090205834341569,2,551.791425641054,929.430350336647,,
19826,0.9995210220386938,0.2184821850147003,0.609001603526697,0,,,,
28074,0.9982394300979663,0.21966206845329816,0.6089507492756323,0,,,,
61487,0.9995417475359305,0.21832919566753917,0.6089354716017348,0,,,,
23711,0.997682897927149,0.2200921937821514,0.6088875458546502,0,,,,
59741,0.6801567461402833,0.5375597257318844,0.6088582359360839,3,1387.887625196001,1677.7111514700255,0.6349801421165466,3.0
21721,0.9992364184304128,0.21826938377246574,0.6087529011014392,0,,,,
55892,0.999228093426861,0.21817326167169548,0.6087006775492783,0,,,,
66269,0.9569616670046984,0.26004399455190075,0.6085028307782996,4,622.3615048394062,1592.0901085317191,-54.03410720825195,4.0
57533,0.6170711875119652,0.5998462459921984,0.6084587167520819,3,291.2703600101612,665.5237339365805,-0.9133689403533936,3.0
58196,0.6942170221957911,0.5226388424729761,0.6084279323343835,4,506.32088614889096,2138.396582854189,-82.9954605102539,4.0
26121,0.9996795633464205,0.21717290207373663,0.6084262327100786,0,,,,
31031,0.999410902343063,0.2172589852011142,0.6083349437720886,0,,,,
58718,0.8439883903222942,0.3723284883554958,0.608158439338895,6,1081.8345250237016,3045.990632949392,0.5262728929519653,4.0
8403,0.9996822123146691,0.216447856580244,0.6080650344474565,0,,,,
21446,0.9994971922504168,0.21652375174102867,0.6080104719957227,0,,,,
33321,0.999403707976325,0.21644057805859185,0.6079221430174584,0,,,,
60443,0.6175410970025734,0.5982719177424325,0.607906507372503,2,1719.041467587356,2909.301584836613,,
63510,0.6638852028695159,0.5519276944300207,0.6079064486497683,5,840.4063114006541,1355.7182317713325,-0.9281786680221558,4.0
61677,0.7732983934549655,0.442439650988278,0.6078690222216218,3,1409.7944310980897,1456.0420565308184,0.4327499568462372,3.0
54969,0.9996529555416985,0.21600615786255029,0.6078295567021244,0,,,,
54560,0.9997222830429845,0.215776108371163,0.6077491957070738,0,,,,
55212,0.9995407059021146,0.2158929548587648,0.6077168303804397,0,,,,
64819,0.9620324268648864,0.25337157342485583,0.6077020001448712,7,446.7402734145325,1338.0419346829187,-21.60610580444336,4.0
27735,0.9990133315570263,0.21621381474473977,0.607613573150883,0,,,,
66011,0.7554626810855702,0.45973016918951803,0.6075964251375441,2,1413.2730601894282,1941.1704208192914,,
30622,0.9995037727024422,0.2156148683647714,0.6075593205336067,0,,,,
18365,0.9994084836600031,0.21498560667900413,0.6071970451695037,0,,,,
41405,0.9994281981355451,0.214946083091756,0.6071871406136505,0,,,,
4799,0.9994872875529134,0.21487274949719837,0.6071800185250559,0,,,,
34696,0.9991809796133644,0.2151501040820064,0.6071655418476853,0,,,,
66386,0.9607438570080783,0.25354784732620184,0.60714585216714,3,565.6386859592585,869.5752380891657,0.05273932218551636,3.0
2685,0.9977884934733785,0.21614612148889223,0.6069673074811354,0,,,,
41108,0.9996516016220476,0.2142779254719469,0.6069647635469972,0,,,,
18775,0.9986869355854009,0.21496651247287035,0.6068267240291356,0,,,,
40017,0.9994377307552919,0.21389628132304372,0.6066670060391678,0,,,,
60605,0.9953218435125556,0.21774579280981865,0.6065338181611871,0,,,,
1511,0.999552573506685,0.21306639484735856,0.6063094841770218,0,,,,
57107,0.6201282987285464,0.5922876263674606,0.6062079625480035,2,689.7199892333375,1182.2330997008169,,
29977,0.9981855807402018,0.21404843954206587,0.6061170101411338,2,259.5238773808157,296.9069184100607,,
58868,0.6176747855821169,0.5944670959978169,0.6060709407899669,2,988.9202544475928,1810.6608173130737,,
40261,0.999073057659588,0.21271703754130533,0.6058950476004467,0,,,,
12865,0.9994994062551523,0.21216725832424088,0.6058333322896966,0,,,,
58120,0.7535458555668538,0.45803532929359136,0.6057905924302226,4,337.77513858170306,1048.0365077095307,0.4335125982761383,4.0
7163,0.9995898494516382,0.21192196471134617,0.6057559070814922,0,,,,
30134,0.999503404189392,0.21197032428399176,0.6057368642366918,0,,,,
12176,0.9986154978482498,0.2125778381549861,0.6055966680016179,0,,,,
48747,0.999379847542735,0.2117561080509468,0.6055679777968409,0,,,,
1514,0.998965796070342,0.2118458354239312,0.6054058157471366,0,,,,
59038,0.590226745769932,0.6205215728916088,0.6053741593307704,2,1189.573778002789,2211.752264636746,,
67400,0.9754562969786,0.23525452419410398,0.605355410586352,3,97.24806263383165,156.67998212461126,,
40563,0.9993421701741637,0.21133048370939111,0.6053363269417774,0,,,,
44614,0.999212485283049,0.2114124565227773,0.6053124709029132,0,,,,
19150,0.9995177938259484,0.210898722975718,0.6052082584008331,0,,,,
3158,0.999216154283367,0.2110994934859114,0.6051578238846391,0,,,,
14223,0.9991500775000484,0.21112640338330568,0.605138240441677,0,,,,
57725,0.9989069079461126,0.2111895241734678,0.6050482160597902,0,,,,
3793,0.9981363698488048,0.21189953279644624,0.6050179513226255,1,304.08493343109456,304.08493343109456,,
55516,0.9995723403330361,0.21045737422896704,0.6050148572810016,0,,,,
66258,0.8753546762817759,0.3345641358182214,0.6049594060499986,3,818.886550119632,1073.3403918939023,-0.35811081528663635,3.0
32079,0.9990465987478794,0.2106831514702262,0.6048648751090528,0,,,,
7297,0.9992942861850153,0.210369440043762,0.6048318631143886,0,,,,
66079,0.7351581853618376,0.4744793161955819,0.6048187507787097,2,1117.9040245501787,1320.245658725922,,
4685,0.9997011037045048,0.20982499311884206,0.6047630484116735,0,,,,
64562,0.9847123511341618,0.22480214684061217,0.6047572489873869,4,267.1845601245716,605.9047506477114,-413.6719970703125,4.0
22549,0.9985494490319324,0.21083904831948685,0.6046942486757096,0,,,,
31437,0.9993254284674761,0.2100341327921943,0.6046797806298352,0,,,,
4689,0.9995754888537058,0.20978213273036228,0.604678810792034,0,,,,
3745,0.9994476636570151,0.20980027027825243,0.6046239669676338,0,,,,
58753,0.9985722283682639,0.21067284447594614,0.604622536422105,0,,,,
56556,0.6416396476503439,0.5675598012884039,0.6045997244693739,2,732.8076451423751,1274.0939337289544,,
62814,0.7061522738245045,0.5030239323685294,0.604588103096517,3,854.1973630741226,951.0513199891604,0.6964189410209656,3.0
61015,0.9902908827964071,0.2188486245504574,0.6045697536734322,6,3024.978195133252,9492.840234150548,-310.3144226074219,4.0
59129,0.9995491252850444,0.20946044900214855,0.6045047871435965,0,,,,
61921,0.698059454598893,0.510816536650324,0.6044379956246084,3,1100.4605390504719,1165.0640838398797,-0.22180624306201935,3.0
32093,0.9978710592075429,0.21099677093987823,0.6044339150737106,0,,,,
21406,0.9992216125462678,0.20940797663661537,0.6043147945914416,0,,,,
40053,0.9990596232080314,0.20949179664854944,0.6042757099282905,0,,,,
31829,0.999350962908914,0.20912724360481727,0.6042391032568657,0,,,,
30012,0.999644244251172,0.20878081464444675,0.6042125294478093,0,,,,
60472,0.9627114504356594,0.24548775756889585,0.6040996040022777,2,520.5488793086155,644.0623009125951,,
64622,0.9993675305890232,0.20877212717200833,0.6040698288805157,0,,,,
42986,0.9992102250327908,0.20867557072802,0.6039428978804053,0,,,,
32180,0.9995851908019825,0.2076699585223133,0.6036275746621479,0,,,,
60481,0.9996636192110633,0.2073662890635367,0.6035149541372999,0,,,,
8560,0.9995603411791041,0.20725090789481093,0.6034056245369575,1,184.41749496043388,184.41749496043388,,
33591,0.9991642626119721,0.20749432479675256,0.6033292937043624,0,,,,
8544,0.9992314612418646,0.2070843208228843,0.6031578910323745,0,,,,
34949,0.9989784704360505,0.20717738102650918,0.6030779257312798,0,,,,
54856,0.6323667671718418,0.5736557619624592,0.6030112645671505,2,519.6458978289942,861.5880589199502,,
31429,0.9993527885863634,0.20638301380447843,0.602867901195421,0,,,,
56641,0.9994475405763047,0.20628283513926737,0.602865187857786,0,,,,
65429,0.9888726162945585,0.21682123435285527,0.6028469253237069,4,719.8568187815873,1115.5969183315747,-0.4105711281299591,4.0
48749,0.9990840698355261,0.20657640754775453,0.6028302386916403,0,,,,
35516,0.9976348875243267,0.20784945492571838,0.6027421712250225,0,,,,
19667,0.9994509117055427,0.20598252200449407,0.6027167168550184,0,,,,
32168,0.9992199338137471,0.205985827194484,0.6026028805041155,0,,,,
39672,0.9994893528688207,0.20565337526278182,0.6025713640658013,0,,,,
54316,0.9996189588409935,0.20545602021952614,0.6025374895302598,0,,,,
30836,0.9994186060755229,0.20562042863180352,0.6025195173536633,0,,,,
56631,0.9986640592495692,0.20595747627118655,0.6023107677603778,1,358.7480749672589,358.7480749672589,,
28344,0.9994681981637464,0.2051100802803706,0.6022891392220585,0,,,,
17616,0.9995971184647083,0.20482636259912002,0.6022117405319142,0,,,,
54307,0.9996446041562977,0.20432226926887742,0.6019834367125876,0,,,,
56517,0.7358330225517458,0.46797485596568444,0.6019039392587151,2,1012.9749448719854,1829.459759941736,,
31165,0.999473005996587,0.2042786058369893,0.6018758059167881,0,,,,
28496,0.9989248883795232,0.20415380135077588,0.6015393448651496,0,,,,
41513,0.9996002071997296,0.20319232014154376,0.6013962636706367,0,,,,
41367,0.9995440489638246,0.20321589685636599,0.6013799729100953,0,,,,
54964,0.9994680899533605,0.20314968523118848,0.6013088875922745,0,,,,
64909,0.9853274031288268,0.21700238371458103,0.601164893421704,5,661.5906569348273,707.9022116377793,0.6066309213638306,4.0
62034,0.5964272490067917,0.6058731044034219,0.6011501767051068,2,899.8914600633494,901.7769547449888,,
38386,0.9981388228409347,0.20409050614563462,0.6011146644932847,0,,,,
18507,0.9990025836099536,0.20315814208980987,0.6010803628498818,0,,,,
7176,0.9995282249916835,0.20262920290337227,0.6010787139475279,0,,,,
45296,0.9989780945557317,0.2027394132082755,0.6008587538820036,1,319.1920982299566,319.1920982299566,,
20576,0.9995655164249238,0.20204653382414228,0.6008060251245331,0,,,,
63437,0.9888051724563192,0.21249588274928488,0.600650527602802,4,707.8815404020878,805.2128874533913,0.409295916557312,4.0
30658,0.9992116011921142,0.20178960176056748,0.6005006014763408,0,,,,
6765,0.9993738411443546,0.20150948798310309,0.6004416645637288,0,,,,
45280,0.9996188079755945,0.2010467576156999,0.6003327827956473,0,,,,
3743,0.997935242539188,0.20269581091507793,0.600315526727133,0,,,,
62305,0.5879561029005044,0.6125204181747994,0.600238260537652,4,594.6539032394071,1143.6610600691426,-26.471179962158203,4.0
61119,0.9994647867843227,0.2010041162545957,0.6002344515194592,0,,,,
65630,0.9860577670213875,0.21424934558629538,0.6001535563038414,4,758.6171544598836,1269.1293607375417,0.29465252161026,4.0
31047,0.9995165253894146,0.20055324734613678,0.6000348863677757,0,,,,
56823,0.5819560854252752,0.6179081923512452,0.5999321388882601,2,453.1663229349472,757.8907233320396,,
55340,0.7395790126963818,0.46024133965796565,0.5999101761771737,4,275.07225861250043,1014.0904532259261,0.3710768222808838,4.0
39945,0.9993442602885443,0.20043291440185473,0.5998885873451996,0,,,,
52792,0.9989079840150265,0.20077051883497576,0.599839251425001,4,3004.0540482205147,7112.903767690938,-1050.422119140625,4.0
30883,0.9995073784641866,0.20016410955627018,0.5998357440102284,0,,,,
64614,0.9886554273644348,0.21100547067720965,0.5998304490208222,5,468.0812478152746,660.8714023661537,0.7273882627487183,4.0
61498,0.9987429866102298,0.20058526338560956,0.5996641249979197,1,382.16802079582953,382.16802079582953,,
2989,0.9992761563361731,0.19992756915012977,0.5996018627431514,0,,,,
61526,0.7307780616355299,0.4684050877502838,0.5995915746929068,4,1264.663428727918,1353.5963384840663,-4.446651458740234,4.0
52787,0.9989068831790496,0.20014765479064223,0.5995272689848459,5,614.3270469037399,6496.096587881198,-17.18677520751953,4.0
42357,0.9995773394705484,0.19928367757529064,0.5994305085229195,0,,,,
5388,0.9994906596675975,0.19920647484176734,0.5993485672546824,0,,,,
55604,0.6439660213171741,0.5546005554649988,0.5992832883910864,2,779.3908097309986,1361.0763197999136,,
59857,0.6505452932733689,0.5480014509791655,0.5992733721262672,2,837.397247703757,1000.0005668175419,,
56523,0.5713153516662652,0.6271757154087183,0.5992455335374918,2,820.9583934445309,1446.450801071403,,
31788,0.9989861474902821,0.19937692755657688,0.5991815375234295,0,,,,
67228,0.9991624438055966,0.1990089994086437,0.5990857216071201,0,,,,
55872,0.9995232897771443,0.19862060697768902,0.5990719483774167,0,,,,
57821,0.7746593844569724,0.42340843915139637,0.5990339118041843,4,134.97865459191348,1580.2423390455988,,
8181,0.9994432139753544,0.19857897893938636,0.5990110964573704,0,,,,
7768,0.999434235655204,0.1985053285989563,0.5989697821270801,0,,,,
59201,0.6024231870574888,0.5950046340445618,0.5987139105510253,4,888.0443550541854,1495.8621307895903,0.5603333711624146,4.0
59185,0.6854614239561101,0.5109410863936754,0.5982012551748928,7,440.4630417321297,1043.0189017250084,-1.0217664241790771,4.0
49020,0.9937054924704948,0.20245874117107432,0.5980821168207846,2,244.93456536237298,294.91281822907837,,
18335,0.99825323240642,0.19773074181463934,0.5979919871105297,0,,,,
55519,0.9994489570224521,0.1963282094634664,0.5978885832429592,0,,,,
5548,0.9980307006922274,0.19771338994286647,0.597872045317547,0,,,,
58080,0.7954772835173296,0.3998118200787171,0.5976445517980233,4,1244.6560418346446,2247.5548585798956,-4.237662315368652,4.0
12409,0.9994530885163789,0.1956482308535794,0.5975506596849791,0,,,,
30110,0.9994395856322935,0.19547302146454304,0.5974563035484183,0,,,,
66208,0.9481815096004539,0.24671564067522833,0.5974485751378411,4,538.4320142135662,1608.932879152774,0.2621946930885315,4.0
64870,0.9993940505771443,0.19538890840738976,0.597391479492267,0,,,,
59787,0.6589267717261766,0.5357963652746587,0.5973615685004177,3,1253.3034066792718,1769.1168685075904,-25.75981330871582,3.0
39666,0.999145827541878,0.1955295676460349,0.5973376975939564,0,,,,
66112,0.5919175845745485,0.602749815530521,0.5973337000525347,2,1939.043634882783,2146.451030862864,,
64542,0.9995463689332019,0.1950509238562549,0.5972986463947284,0,,,,
65751,0.8316289847936208,0.36296329862316945,0.5972961417083951,4,999.761007092287,1828.0677856998277,0.762824296951294,4.0
60372,0.7804421199225114,0.4138491938863237,0.5971456569044176,4,772.0767657269496,1611.8589940995087,-2.274770975112915,4.0
31815,0.9995815426564669,0.19456633778962418,0.5970739402230456,0,,,,
42386,0.9994781428527043,0.19454140497767247,0.5970097739151884,0,,,,
58406,0.7427136288228527,0.4510054968174363,0.5968595628201445,4,897.2654570578552,2284.218291668266,-1.488314151763916,4.0
39664,0.995985248668444,0.19747701829282915,0.5967311334806366,0,,,,
45222,0.6427460708411343,0.5506771018910823,0.5967115863661083,3,101.94710702813745,1053.6837409762863,,
10828,0.9989879622383864,0.194388502030429,0.5966882321344077,0,,,,
37573,0.9991057767012881,0.1941977763936963,0.5966517765474921,0,,,,
7051,0.9993995195532225,0.1938780745779205,0.5966387970655715,0,,,,
40878,0.975819092747174,0.21742004224831646,0.5966195674977453,65,33.04346192146341,41.304315639012465,,
60786,0.9993811928708689,0.19354334292493025,0.5964622678978996,0,,,,
63042,0.93463341666504,0.25821833470238365,0.5964258756837117,5,682.2670988038957,879.498646460352,-7.410078525543213,4.0
21031,0.9990587876010577,0.19352277326853906,0.5962907804347983,0,,,,
57412,0.558966530698952,0.6333199814860119,0.596143256092482,2,346.70964384197305,558.469444643508,,
55455,0.6543130703957887,0.5379587160989595,0.5961358932473741,3,127.67526105394823,1017.4540848854678,,
57521,0.5749551794403147,0.6172213841776666,0.5960882818089906,2,479.46683816530225,813.0191947669732,,
55489,0.6427291724133515,0.5492148557936883,0.5959720141035199,3,160.08951446155132,843.1233794171615,,
56651,0.9988682545838329,0.19298632954551498,0.5959272920646739,0,,,,
4864,0.9992879307727872,0.19237897028527606,0.5958334505290317,0,,,,
26002,0.9988887328726326,0.19274858753451496,0.5958186602035738,0,,,,
27803,0.9990071099806865,0.1925832345674029,0.5957951722740447,0,,,,
46809,0.9990384558700056,0.19148621664544585,0.5952623362577257,2,146.2198585019706,149.90552715498052,,
42679,0.9995694639955756,0.19071537799660798,0.5951424209960918,0,,,,
61485,0.9993515151539233,0.1909195762906768,0.5951355457223,0,,,,
65149,0.8125717133384152,0.37755443659658716,0.5950630749675012,2,738.7265006012439,1363.927006042175,,
25162,0.9962711444506811,0.1935541315318623,0.5949126379912717,0,,,,
36490,0.9990620888267153,0.1904983347626995,0.5947802117947074,0,,,,
41205,0.9995129193212375,0.18989641358291998,0.5947046664520788,0,,,,
56671,0.9988007543139762,0.19045266141869355,0.5946267078663349,0,,,,
57767,0.9979983163114104,0.1912061575227446,0.5946022369170776,8,411.3871422834712,695.5581863069998,-303.0707092285156,4.0
21492,0.9994858103056273,0.1895332313571072,0.5945095208313673,0,,,,
19033,0.9990971242384288,0.18991891590634857,0.5945080200723887,0,,,,
33741,0.9987025291815581,0.19009593070135078,0.5943992299414544,0,,,,
48111,0.6320507954888162,0.5566242154536083,0.5943375054712122,4,88.36413452465004,570.3445134538664,,
56640,0.9992595169997823,0.18925326955457478,0.5942563932771785,0,,,,
18803,0.9991684219601128,0.18915494301179459,0.5941616824859537,0,,,,
66015,0.9850276130721359,0.20321894748897307,0.5941232802805545,4,879.8757758505784,1798.0390450462057,0.09214800596237183,4.0
58051,0.7275304822144134,0.46067882878610433,0.5941046555002589,3,403.9031745208779,1367.465686008075,-11.932831764221191,3.0
44349,0.9385769629909905,0.2495754194191815,0.594076191205086,6,1501.756836685163,1983.3219301294637,-2.228147506713867,4.0
59878,0.9040761361088566,0.2840191990740225,0.5940476675914396,3,765.2811027101874,773.9054364134728,-4.519791126251221,3.0
45572,0.9875458476134382,0.20041592688160303,0.5939808872475206,1,452.60590463847007,452.60590463847007,,
63724,0.9921980087365,0.19566580191108718,0.5939319053237936,8,629.626809541578,1104.6671984843788,0.15341030061244965,4.0
58248,0.8174154065353137,0.3700527438937894,0.5937340752145516,3,927.6659829984033,2176.7982695321666,-267.5216979980469,3.0
42372,0.9989073270805466,0.18804343685523084,0.5934753819678887,0,,,,
25309,0.9980343687133523,0.18884805362420787,0.5934412111687801,0,,,,
31915,0.9993835200766246,0.18746422784186634,0.5934238739592455,0,,,,
41251,0.9995664219772097,0.1871198201523525,0.593343121064781,0,,,,
35065,0.9980126190541051,0.18841393205530088,0.593213275554703,0,,,,
61864,0.7296845629509152,0.4564888620726886,0.5930867125118019,4,1171.6760235472614,1520.4991899126057,-5.737323760986328,4.0
58485,0.6398709877098834,0.5459090349948641,0.5928900113523737,3,1773.8320435314156,3031.282214001132,-1.7990716695785522,3.0
20479,0.9993991492275831,0.18613543720334347,0.5927672932154633,0,,,,
38241,0.9977952322021191,0.18770867159695215,0.5927519518995357,0,,,,
49022,0.9953332663039348,0.19012514762927857,0.5927292069666067,2,282.10648394464175,379.99698919817826,,
31078,0.9988042192130594,0.18657402649362254,0.592689122853341,0,,,,
65121,0.994362246655678,0.1908543133721584,0.5926082800139182,5,488.4681795536522,8377.202152567519,-21.67020606994629,4.0
31424,0.9991649869020115,0.18588949450775039,0.5925272407048809,1,182.27794407058755,182.27794407058755,,
60130,0.7390781641487303,0.44565204565580974,0.59236510490227,5,1179.9067227482037,2511.5962797654033,-6.727507591247559,4.0
63089,0.6109881605499987,0.5736913934579897,0.5923397770039942,4,1947.935151342373,2894.0446051507133,-844.4190063476562,4.0
13162,0.9987728127258604,0.18568282690983473,0.5922278198178476,0,,,,
41890,0.9994938131119707,0.1849148347014894,0.5922043239067301,0,,,,
64307,0.5156254840276212,0.6683933590571922,0.5920094215424068,4,1031.9750995398,1798.851812112676,-4.853565692901611,4.0
39726,0.9993318730723949,0.18462403889251,0.5919779559824525,0,,,,
66224,0.8672369320052901,0.316542810143834,0.591889871074562,4,731.5238816600544,1448.9477457017354,0.1571800708770752,4.0
36231,0.9991962409404446,0.18444217356032666,0.5918192072503856,0,,,,
44339,0.9994812481498695,0.1840115247785864,0.591746386464228,0,,,,
10657,0.9991771695879211,0.18396906411128433,0.5915731168496028,0,,,,
8168,0.9987776320824776,0.18410382141089554,0.5914407267466866,0,,,,
43011,0.9989958970924421,0.183816557445443,0.5914062272689425,0,,,,
19786,0.9992643417059675,0.18348933989767235,0.5913768408018198,0,,,,
66358,0.8908887888611701,0.2918305613982226,0.5913596751296963,4,795.3770968998946,1795.1966050954054,-0.0011683106422424316,4.0
56171,0.8834481935673855,0.2992593381211138,0.5913537658442496,22,431.8929853862903,165568.6098642109,-117.80199432373047,4.0
64530,0.9996179942341331,0.18292929098580324,0.5912736426099682,0,,,,
59397,0.6612942531307686,0.5211298025388735,0.5912120278348211,4,936.490825581912,2000.5318425808466,0.09321610629558563,4.0
59547,0.7414420927108459,0.4409444494608423,0.5911932710858441,3,1498.3754425101397,1822.5697883280154,-1740.4371337890625,3.0
65718,0.9987581218291742,0.18332970583467068,0.5910439138319225,4,433.2260605055127,14359.696664104426,-51.695709228515625,4.0
24726,0.998153650767377,0.18391114499286787,0.5910323978801224,0,,,,
57991,0.7050775791474253,0.47685662951650876,0.5909671043319671,4,606.073330275675,2010.6344760441486,-203.5432586669922,4.0
57086,0.7557349630408581,0.4261105529356106,0.5909227579882343,3,211.47035140472474,1088.8133197384052,-490.1997375488281,3.0
10872,0.9988158523968447,0.18282419905130343,0.5908200257240741,0,,,,
8179,0.9995576235432011,0.181827409226765,0.590692516384983,0,,,,
33272,0.9991938504941241,0.1818688523953722,0.5905313514447481,0,,,,
6266,0.9978189891889436,0.1827896370672889,0.5903043131281163,0,,,,
35153,0.9986821898699844,0.18160596667041884,0.5901440782702017,0,,,,
27576,0.9992610366337734,0.18090075588030052,0.590080896257037,0,,,,
23790,0.9986848420589629,0.18147347204519604,0.5900791570520795,0,,,,
66316,0.998415063355252,0.18141797705614615,0.5899165202056991,0,,,,
61098,0.9903084763047019,0.1893170182244418,0.5898127472645718,1,822.312351288948,822.312351288948,,
7024,0.9996744373545392,0.17991134877184323,0.5897928930631913,0,,,,
57137,0.6806737501954381,0.49874799775545187,0.589710873975445,2,676.0128541766979,1163.9738154717656,,
21750,0.998433543112685,0.1808049878592447,0.5896192654859649,0,,,,
61462,0.9995572283275649,0.17963677484179108,0.589597001584678,0,,,,
32162,0.9992108223428838,0.17988848373353272,0.5895496530382083,0,,,,
37658,0.9987188317797547,0.18025404851784177,0.5894864401487983,0,,,,
35015,0.9988609980133603,0.18001686730289523,0.5894389326581277,0,,,,
10796,0.9990373548052789,0.17973291931225965,0.5893851370587693,0,,,,
55208,0.9994997314454427,0.17909622597102703,0.5892979787082349,0,,,,
65081,0.7583014128815786,0.42027681989750043,0.5892891163895395,3,888.2627825974886,1635.8245730705999,0.8249606490135193,3.0
56913,0.6629050168534975,0.5155156458299198,0.5892103313417086,3,174.4432405164186,944.9124285557494,,
38764,0.9995289504757279,0.17844063679849764,0.5889847936371128,0,,,,
58529,0.7888801987668809,0.38904902960583265,0.5889646141863567,7,12.286812865898954,3292.4812095800035,,
42319,0.9990783042507375,0.17855543118524353,0.5888168677179906,0,,,,
64578,0.8034120904666542,0.3741595527707998,0.588785821618727,6,307.73187495672704,1169.026614233074,-1.3065547943115234,4.0
38313,0.9991616261773894,0.17829100768163897,0.5887263169295142,0,,,,
42384,0.9993256491046442,0.17787298574504484,0.5885993174248445,1,126.03312611526884,126.03312611526884,,
23275,0.9991532695334654,0.17792205108425352,0.5885376603088595,0,,,,
64280,0.7135484836821133,0.4629050061500749,0.5882267449160941,5,730.4332828332047,1333.3871957485253,0.7255991697311401,4.0
35274,0.9996241501258892,0.17644746850681492,0.588035809316352,0,,,,
60055,0.5368690848502089,0.6391019242628961,0.5879855045565525,4,1117.540274872797,2166.2279521225573,0.19288370013237,4.0
59853,0.6591084505755391,0.5166438598778267,0.5878761552266829,2,925.4857488280923,1048.634364417485,,
66658,0.9995981914210491,0.17610459557564717,0.5878513934983481,0,,,,
59289,0.9992894562443393,0.17634516961515934,0.5878173129297493,0,,,,
60361,0.7202344410957539,0.45524889900047427,0.5877416700481141,2,1453.536993817112,1560.7670109034993,,
27431,0.9995227907964356,0.17559213316622713,0.5875574619813313,0,,,,
40611,0.9990990444807365,0.17588794870484337,0.5874934965927899,0,,,,
62383,0.9994734235881376,0.17541253490532882,0.5874429792467333,0,,,,
64591,0.9929645370289996,0.18184892513280282,0.5874067310809012,1,172.42823361185984,172.42823361185984,,
58892,0.7513121666711636,0.42338624198318964,0.5873492043271766,7,265.8296143915616,991.0768591136565,0.3101145625114441,4.0
6848,0.9988353106749641,0.17582787876097206,0.587331594717968,0,,,,
15623,0.9984965867098884,0.17561124174250986,0.5870539142261991,0,,,,
59290,0.9993543707203137,0.1743021659246501,0.5868282683224819,0,,,,
63869,0.5670988169676594,0.6064603813964358,0.5867795991820476,4,1946.7732662032643,2902.622122505992,-116.70703887939453,4.0
30300,0.9995021191833662,0.17386688240352655,0.5866845007934464,0,,,,
59876,0.7818941006597586,0.39140079187984744,0.586647446269803,2,1202.3493674695655,1216.9418856441237,,
62154,0.6978242101323573,0.47545843752707106,0.5866413238297141,3,1185.7845249823038,1773.3111582787963,-2.0129661560058594,3.0
42111,0.9991040007344993,0.17416760847467705,0.5866358046045882,0,,,,
65301,0.9993873908761716,0.17387848729018673,0.5866329390831792,0,,,,
45747,0.8744269798707756,0.2982456935465202,0.5863363367086478,0,,,,
12109,0.9984559316129916,0.1741890153246356,0.5863224734688136,0,,,,
66679,0.9993711157005896,0.17318552300390644,0.5862783193522481,0,,,,
64587,0.9866127664969174,0.18582699484632736,0.5862198806716223,5,222.47456467134802,1366.5957293523504,-0.7947819828987122,4.0
38425,0.9986584712681544,0.1735280050311898,0.5860932381496722,0,,,,
59000,0.6903656993340168,0.4816243867547735,0.5859950430443952,6,366.2041610868137,2081.867051238763,-9.07255744934082,4.0
31196,0.9993615646258772,0.17256263773515979,0.5859621011805185,0,,,,
66703,0.9967825195443033,0.17513919674456213,0.5859608581444327,0,,,,
56283,0.9992492194573925,0.1724021890648455,0.585825704261119,0,,,,
49942,0.9989813789780031,0.1726305183331177,0.5858059486555605,0,,,,
21545,0.9995683588882524,0.171910105877632,0.5857392323829422,0,,,,
6679,0.9985905979742433,0.17288260654894083,0.5857366022615921,0,,,,
56010,0.7138920482787825,0.45749575282811317,0.5856939005534478,2,1164.4937008479524,1924.5593416649672,,
64160,0.5471425104594824,0.6241204584170936,0.5856314844382879,4,3145.486031061502,7893.377555469779,0.20799188315868378,4.0
17106,0.9994972208631063,0.17174165193504998,0.5856194363990781,0,,,,
36088,0.9991206040045365,0.17206782390032183,0.5855942139524292,0,,,,
58188,0.7611888088194856,0.4099852549016456,0.5855870318605656,3,910.221051573515,2203.8511834711558,-6.108188629150391,3.0
54700,0.9991126367001029,0.1720407749392444,0.5855767058196737,3,489.84448801207463,1218.4157814752346,-315.4846496582031,3.0
40802,0.9983738924582402,0.17207548412912954,0.5852246882936849,0,,,,
63323,0.5917639738295198,0.5780717146996003,0.5849178442645601,2,1003.0967366997239,1072.9850041014577,,
57924,0.7558962019992372,0.41358464257278604,0.5847404222860116,5,245.30429311091075,2371.229476318761,-83.7190933227539,4.0
59408,0.9281134154342765,0.24127716857422665,0.5846952920042516,1,568.9063552146071,568.9063552146071,,
58469,0.9951657434190126,0.17421565972730402,0.5846907015731584,11,1148.5230501932665,2575.8048213776315,-1175.7884521484375,4.0
14613,0.9982777076488807,0.1708212999705857,0.5845495038097333,0,,,,
26028,0.9971446067728975,0.17164730002176898,0.5843959533973333,0,,,,
31371,0.9993688812779261,0.16940676939350408,0.5843878253357151,0,,,,
66049,0.9723044829161316,0.19635993209977942,0.5843322075079556,4,24227.525085192385,129008.1148553248,-129.42626953125,4.0
22183,0.9991942324059457,0.16943760209816983,0.5843159172520578,0,,,,
10649,0.9986184984158285,0.16996062831740022,0.5842895633666143,0,,,,
11875,0.9986163603773595,0.1698982348487761,0.5842572976130678,0,,,,
64518,0.9050788717933677,0.26278564362062173,0.5839322577069948,1,1597.453525207658,1597.453525207658,,
56117,0.6196303142089511,0.547950547898823,0.5837904310538871,2,491.0617141687716,810.1578367579708,,
62074,0.6555334053028921,0.5117076300710498,0.5836205176869709,4,928.3711283569494,955.6839212624443,-0.6885206699371338,4.0
44725,0.6958295993843915,0.47132075367294934,0.5835751765286704,2,465.5512521984727,499.3256142004042,,
10766,0.9991022858201207,0.16792597231545336,0.583514129067787,0,,,,
4686,0.9951063120022073,0.1716771579940215,0.5833917349981144,0,,,,
29916,0.9995455262461322,0.16722949051825142,0.5833875083821918,0,,,,
19232,0.9964071588793676,0.17017176066475137,0.5832894597720595,0,,,,
41217,0.999507680728619,0.1669900934124292,0.5832488870705241,0,,,,
49929,0.9987514734248237,0.16760329784911676,0.5831773856369702,0,,,,
48380,0.5680074307577322,0.5981520644844356,0.5830797476210838,3,192.11014417566741,1054.948487073565,,
20553,0.9982590686791613,0.16769976500428607,0.5829794168417237,0,,,,
17722,0.9925003417313382,0.1730763283845106,0.5827883350579244,0,,,,
62400,0.9994267742243238,0.16596664874638978,0.5826967114853567,0,,,,
55548,0.9992995352634317,0.16591057039501278,0.5826050528292223,0,,,,
58182,0.7064977098674916,0.45860664321407996,0.5825521765407857,4,1277.6990742024248,2236.7468819127885,-1.3510079383850098,4.0
64766,0.6388360980377525,0.5251706279667203,0.5820033630022364,2,1086.6946967677368,1260.6003004346137,,
33619,0.9993056906105738,0.16469650622561405,0.5820010984180939,0,,,,
19789,0.9991074583904184,0.16472714114325004,0.5819172997668343,0,,,,
59291,0.9992087114327768,0.1644384662953,0.5818235888640384,0,,,,
39030,0.9988148449517026,0.16387280298097906,0.5813438239663409,0,,,,
54830,0.6970493687608422,0.46534828955397445,0.5811988291574084,2,944.4583757451004,1717.853817845398,,
56675,0.9992992968212312,0.1629562105388478,0.5811277536800394,0,,,,
18906,0.9985035340372955,0.16345449860937422,0.5809790163233348,0,,,,
62767,0.5534722452657839,0.6082513942331982,0.580861819749491,4,869.6332329833466,960.2914882025027,-0.007547616958618164,4.0
22692,0.9982197880542146,0.16333913957798474,0.5807794638160997,0,,,,
42323,0.9993561980061135,0.16215767162511674,0.5807569348156152,0,,,,
61385,0.9993795787840304,0.16194991675741965,0.580664747770725,0,,,,
20554,0.9986620733254238,0.16212224691066746,0.5803921601180456,0,,,,
45652,0.9993616671785375,0.16120610801705038,0.5802838875977939,0,,,,
35441,0.9984783913607503,0.1620672380011,0.5802728146809252,0,,,,
64559,0.9991565443118544,0.1612747556199997,0.580215649965927,0,,,,
17139,0.9981576835693632,0.1619397422000476,0.5800487128847054,0,,,,
64220,0.8064654422552514,0.35352533895193494,0.5799953906035932,4,539.3975661436622,847.0837812236089,0.5920957922935486,4.0
60373,0.8069086243758775,0.35300786026318165,0.5799582423195295,9,287.4318520628389,1562.4650601414762,-1.5456019639968872,4.0
64312,0.7057785315095896,0.4541339356266417,0.5799562335681157,4,960.0844230879757,3401.8099770557615,-76.89323425292969,4.0
31716,0.9988497144109457,0.1607733619873799,0.5798115381991629,0,,,,
61198,0.9962409333583451,0.16306827375999633,0.5796546035591708,5,17184.974779812706,86953.34182747053,-5.3928680419921875,4.0
65867,0.6833252094259084,0.4759189241698851,0.5796220667978967,4,817.4494437220499,1352.8536158358147,0.720477819442749,4.0
41282,0.9995328137654743,0.15893951822539387,0.5792361659954341,0,,,,
63161,0.8358839182641687,0.32250830721391555,0.5791961127390421,5,477.493790197744,109069.3319659767,-3.3520095348358154,4.0
10531,0.9990294759090947,0.15928485899400102,0.5791571674515479,0,,,,
31464,0.9993653503304006,0.15894388667732162,0.5791546185038612,0,,,,
3093,0.9981838728538389,0.15983276558834048,0.5790083192210898,0,,,,
66231,0.9804327694643331,0.17744929209699545,0.5789410307806643,5,644.9295462446918,1416.0782781198707,-39.90554428100586,4.0
8437,0.9992800774581582,0.15856644492836425,0.5789232611932612,0,,,,
17145,0.9985687309251813,0.15924140661225294,0.5789050687687172,0,,,,
66769,0.9996249782672658,0.157978663077475,0.5788018206723704,0,,,,
61509,0.8075183756341104,0.3499117746738931,0.5787150751540018,5,873.6182648822239,1251.1280724613184,-45.69010543823242,4.0
56518,0.6470791354754908,0.5102967657767069,0.5786879506260989,2,569.7006042512379,952.1825407668688,,
65671,0.6531827771534464,0.5041497414036731,0.5786662592785597,3,5858.9332000204995,6467.4370977165145,0.7450623512268066,3.0
58958,0.9536288467935804,0.20354851403130858,0.5785886804124445,1,46.261234411722626,46.261234411722626,,
37546,0.9976668296049254,0.15946350559965183,0.5785651676022886,0,,,,
58971,0.761959442909924,0.3951125744000318,0.5785360086549779,6,599.0900902256432,1913.801337472979,0.609214186668396,4.0
58322,0.9996297140435976,0.157323716538594,0.5784767152910958,0,,,,
57155,0.694737893974017,0.46191329516485546,0.5783255945694362,2,1244.529762662403,2261.24090010222,,
58786,0.5781891405571318,0.5784143602622853,0.5783017504097085,3,1314.9728064820465,3115.845072027594,0.07346896082162857,3.0
15503,0.99873005513784,0.1578458729183959,0.578287964028118,0,,,,
21104,0.9979796955913527,0.15839200403655318,0.5781858498139529,0,,,,
59858,0.5670707425847815,0.5889855591013967,0.5780281508430891,2,1408.8793296507079,1583.457882342918,,
6124,0.9975854751381356,0.1584583121121097,0.5780218936251227,0,,,,
31248,0.9992236436636132,0.15666705702685557,0.5779453503452343,0,,,,
61214,0.7171486181051119,0.4387171458449368,0.5779328819750243,3,692.6108018454848,1641.4294948920272,-3.95198130607605,3.0
58008,0.6873121646899283,0.46843518083322977,0.577873672761579,3,870.3412209239964,1829.6087544575912,-0.23307879269123077,3.0
47934,0.9836229497754995,0.1720317714341134,0.5778273606048064,6,311.9445008846655,1097.7254345841939,-5.991896152496338,4.0
49019,0.9908437053312712,0.16431598114531232,0.5775798432382917,5,607.9997656376704,878.956307434749,-219.94569396972656,4.0
46015,0.9881858413215643,0.16693281337292265,0.5775593273472435,2,354.4175600602702,525.7486634550778,,
38410,0.9981894917181011,0.15652731051992286,0.577358401119012,0,,,,
23446,0.9992453422922513,0.1549802646902203,0.5771128034912358,0,,,,
34854,0.9956614283839521,0.1584622227766741,0.577061825580313,0,,,,
5215,0.998293296540487,0.1553704231648826,0.5768318598526848,0,,,,
6988,0.9960540411102479,0.15745400391375275,0.5767540225120003,0,,,,
35850,0.9984486010481907,0.1549385384837012,0.5766935697659459,0,,,,
22971,0.9983951202149658,0.15469070977576194,0.5765429149953638,0,,,,
37580,0.9992474723895945,0.15382802267485907,0.5765377475322269,0,,,,
6119,0.9984946998964591,0.15454551772557812,0.5765201088110186,0,,,,
35435,0.9991742774805784,0.1537239981696522,0.5764491378251153,0,,,,
11542,0.9976818631304276,0.15512023892478033,0.576401051027604,0,,,,
59673,0.6919147781071455,0.46005511685341294,0.5759849474802792,4,995.4019093624618,1219.830846186451,0.3117404282093048,4.0
13763,0.99854675067058,0.1530893998600995,0.5758180752653397,0,,,,
33655,0.9994967635888172,0.1520836369037748,0.575790200246296,0,,,,
65971,0.9990109504700972,0.15224589771137942,0.5756284240907383,0,,,,
62477,0.4802992795409048,0.6708605023596301,0.5755798909502674,3,1001.0963430286367,1020.4074084179579,-0.4575388729572296,3.0
51637,0.8035860600128679,0.3473886575623001,0.575487358787584,7,22.097616110668575,297.80151294390635,,
14998,0.9984586533968233,0.15222012603611645,0.5753393897164698,0,,,,
59154,0.5488932745434522,0.6017045785274362,0.5752989265354442,2,1131.561467499572,2077.2406714621443,,
21302,0.9987925227974737,0.15101965252697236,0.574906087662223,0,,,,
57490,0.9992682028424736,0.15014435460714803,0.5747062787248108,1,2347.759280022192,2347.759280022192,,
6118,0.9985804849743328,0.15069633375858882,0.5746384093664608,0,,,,
62287,0.5149338272509723,0.634095927710747,0.5745148774808596,3,935.0755631785028,988.2742861464332,0.4894430637359619,3.0
53234,0.7055800792610099,0.4430729368314691,0.5743265080462394,4,456.1155249429052,1126.2748115683128,-129.08670043945312,4.0
57636,0.5594233619659894,0.5885167565489324,0.5739700592574609,2,638.914716507312,1146.9767823521468,,
33650,0.9991164314032187,0.14880270444819266,0.5739595679257057,0,,,,
7142,0.999449524505037,0.14817795785676446,0.5738137411809008,0,,,,
23001,0.998780663428783,0.1488042046592042,0.5737924340439936,0,,,,
41163,0.99933732110382,0.14819167923093335,0.5737645001673767,0,,,,
6267,0.9988963299996866,0.1485763924032656,0.5737363612014761,0,,,,
59696,0.693043345773092,0.45434270803566157,0.5736930269043767,2,1129.822926610823,1312.4833767696277,,
63926,0.5649785086857445,0.5821933102217869,0.5735859094537656,2,2843.791246199823,3212.1350111907773,,
35628,0.998819392320459,0.14808709073827553,0.5734532415293673,0,,,,
66841,0.6516144517908139,0.494989739435278,0.5733020956130459,3,3339.011550496393,4934.452339311864,-0.14449994266033173,3.0
22688,0.9991868182691406,0.14720551873214238,0.5731961685006415,0,,,,
12113,0.9970839151465741,0.14903334906710675,0.5730586321068405,0,,,,
57622,0.705999565067398,0.4399316995123903,0.5729656322898942,3,139.87502934083327,1452.1737142612526,,
12321,0.9983826471335506,0.14750057892053847,0.5729416130270446,0,,,,
62199,0.5519953607670762,0.5936662547963776,0.5728308077817269,3,857.7672259718343,1010.9001907489935,-108.3106460571289,3.0
6682,0.9988774254918154,0.1465111690157751,0.5726942972537952,0,,,,
21100,0.9982056762182349,0.14710786525327546,0.5726567707357552,0,,,,
56038,0.5149717468133117,0.6303242352843891,0.5726479910488504,2,573.906788127966,961.2675217705195,,
10282,0.9980609706273637,0.14721582739961603,0.5726383990134898,0,,,,
62152,0.49025011327193757,0.655007007761885,0.5726285605169112,3,917.4228661834422,1159.91669454864,0.4411531984806061,3.0
21300,0.9991658612380587,0.1459503557322832,0.572558108485171,0,,,,
59465,0.6519191693727078,0.49283808511318494,0.5723786272429463,4,1179.6999695130673,1588.4490136471168,-0.13098016381263733,4.0
11044,0.9985161583043093,0.14600472633659778,0.5722604423204536,0,,,,
42124,0.9990328717251913,0.14498875435429182,0.5720108130397416,0,,,,
64009,0.549378353539261,0.5946093025803667,0.5719938280598138,2,1311.005306763554,1332.4572216600131,,
46465,0.9969904276232965,0.14692281945792807,0.5719566235406123,0,,,,
6852,0.9981192732596874,0.14546087566804133,0.5717900744638644,0,,,,
40137,0.9985995088627962,0.144824906079407,0.5717122074711016,0,,,,
20327,0.9992269363092234,0.14409723789584894,0.5716620871025362,0,,,,
12327,0.9983553611678188,0.14494415594531407,0.5716497585565664,0,,,,
62051,0.6329456956571782,0.5100953005088218,0.571520498083,3,840.0571697904784,1035.1118868083147,0.808527946472168,3.0
6214,0.9994355606669303,0.14357750328051655,0.5715065319737234,0,,,,
1313,0.9834365718151254,0.15914389964804465,0.571290235731585,0,,,,
11881,0.9984414143319643,0.14401931948423163,0.571230366908098,0,,,,
48681,0.6097311263737064,0.532713373293817,0.5712222498337617,3,206.01079858490678,1129.9173857230721,-26.202016830444336,3.0
7064,0.9996613927402778,0.1426496315252661,0.5711555121327719,0,,,,
57220,0.6882438235102938,0.4540054207282984,0.571124622119296,2,854.6437885104635,1517.1278615704866,,
61520,0.6709498157852798,0.471036515571318,0.5709931656782989,4,1450.9143667449907,1535.9581236924544,-0.3679928779602051,4.0
13382,0.9980606179988438,0.14380887437655998,0.5709347461877019,0,,,,
32205,0.9994148220917596,0.14168990997554254,0.5705523660336511,0,,,,
24728,0.9986328985823755,0.14244463312486766,0.5705387658536216,0,,,,
17144,0.9979539203239839,0.14293204911229296,0.5704429847181385,0,,,,
16917,0.9992962939336015,0.14147986628358145,0.5703880801085914,0,,,,
12114,0.9980840716914529,0.14267535089266692,0.5703797112920599,0,,,,
7143,0.9993491958259856,0.1411398647336275,0.5702445302798065,0,,,,
66450,0.9548517587839397,0.18540385393722103,0.5701278063605804,4,971.908323624294,1426.1675223639807,-51.963356018066406,4.0
59655,0.6285212293322171,0.5115440697564325,0.5700326495443249,3,1060.0900664483624,1363.4699880189148,-0.5164994597434998,3.0
57712,0.6131260041849671,0.5267094522467224,0.5699177282158447,1,799.4570558453717,799.4570558453717,,
55605,0.6929563560927464,0.4465416462544233,0.5697490011735848,4,101.9025243364968,1038.2876914399492,,
21981,0.998466958187139,0.1410056477638526,0.5697363029754958,0,,,,
21730,0.9989178891167456,0.14042171153232708,0.5696698003245364,0,,,,
12326,0.9983712248539099,0.14074776963087332,0.5695594972423916,0,,,,
10717,0.9994340083269598,0.139326555653014,0.5693802819899869,0,,,,
63481,0.5531018815794093,0.5854674851906971,0.5692846833850532,4,1163.1195762178515,1745.3591782146889,-0.375497430562973,4.0
62037,0.5842051266773323,0.5542485374373083,0.5692268320573203,3,946.2460437897604,1225.106390134308,0.1814894676208496,3.0
11878,0.9985559240855205,0.13982779879894613,0.5691918614422333,0,,,,
65177,0.5235716680126752,0.6145013073447004,0.5690364876786878,3,5807.036491130667,7293.714955474855,-2.037144899368286,3.0
29896,0.9993022723859365,0.1385701999809862,0.5689362361834613,0,,,,
38444,0.9985441389952212,0.13923367394661923,0.5688889064709202,0,,,,
63812,0.6359750676948541,0.5015212551838404,0.5687481614393473,2,641.7654491994398,1200.8018730763306,,
2800,0.9940404520868258,0.1428608629897815,0.5684506575383037,5,170.83996029462543,294.38685351530034,,
13767,0.998566240914614,0.13826808972010896,0.5684171653173615,0,,,,
40609,0.9989049441035863,0.13717301425477457,0.5680389791791804,0,,,,
12879,0.9977916261724313,0.1382201074279198,0.5680058668001755,0,,,,
54852,0.7250192043714592,0.41076808451138835,0.5678936444414238,2,984.4370716111384,1774.3825477556366,,
66394,0.9798985453011997,0.1556610252178694,0.5677797852595345,4,744.7765450272193,1007.1552376025203,0.5999211668968201,4.0
22185,0.9990444654770312,0.13556408523078212,0.5673042753539066,0,,,,
47234,0.9917029240506043,0.14256646161916187,0.567134692834883,0,,,,
66025,0.7360930411087716,0.3980191298810304,0.5670560854949009,2,1310.9714759235756,1817.1057475803893,,
65392,0.6802521948732307,0.45330052048067215,0.5667763576769514,3,4417.4563263789105,4506.670229005458,-105.5426254272461,3.0
15618,0.9984911717867574,0.13499969812483292,0.5667454349557952,0,,,,
66198,0.5199415705341415,0.6133451610170223,0.5666433657755818,1,1561.7702292198958,1561.7702292198958,,
62943,0.997501012593573,0.1356628364313497,0.5665819245124614,0,,,,
67614,0.9995460136658283,0.13342971599179954,0.5664878648288139,0,,,,
60108,0.5875890253020313,0.5452021779123774,0.5663956016072043,3,1389.658797967768,2185.884104918525,0.15056681632995605,3.0
59411,0.6060715026701472,0.526622102837464,0.5663468027538057,2,1133.0730530762505,1193.9249775258666,,
12551,0.9990558519539195,0.13349542502698752,0.5662756384904535,0,,,,
62482,0.39711677285575253,0.7354046246764192,0.5662606987660859,2,981.7365597774686,992.2763019587208,,
22689,0.9990030464081623,0.13344551316287567,0.566224279785519,0,,,,
19788,0.9980027478738066,0.1343378941070631,0.5661703209904348,0,,,,
64653,0.9994066812780895,0.1329155174863672,0.5661610993822284,0,,,,
57699,0.625099191083833,0.5072119873308272,0.5661555892073301,2,692.6767008824247,1238.5534540987483,,
21102,0.9978684008789283,0.1342131600751305,0.5660407804770293,0,,,,
19905,0.9987296993690541,0.13255219402451235,0.5656409466967832,0,,,,
59187,0.6826771704228862,0.4482618862750798,0.565469528348983,4,690.7331670620514,919.1123471025345,-27.831417083740234,4.0
7029,0.9990020813495943,0.13183042710858983,0.5654162542290921,0,,,,
26504,0.9976719467178514,0.13311733522997748,0.5653946409739145,0,,,,
1586,0.9975424815211298,0.13309511328199097,0.5653187974015603,0,,,,
64118,0.9003306676768883,0.2298142310712762,0.5650724493740822,4,636.3007674529275,2313.7398832764043,0.4718422591686249,4.0
28388,0.9964272307620463,0.13356644483390467,0.5649968377979755,0,,,,
60687,0.8955152592655043,0.23440275278074696,0.5649590060231257,0,,,,
57873,0.6313885970271438,0.4984525850957867,0.5649205910614652,2,613.6414068999113,1070.02702063745,,
10754,0.9989272648551945,0.13028688743932648,0.5646070761472605,0,,,,
61193,0.905015117953249,0.22410853527421937,0.5645618266137342,11,845.5548299268816,1512.7937717804484,-11.472779273986816,4.0
19785,0.9988960409738098,0.12985095848467565,0.5643734997292427,0,,,,
7161,0.9996256199026039,0.1291108012175971,0.5643682105601004,0,,,,
16271,0.9992485506827071,0.1291823868229982,0.5642154687528527,0,,,,
64859,0.7090555121676501,0.41849778966688767,0.5637766509172688,3,4256.497499769751,5851.025979327969,0.0020874340552836657,3.0
63200,0.599287692233852,0.5280958374041693,0.5636917648190107,2,1063.064726694464,1070.2351166182539,,
7124,0.9991988689590341,0.1281698192268006,0.5636843440929173,0,,,,
21516,0.9994350108479676,0.12741583727645034,0.563425424062209,0,,,,
38197,0.998802156796886,0.12783942059203568,0.5633207886944609,0,,,,
56532,0.5986663178187481,0.5279010493998887,0.5632836836093185,1,1005.7520960580416,1005.7520960580416,,
17584,0.9991649452087012,0.12702844102158517,0.5630966931151432,0,,,,
43912,0.9969790297745489,0.12801279895867024,0.5624959143666095,4,468.3551367252929,655.8622726899665,-36.86039352416992,4.0
6681,0.9987065954143135,0.1261426366645103,0.562424616039412,0,,,,
59641,0.7189786460309593,0.4053369746502913,0.5621578103406253,3,926.2119267754291,1389.4058731905334,-1.7784637212753296,3.0
63844,0.5279110309607535,0.5963366516043103,0.5621238412825319,2,1221.6684721804293,1249.8430448158201,,
49961,0.9925166863315373,0.13156435950351175,0.5620405229175245,6,152.30617539283898,9447.816861137719,,
66210,0.9705261559956396,0.15346588296487884,0.5619960194802592,3,761.143307937299,1531.9351792440991,0.5596902370452881,3.0
38433,0.9992788870587369,0.12467204836640089,0.5619754677125689,0,,,,
59925,0.6721870771385786,0.4515675871761625,0.5618773321573706,5,760.5154523858808,1267.3380568005275,-0.9715405106544495,4.0
8889,0.9981526636259308,0.12543515728725552,0.5617939104565932,0,,,,
49413,0.4043348201617618,0.7188971146778576,0.5616159674198097,1,1055.0313119372274,1055.0313119372274,,
63421,0.4429249581624146,0.6802629980608971,0.5615939781116559,4,879.0926689308274,967.4707997622472,-0.7319421768188477,4.0
59386,0.6197444064895701,0.5034277373580691,0.5615860719238196,4,832.4501832739008,1870.260915386954,-57.83680725097656,4.0
31783,0.9994089989854879,0.12375328170483024,0.561581140345159,0,,,,
59317,0.5435104368004251,0.579650719054746,0.5615805779275855,2,1254.0416231917557,1395.5430161125014,,
63086,0.5123750038318435,0.6104106611359615,0.5613928324839026,4,2348.2444617901688,3180.436440310656,-583.8102416992188,4.0
12975,0.9958010840540754,0.12642166902690888,0.5611113765404921,0,,,,
17648,0.9987282824578603,0.12339773409960797,0.5610630082787341,0,,,,
58905,0.9374489849850061,0.18418129576990172,0.560815140377454,6,1782.9307459442841,6845.244688958763,-3.776524543762207,4.0
7271,0.9988291573001042,0.12253744989571569,0.56068330359791,0,,,,
12997,0.9970713985714925,0.1240821301363928,0.5605767643539427,0,,,,
29042,0.9987149679175457,0.1223716331809086,0.5605433005492271,0,,,,
58682,0.5798710233657611,0.5411882647904438,0.5605296440781025,2,1404.3647007326974,2615.907294871137,,
57434,0.6322807359994795,0.48829246969105355,0.5602866028452665,3,207.60270641086308,1006.7423874601991,-6.476503849029541,3.0
65412,0.9677380719073676,0.1527021648772765,0.5602201183923221,3,393.7154114593854,759.7117005473707,0.5531785488128662,3.0
64610,0.9787267518979961,0.14169968740644467,0.5602132196522204,4,470.8414288137221,839.1843668437745,0.6784337759017944,4.0
66706,0.9995003722237596,0.12076946125829657,0.5601349167410281,0,,,,
9975,0.9995117813363035,0.12046796991155484,0.5599898756239292,0,,,,
21160,0.9975400376073448,0.12240333398564296,0.5599716857964938,0,,,,
65694,0.6865999531396061,0.43318274546270297,0.5598913493011546,4,675.8950360275478,1650.1245151527935,0.24746322631835938,4.0
61708,0.5630676025000265,0.5565817785223411,0.5598246905111839,5,1515.047319952738,1752.9475361528016,0.47327524423599243,4.0
62071,0.6494785577873878,0.47006270201523015,0.559770629901309,3,746.0670477899755,852.3945935036054,-8.087180137634277,3.0
62293,0.9171339585677447,0.20206084485115694,0.5595974017094508,5,5984.11229462845,9073.645532499573,-562.5990600585938,4.0
13380,0.9976595337980446,0.1201643549015845,0.5589119443498145,0,,,,
59618,0.6951885505000803,0.4223754730387236,0.558782011769402,4,934.6927321516647,1029.1949852327714,-1.1862730979919434,4.0
58828,0.8036349490389753,0.31369355616815453,0.5586642526035649,5,710.7211028457718,2112.299377593716,-1.570730447769165,4.0
11049,0.9979059723186177,0.11925406312184461,0.5585800177202311,0,,,,
56618,0.9993690616355384,0.11737246565640203,0.5583707636459703,0,,,,
46232,0.980462765003744,0.136157954381792,0.558310359692768,7,316.0659154689336,1957.7205662275678,-46.738155364990234,4.0
64153,0.7243517665373087,0.39174886319735935,0.558050314867334,4,3338.919666013259,7883.080931116641,-0.017718374729156494,4.0
61046,0.9677614701367665,0.14827549407662877,0.5580184821066976,0,,,,
43315,0.9992567427769626,0.11672483815074863,0.5579907904638557,0,,,,
38403,0.9984368834896884,0.11736753906555586,0.5579022112776222,0,,,,
66762,0.9899637691689105,0.1257405413632271,0.5578521552660688,4,1078.0936229996862,1550.7186297292078,-414.8453063964844,4.0
42987,0.9837051789991044,0.1319633223643406,0.5578342506817224,10,123.6991557314893,696.5150935572777,,
60098,0.5265241872545761,0.5888801044969256,0.5577021458757508,3,1381.0413125194589,2100.0708747970702,-2.251103639602661,3.0
46718,0.8148771266114097,0.3003389376593566,0.5576080321353831,18,68.39554950299582,570.0501519934412,,
63418,0.5507687102271834,0.5643490616205753,0.5575588859238794,2,799.1085540654298,827.6805577302662,,
6269,0.9983866013536993,0.11663078440048313,0.5575086928770911,0,,,,
64907,0.9175656848151769,0.19731214313493128,0.5574389139750541,4,434.4684694383622,684.1962032346707,-49.65585708618164,4.0
21733,0.9987655054145365,0.11559730017440328,0.5571814027944699,0,,,,
62811,0.5158472677456925,0.5984583016974152,0.5571527847215538,3,952.6264437889928,995.665844441149,-5.157108306884766,3.0
58208,0.6104981807138207,0.5037509980263365,0.5571245893700786,2,711.8659495369185,1292.178669300671,,
65748,0.7511440713520681,0.3627559088785375,0.5569499901153028,3,834.8757037470895,1540.7743272252708,0.6025668978691101,3.0
21978,0.9986980981907987,0.11510322309932974,0.5569006606450642,0,,,,
10932,0.9975124438445313,0.1159753341396067,0.5567438889920691,0,,,,
41709,0.9991547691461835,0.11392877126403589,0.5565417702051096,0,,,,
35231,0.9988607491475363,0.11363907689076758,0.5562499130191519,0,,,,
11086,0.9948370182169781,0.11765317353082694,0.5562450958739025,0,,,,
62156,0.4993389704718505,0.6129206803810262,0.5561298254264384,3,921.5056447258473,1044.3455139188748,0.8192408084869385,3.0
60466,0.9834619537469909,0.12857269253969728,0.5560173231433441,3,105.11411548528044,345.0640381806775,,
65857,0.975596459071965,0.1363988195426732,0.5559976393073192,4,949.6424939912383,1885.421630603836,0.6190340518951416,4.0
41189,0.9887194518026546,0.12326783992681856,0.5559936458647365,1,309.0788295465634,309.0788295465634,,
62866,0.8340045018553819,0.27784054494500066,0.5559225234001912,4,724.3076121531304,785.4667164802293,0.7916479706764221,4.0
67370,0.9995945335200332,0.1120575941433073,0.5558260638316703,0,,,,
61013,0.9352832129617867,0.176155056863728,0.5557191349127574,9,2236.025391933908,6435.793477368493,-3.873525857925415,4.0
63417,0.47947777165726013,0.6314869662743261,0.5554823689657931,3,951.9011141989322,1103.8020151470075,0.23483788967132568,3.0
37715,0.9993320833648361,0.11154651039420416,0.5554392968795201,0,,,,
6986,0.9979410327699499,0.11251040324417994,0.555225718007065,0,,,,
17177,0.9624972031092435,0.147640855512721,0.5550690293109822,0,,,,
64114,0.9815262723062507,0.12824908988102712,0.554887681093639,3,873.4495867436497,2668.2992828804595,0.28938809037208557,3.0
60262,0.6137578597794897,0.49594002313254393,0.5548489414560168,3,1139.8787833669737,1803.1816159425705,0.25362661480903625,3.0
58758,0.9913909407347316,0.11772051460309707,0.5545557276689144,8,544.7588393004337,1504.9707909988215,-6.12590217590332,4.0
58175,0.5961640708061291,0.5126783497226621,0.5544212102643956,4,964.8220321950802,2063.455181511392,-1.3756195306777954,4.0
56529,0.5940841667537642,0.5146444669441912,0.5543643168489777,2,878.194274826834,1379.8806273731493,,
40338,0.9954507859374205,0.11307749993716343,0.554264142937292,0,,,,
66396,0.9650532916908512,0.14283911563119922,0.5539462036610252,4,717.0990968257834,947.0289736226854,0.19625937938690186,4.0
61796,0.9992071108238825,0.10856378480549667,0.5538854478146895,0,,,,
11631,0.9986256439700306,0.10861120525305168,0.5536184246115412,0,,,,
18691,0.9987225174774539,0.10851017476402336,0.5536163461207386,0,,,,
37781,0.992779149060021,0.113751024301605,0.553265086680813,15,1762.271442466892,4896.023033409496,-605.6998901367188,4.0
49469,0.9437866932684605,0.16265348460544893,0.5532200889369547,4,127.78752428405174,557.687996469278,,
44547,0.9824449677082128,0.12280510860636384,0.5526250381572884,6,2100.593252705397,5085.038286602995,-19339.154296875,4.0
1573,0.9972339555233397,0.10766277895813348,0.5524483672407365,0,,,,
66724,0.9980303296927939,0.10671871974583913,0.5523745247193166,0,,,,
26018,0.9982068536320778,0.10646909086564982,0.5523379722488638,0,,,,
10755,0.9993754790073639,0.10439269129152584,0.5518840851494449,0,,,,
14521,0.9974075938060848,0.10585803137283845,0.5516328125894616,0,,,,
58231,0.7265042509605596,0.37663154961194356,0.5515679002862516,3,962.2612050036305,2244.4945167432597,-4.246790885925293,3.0
65552,0.9713712790676581,0.13167678742959277,0.5515240332486254,5,142.91161063551405,3984.084734878636,,
66727,0.9944324079594142,0.1083159444318944,0.5513741761956543,0,,,,
64282,0.5516443192847535,0.5508424308108139,0.5512433750477836,4,834.2264733576617,1128.4495859734657,-5.842239856719971,4.0
59471,0.5828924847052783,0.5194268520179256,0.551159668361602,3,1111.4163325025302,1447.5275518725211,-16.483877182006836,3.0
58060,0.6064792532034731,0.49555257267299613,0.5510159129382346,2,595.3307810491325,1046.3256904390453,,
62487,0.5275629466420177,0.5741880435569355,0.5508754950994766,2,998.2027345816311,1015.8292816096831,,
57816,0.6151726451280586,0.486182038726406,0.5506773419272323,2,418.3416679041247,698.716216680723,,
7825,0.9980108564970248,0.10317474532664572,0.5505928009118353,0,,,,
57749,0.6041726270991592,0.4965086251930684,0.5503406261461138,2,799.6562740357672,1295.5055332209174,,
65929,0.5934840795062242,0.5070003424234497,0.5502422109648369,2,1472.7114500478053,1654.7569393820488,,
21157,0.9913203728762696,0.1086709891594595,0.5499956810178646,0,,,,
58426,0.9805139536998193,0.1193935138141492,0.5499537337569842,2,417.58366143052154,656.7339556760744,,
63223,0.9977651895675241,0.10151148038572388,0.5496383349766241,1,110.51984976472579,110.51984976472579,,
7530,0.9983836675921904,0.10085984945402782,0.5496217585231091,0,,,,
55579,0.7495164298711378,0.34938789686245875,0.5494521633667983,1,1593.4293434473755,1593.4293434473755,,
63841,0.44880454876652565,0.6500276119377064,0.549416080352116,2,1132.4583995272994,1206.769083954491,,
65145,0.7686714862208248,0.32927270839501377,0.5489720973079193,3,884.1549521650995,1319.3850678891347,-7.19215726852417,3.0
63181,0.9904279290808383,0.10750789463602661,0.5489679118584325,4,120.20038656340893,524.998805327555,,
39806,0.9993325203895044,0.09854684973876637,0.5489396850641354,0,,,,
62969,0.5856886475105513,0.5119259521256234,0.5488072998180873,5,882.2892176471797,1195.1718247530164,-133.107177734375,4.0
64600,0.7451494216089718,0.3523479389961408,0.5487486803025563,2,760.5573914443058,803.5949635065734,,
27740,0.9982160513446003,0.09927029770420226,0.5487431745244014,1,142.95101946134122,142.95101946134122,,
37154,0.9992125492342724,0.09735227660368406,0.5482824129189783,0,,,,
67286,0.9992432598822231,0.09666266518833777,0.5479529625352804,0,,,,
67382,0.9823110803294098,0.11352861825658733,0.5479198492929986,4,237.4989687105087,5661.151661022841,-17.231090545654297,4.0
40111,0.996321536708595,0.09950780205987153,0.5479146693842333,0,,,,
65992,0.9358195641973527,0.15955841745934496,0.5476889908283489,4,5920.102601654939,12303.901083555671,-4.2137346267700195,4.0
65555,0.9697838273788247,0.12552085282228764,0.5476523401005562,2,5524.994628155894,6471.11720579376,,
31282,0.9992509743168899,0.09565953570309638,0.5474552550099931,0,,,,
64924,0.9705403479066516,0.12405382356974037,0.547297085738196,3,532.5979590607639,568.5645816914179,0.527676522731781,3.0
62854,0.7977072318185273,0.29669579227643805,0.5472015120474827,3,831.3211031615518,845.5018161146342,-2.3759384155273438,3.0
40136,0.9974192565588986,0.09670778619199405,0.5470635213754463,0,,,,
64006,0.5522639025608613,0.5418500614363664,0.5470569819986139,3,1247.3647766908045,1258.4123556879292,0.04617468640208244,3.0
62855,0.7180359772834088,0.37584019969585925,0.546938088489634,3,751.5151319215184,793.9163016776079,0.5772892236709595,3.0
66692,0.9992961159191361,0.09396460956918262,0.5466303627441593,0,,,,
33722,0.9994235882859578,0.09349006025443729,0.5464568242701975,0,,,,
64725,0.49899288395787833,0.5936181449443267,0.5463055144511025,2,913.4679047425878,932.1755119053711,,
40701,0.9311791936014054,0.16108782801745924,0.5461335108094323,12,239.9424736377787,472.96872473511917,-6.934108257293701,4.0
44723,0.7255267731492615,0.3661315627866273,0.5458291679679443,8,56.25229979679533,75.83159876527372,,
59400,0.5195162167426179,0.571447430503895,0.5454818236232565,3,1011.1072342243249,1061.9460961209604,-1.6480494737625122,3.0
63365,0.8763975367338035,0.21439504327005177,0.5453962900019276,6,764.8786027580051,988.612882515467,0.2017551064491272,4.0
42659,0.9969709031120888,0.09356990056989378,0.5452704018409913,0,,,,
37192,0.9518827486928166,0.13835218488014933,0.545117466786483,4,3461818635463.715,5548615813255.311,-9.944231986999512,4.0
10590,0.9949321504360733,0.09515587698779626,0.5450440137119348,0,,,,
54666,0.6994395909479392,0.3901766351828784,0.5448081130654088,23,15.695502019283753,1417.7581899105382,,
47285,0.8093490623297199,0.2801283117970246,0.5447386870633723,4,234.39982473614498,5159.480840320239,-1.5486130714416504,4.0
40110,0.996456805618661,0.09265510203190341,0.5445559538252822,0,,,,
38398,0.9914045634543064,0.09689581061300578,0.544150187033656,0,,,,
15530,0.997571132591273,0.09057523640866827,0.5440731844999707,0,,,,
65584,0.9875908385455731,0.10043461944151544,0.5440127289935442,4,1553.5345647411239,8490.122572068814,-3014.946044921875,4.0
10838,0.999099039546567,0.08887353789604557,0.5439862887213063,0,,,,
56428,0.5605492690984353,0.5271421743767672,0.5438457217376013,2,587.7886610774887,973.5403013870505,,
40010,0.9972734699899249,0.09027449842867541,0.5437739842093001,6,373.0961685938018,439.61725706450903,-175.59962463378906,4.0
56892,0.6138242110469233,0.47370222217247726,0.5437632166097003,2,1142.6013824404633,1251.097255962894,,
50174,0.6205521584056166,0.46680719778668367,0.5436796780961501,5,575.681326375107,1751.035049621346,-31.882797241210938,4.0
25964,0.9558716818568849,0.13118350647033072,0.5435275941636077,0,,,,
56355,0.5154667796587404,0.571119088572724,0.5432929341157322,4,538.5218351459762,1532.3759073648127,-0.3461286723613739,4.0
57411,0.540641070119317,0.5459408457961044,0.5432909579577107,2,716.8606372955212,1283.5805230638182,,
62047,0.5325318281015361,0.5537737669003565,0.5431527975009462,3,854.724736031673,893.2896357701103,0.3673121929168701,3.0
65693,0.8855477090732468,0.20048789460730532,0.543017801840276,3,793.6442976613807,1364.987087125924,-86.64786529541016,3.0
61048,0.9622869299329164,0.12318507575011128,0.5427360028415138,0,,,,
64555,0.919942095611859,0.16491352933141146,0.5424278124716353,2,180.33329727547155,250.85297905381907,,
63123,0.5181887740670561,0.5664312196446941,0.5423099968558751,3,954.933514145098,1173.5266992131087,-0.28703275322914124,3.0
65424,0.9735266671639209,0.11097519572730863,0.5422509314456148,3,600.9198346673003,935.6640594188824,-0.3481881320476532,3.0
47857,0.9792939803489301,0.1051392811266526,0.5422166307377914,10,52.8692078439254,102.43410811854241,,
65893,0.6033109340157627,0.4802272023766576,0.5417690681962102,2,1736.8134239200388,1958.7288124252757,,
56375,0.5146223146130432,0.5688816818844163,0.5417519982487298,2,854.0102547912385,1504.0332790458888,,
56694,0.5800852005947856,0.5032964615190578,0.5416908310569217,2,597.4690013550593,1045.452806428151,,
61961,0.560447170267037,0.5229077931903896,0.5416774817287133,3,819.7377291763022,943.7605897021195,0.6140099763870239,3.0
13065,0.9972284572221082,0.08612439148990203,0.541676424356005,0,,,,
65409,0.9755199310265726,0.10735521579705731,0.541437573411815,4,272.284254541455,897.4735961799269,-40.851356506347656,4.0
63583,0.5442130605250275,0.538507481936378,0.5413602712307027,3,754.2549181725799,1424.266196135494,-2.7448501586914062,3.0
57449,0.4558334682341958,0.6258681408519493,0.5408508045430725,2,388.32783843144915,634.6628199545917,,
22824,0.9985696599441218,0.08266380695299902,0.5406167334485604,0,,,,
13164,0.9982589697832192,0.08227112685417215,0.5402650483186957,0,,,,
59534,0.5264878123972514,0.5537607563156468,0.5401242843564491,2,1212.2455144253242,1517.4831800218847,,
61863,0.562713874532536,0.5171217000518495,0.5399177872921928,3,1186.2546157827114,1583.828652187808,-0.029935916885733604,3.0
66693,0.9966472649031295,0.08230169888377747,0.5394744818934535,0,,,,
47399,0.5328577572116161,0.5457445590375101,0.539301158124563,3,207.01576419546748,739.7517289679166,-21.580108642578125,3.0
55990,0.5237619730054945,0.5547644267383622,0.5392631998719284,2,747.2102184114516,1287.1334111337235,,
67365,0.9991995483975622,0.07902691545184981,0.5391132319247061,0,,,,
58223,0.6175004930216879,0.45971176904219446,0.5386061310319412,2,666.5285936425792,1175.3064329077715,,
62779,0.715653738015033,0.3612401710097256,0.5384469545123793,3,777.3734878998138,879.5166081331944,0.6095094084739685,3.0
65517,0.953316955776296,0.12305637467628416,0.5381866652262901,5,633.9258635652731,1087.0283745023178,-192.2912139892578,4.0
1726,0.9198419275357378,0.15643439099080647,0.5381381592632721,0,,,,
53587,0.9458398843171762,0.13004436826295274,0.5379421262900645,6,2157.014185398824,2660.1496090632613,-1970.010986328125,4.0
59409,0.5274131564118625,0.5479668103782922,0.5376899833950773,3,1098.5252217899967,1234.5883847713058,-0.24190878868103027,3.0
59496,0.5491762984069347,0.5261121401974078,0.5376442193021713,3,918.4998115705969,1104.9009482562371,-16.438295364379883,3.0
43911,0.9353139521011068,0.1395162987523323,0.5374151254267195,6,194.54660084888508,305.2440039348412,,
39250,0.9867049900451583,0.08769782334325893,0.5372014066942086,0,,,,
4843,0.9989589631947854,0.07531201458473014,0.5371354888897577,0,,,,
57476,0.580814172817322,0.49331716701928086,0.5370656699183014,2,545.4122343593275,938.3180709961808,,
64462,0.7617287945066582,0.3123909432349081,0.5370598688707832,3,670.0087640054406,952.0800568389208,0.5807209610939026,3.0
47935,0.9839563499513407,0.09002942645948164,0.5369928882054111,9,248.58983116188915,325.67201493464705,-4.95689582824707,4.0
48388,0.48368312256118406,0.5901502119221214,0.5369166672416528,3,180.42314210645927,629.5261613925707,,
60127,0.6134329164795629,0.46033666613577584,0.5368847913076693,3,1159.1600222490415,1265.0127698356468,0.7036489844322205,3.0
58874,0.549578089974402,0.5228642807328948,0.5362211853536485,2,1032.490101341569,1884.211390453819,,
65909,0.5972320004188841,0.47460106595072593,0.535916533184805,2,1781.4618967487534,2021.1877968334554,,
8153,0.995906311250748,0.07542012156256084,0.5356632164066544,0,,,,
54374,0.9405191547534089,0.13042975934526757,0.5354744570493382,19,181.73931115749792,2287.106574233805,,
57652,0.565141870682505,0.5056188849735798,0.5353803778280424,2,730.0816733858825,1326.924645037699,,
57516,0.6705321725112781,0.39948720005288696,0.5350096862820826,2,737.667663039908,1358.6687045158271,,
47379,0.5903382354793879,0.4796574789619428,0.5349978572206653,3,189.0235836338298,851.4841867558282,,
61982,0.49234761302798025,0.57762148113977,0.5349845470838751,3,851.7683924009718,952.380912340004,0.4164445400238037,3.0
57290,0.45915985514292235,0.6097635504220771,0.5344617027824997,4,76.3579510778797,434.943092247833,,
59537,0.656726789623398,0.4118522541135231,0.5342895218684606,2,1479.5308603431401,1619.4102315773061,,
65734,0.7083803925384411,0.36016596937336554,0.5342731809559034,3,915.5442844919265,1688.8345116583675,-0.6392332315444946,3.0
62856,0.7976068367717866,0.27000241622987076,0.5338046265008287,4,793.6611279726732,852.052842783187,0.837995171546936,4.0
10452,0.9874648206418639,0.07913892419350288,0.5333018724176835,0,,,,
63743,0.7422992597414562,0.32430400102510204,0.5333016303832792,3,865.0587873911161,1840.7153489448533,-0.2597780227661133,3.0
47907,0.5447767728739199,0.5217814103975733,0.5332790916357466,3,201.64491882467473,588.9225107132717,-15.353903770446777,3.0
59006,0.45564830020398916,0.6103659595433766,0.5330071298736829,4,697.6449638293082,1971.4346543423405,-96.72161865234375,4.0
38734,0.9853149221272041,0.08061258107348102,0.5329637516003425,0,,,,
61958,0.5538318439923108,0.512077385959886,0.5329546149760984,5,827.8268859425806,1030.6638950731526,0.5339668989181519,4.0
57052,0.6559528055066632,0.4097520661201599,0.5328524358134116,2,969.5345555811188,1766.7925519421947,,
57503,0.49794104062644473,0.5676820946095575,0.5328115676180012,2,422.1884637920012,720.9563277585618,,
65413,0.9328727280011962,0.13092537392879788,0.531899050964997,4,887.2611387533374,1449.2873165480792,-1264.0965576171875,4.0
66702,0.9957368474662145,0.06783828170926698,0.5317875645877408,2,129.91769808781575,142.70467032704843,,
64460,0.8276411774664372,0.23590412718560838,0.5317726523260228,3,804.963765152407,821.5923248610081,-0.15193594992160797,3.0
54076,0.6348936040711357,0.4283342641658815,0.5316139341185087,3,441.65052924020506,1145.1650430081306,0.6491079926490784,3.0
61956,0.5027313598415555,0.5596646925799068,0.5311980262107312,4,930.5215134974893,954.2405620305194,0.46739163994789124,4.0
62128,0.5626604377683169,0.4990787378856565,0.5308695878269867,3,881.633222063662,883.0339911332973,0.8038349747657776,3.0
40921,0.9854101453505705,0.07581679289146304,0.5306134691210167,1,394.8652519839549,394.8652519839549,,
65482,0.9047613392343494,0.15646541582061047,0.53061337752748,3,1000.7094842053671,1806.626017531898,0.3088550269603729,3.0
31631,0.9983918353678732,0.061991782966788755,0.530191809167331,0,,,,
66071,0.5681873525632939,0.4921922619849666,0.5301898072741302,3,1063.96846893813,1436.2506857075475,-0.4030439853668213,3.0
59657,0.704065395366811,0.3558608967423049,0.529963146054558,3,1373.494044429723,1648.4867636371303,0.856454610824585,3.0
56290,0.5872569195423606,0.47263786653135487,0.5299473930368577,2,644.7570932583035,1136.5864907250705,,
60099,0.4949744398611924,0.564670317244282,0.5298223785527372,4,1302.4437221938274,2021.7513486095515,0.7307944893836975,4.0
57352,0.6442228026705556,0.4153237389636526,0.5297732708171041,2,1298.5976544893613,1573.607187106742,,
65502,0.959207682090584,0.09998926379116901,0.5295984729408765,5,243.5649063374509,1077.0633508125468,-5.666156768798828,4.0
63285,0.44718200169427447,0.6117728784765097,0.5294774400853921,2,1341.4705415352068,1398.9491151610625,,
62745,0.500200636759498,0.5573999967169894,0.5288003167382437,4,1218.651541130408,1800.67125744552,0.18647325038909912,4.0
12529,0.9969945059363947,0.060585995561070805,0.5287902507487328,0,,,,
63729,0.7354512485169051,0.32189254013862945,0.5286718943277673,4,422.1819399212963,2230.140134239777,-79.39836120605469,4.0
57633,0.603266174924356,0.4535592831951808,0.5284127290597684,2,698.8341222899136,1249.1835008947776,,
58457,0.6169911990821431,0.439790374424724,0.5283907867534335,4,679.7255664047692,3110.9436681462444,-106.85224914550781,4.0
25772,0.9920124256203856,0.06476371572807438,0.52838807067423,0,,,,
38426,0.9989922104479587,0.05771204439728117,0.5283521274226199,0,,,,
40362,0.9575536523755113,0.09860888882779273,0.528081270601652,10,234.46650437609912,388.1008063215255,-8.495719909667969,4.0
65851,0.9587617137391082,0.09697752046465302,0.5278696171018806,6,897.0439701045033,1630.3882291001898,-2022.30810546875,4.0
45405,0.6039324113570377,0.4510462069986483,0.527489309177843,3,98.54738579349541,976.6645479565066,,
59381,0.602574814511748,0.45232834943053724,0.5274515819711426,5,475.32388450713,1884.2268932984907,-10.769763946533203,4.0
66398,0.9348428983683721,0.11981545483413436,0.5273291766012532,5,716.6932411665064,1006.697162766844,-0.116482675075531,4.0
56306,0.6869546121085173,0.3676939769107678,0.5273242945096426,2,517.9726675828108,884.9632784215077,,
57775,0.5604842766578356,0.49412147724103717,0.5273028769494363,1,1263.9624745156143,1263.9624745156143,,
57143,0.6138400024676515,0.4403352509485122,0.5270876267080818,2,613.3863394982317,1041.3829366148968,,
64585,0.9378336779348599,0.11540169537160883,0.5266176866532344,5,375.8767096056583,1426.0892104215923,-5.225510597229004,4.0
59162,0.5792215258973097,0.47395021882746347,0.5265858723623866,2,959.9995145153905,1751.3294925116686,,
66240,0.7767316442965575,0.27525825999151043,0.5259949521440339,3,773.195586845423,1108.229754742735,-44.24061584472656,3.0
53207,0.7212528273359902,0.33013365854646626,0.5256932429412282,3,82.91165057466279,839.5729211767597,,
46984,0.9220848052827669,0.12919097031681415,0.5256378877997905,9,3430941820144.6533,4210701346397.4,0.4508419930934906,4.0
59197,0.6087035556125677,0.44108711555873736,0.5248953355856525,3,679.9344549044798,911.3634326242046,0.5682565569877625,3.0
59269,0.5621340553556056,0.4872692248040763,0.524701640079841,4,962.7285409278937,2677.1826167450135,-139.11595153808594,4.0
29357,0.997831313090436,0.05113852194141699,0.5244849175159265,0,,,,
53204,0.6035986441112611,0.4448813205754688,0.524239982343365,2,616.657118447261,685.8511875435345,,
58107,0.8703951777981647,0.17773058997133906,0.5240628838847519,6,715.7894393124021,1185.0900098461786,0.5111854076385498,4.0
62025,0.5148595613819331,0.5331336373246828,0.523996599353308,5,942.2929268934238,982.6612337440189,-0.47272926568984985,4.0
45581,0.5364058663365794,0.5102354045209881,0.5233206354287838,2,569.4685462602791,834.6449249613687,,
48410,0.5940474487648906,0.4525307859904132,0.5232891173776519,3,202.41328041252294,669.1280997050727,-5.370301723480225,3.0
60020,0.5506659136471068,0.49574387144295795,0.5232048925450323,3,762.2512866882236,2245.7528520615574,-2870.884521484375,3.0
57641,0.619766778173372,0.4256019015221226,0.5226843398477473,2,550.708427071044,948.1890825484826,,
56891,0.5779588839658104,0.46626873224368237,0.5221138081047464,2,799.8664618544069,1420.3619776601822,,
40920,0.9734683953247631,0.07036851958433776,0.5219184574545505,0,,,,
47807,0.5180955584170319,0.5253572921115783,0.5217264252643051,3,191.24023083903268,747.2874840277335,,
59836,0.5836245587623916,0.459027993500715,0.5213262761315534,2,983.2316481190654,1089.2435605996263,,
66136,0.9734688066598952,0.0689481754424166,0.5212084910511559,4,756.7784711168453,1864.8209636477495,-5.980247974395752,4.0
45689,0.5696838907984725,0.47230231830075575,0.5209931045496141,2,650.6918176766153,1212.6131993596612,,
37849,0.9320503061920893,0.10987244521432027,0.5209613757032048,8,648.8861370736573,825.2543213294039,-1185.0692138671875,4.0
63047,0.753842010971298,0.28747125032917087,0.5206566306502345,2,694.6103409356243,805.9300017762087,,
65889,0.5319542604075005,0.5092153795511793,0.5205848199793399,2,1636.203015081611,1817.0418525000177,,
63586,0.5132691896407817,0.5278773836820111,0.5205732866613964,2,1181.836149271345,1300.4578960954511,,
62763,0.5684069432628758,0.47250648850533483,0.5204567158841054,4,866.3295335844223,877.4343662415233,-0.6316351890563965,4.0
47263,0.8032776683109872,0.23669859232146928,0.5199881303162283,4,175.85157019590142,225.7260939733364,,
57840,0.7524204821254507,0.287258990362394,0.5198397362439223,4,726.0674338620807,1329.5142011327443,-84.02362060546875,4.0
56111,0.7351240740208023,0.30388652768612634,0.5195053008534642,2,933.8432685762502,1464.8045243615738,,
42991,0.9393763039012772,0.09879360077538935,0.5190849523383333,11,216.69619060692932,477.24451338685685,-136.16099548339844,4.0
57522,0.6418937612599525,0.3959052895410534,0.5188995254005029,2,820.504067580844,1487.8191354751777,,
59584,0.6728567855356692,0.36445615654936725,0.5186564710425182,3,1101.4006335129586,1884.7264142450927,0.031183401122689247,3.0
55592,0.4613520247061961,0.5759018045080911,0.5186269146071436,3,9.706438312797523,1552.2846623273417,,
57495,0.5902509589829281,0.44677290558714766,0.5185119322850379,2,517.1504041607362,888.9077845499785,,
59161,0.6870818437545168,0.34926696040644223,0.5181744020804795,3,196.03327404036435,2359.78548910682,,
64211,0.6071411725853162,0.42888141037938055,0.5180112914823484,5,806.3539628372064,1067.4132940418888,0.11924269795417786,4.0
48317,0.47989457962981064,0.5560500444131067,0.5179723120214587,3,199.91566346018885,714.2603806286369,,
62475,0.34145354093688296,0.6943661731597343,0.5179098570483086,1,917.1098805962072,917.1098805962072,,
59025,0.4112385996342225,0.6242174197940888,0.5177280097141557,2,1189.6625883478403,2201.8238048783223,,
39763,0.9846652852369623,0.04988708184035051,0.5172761835386563,0,,,,
65719,0.9163387812668592,0.11800571553816053,0.5171722484025099,4,2956.743789863987,6713.642495623702,-12157.0419921875,4.0
58423,0.6682675645053795,0.3659433414179367,0.5171054529616581,5,122.77815283401908,1917.7720043280829,,
54642,0.7995869351517142,0.23446359061245814,0.5170252628820862,19,14.662926012543515,5172.914764657056,,
53276,0.41344515225826917,0.6203980895263934,0.5169216208923313,1,950.4526704137976,950.4526704137976,,
54035,0.9614001391249383,0.0722460162201295,0.5168230776725339,6,1487.1594271895583,2088.558971934754,-0.7606180906295776,4.0
54640,0.8845544443261597,0.14883448741051974,0.5166944658683397,9,835.4529587729074,969.2796460976309,-336.29351806640625,4.0
58041,0.7342771308270719,0.2989641464431211,0.5166206386350964,8,228.4603320681615,958.9138539713142,-0.8881738185882568,4.0
55986,0.6597818146722927,0.3728404529093331,0.5163111337908128,2,796.1214791277135,1227.450361379028,,
47695,0.9903254146096186,0.04201361866317177,0.5161695166363952,12,51.63005379827023,70.21690695286472,,
58440,0.7022585770797203,0.3297551145047054,0.5160068457922129,4,685.3863985381244,1320.2184587560796,0.2919906973838806,4.0
47981,0.5075918798142568,0.5242499332699386,0.5159209065420978,3,195.41399455529148,571.3627387648,,
57375,0.5688516415265333,0.46244297281676994,0.5156473071716516,2,569.7422574728698,971.8391587616755,,
60583,0.5414653283756563,0.4874066284912688,0.5144359784334626,3,1597.4361641135695,2222.3113609855427,-0.3370772898197174,3.0
40061,0.9869383841061686,0.041655795051183775,0.5142970895786763,0,,,,
63267,0.8214147044916625,0.207114296721565,0.5142645006066138,4,101.29990533187535,131.37711929849397,,
62412,0.7725663020164192,0.25572862070202895,0.5141474613592241,3,118.24703859273757,157.23402622007106,,
65689,0.6707614071114975,0.3570034404977651,0.5138824238046313,2,898.4377184310495,1400.0561272001262,,
67366,0.9915318176682603,0.035784407985025135,0.5136581128266426,0,,,,
60272,0.5719372419992876,0.45364872399839573,0.5127929829988417,4,905.0210944587358,2816.944423087792,-4.084226131439209,4.0
64027,0.5370163081823591,0.4885506570267909,0.512783482604575,4,1073.1574378257824,3177.5500323664396,0.4202378988265991,4.0
60365,0.7946749269603499,0.23028240385195742,0.5124786654061537,4,1382.3149076490377,1674.9083068720895,-4.855245113372803,4.0
62960,0.5108277809441132,0.5138991758025312,0.5123634783733222,4,976.9974775403523,1259.5674625177471,0.17856377363204956,4.0
63825,0.44688206547664466,0.5776260875961703,0.5122540765364074,2,920.2782062733198,963.8008840328198,,
47532,0.9948952204999534,0.028606300196504564,0.511750760348229,5,54.52123852255639,71.86889055162982,,
39485,0.9804774108035691,0.0428118015877178,0.5116446061956434,1,755.0355076797513,755.0355076797513,,
64316,0.6939244094001229,0.32905029642184147,0.5114873529109822,3,1001.8943871313888,1711.6830349390134,-27.356002807617188,3.0
58957,0.9623375357228605,0.06047137108382894,0.5114044534033447,13,770.7463589872332,13083.685966184014,-130.31231689453125,4.0
46074,0.5729909119204345,0.44804409751113417,0.5105175047157844,2,603.4123945222472,841.9759211926829,,
57791,0.5702262422506229,0.4507193827905408,0.5104728125205819,2,697.9152404947607,1257.829457771551,,
56021,0.6066492708720208,0.4137462476203859,0.5101977592462034,2,650.9271580214337,1087.840626023164,,
62441,0.7084433487445971,0.31185029879998294,0.51014682377229,3,644.3240961329714,867.0517651634889,0.47329774498939514,3.0
63780,0.3338007303489655,0.6859740501155056,0.5098873902322356,2,1796.9558537263047,2355.0039126847482,,
66141,0.9497042499879152,0.06939551989037107,0.5095498849391431,4,834.6594055768549,2051.291637946944,0.44984114170074463,4.0
56912,0.5098813007626672,0.5080850693079089,0.508983185035288,3,216.61019341250147,1172.6608538918324,-1.6058999300003052,3.0
65365,0.7392292622223935,0.2783148734748845,0.5087720678486389,3,931.209975049084,1097.373435626797,0.9041898846626282,3.0
55458,0.4435529964120961,0.5734799914888271,0.5085164939504616,4,146.7648488144512,1472.485324801568,,
65585,0.9779951863800738,0.038116377786512334,0.508055782083293,8,1440.2549153828645,6661.17847234046,-5.823310852050781,4.0
63429,0.9324678756498854,0.08330567228645236,0.507886773968169,4,490.08757187173364,740.5803113412933,0.31333428621292114,4.0
59725,0.5780254242075593,0.4376414881689864,0.5078334561882729,3,1165.8862489078015,1459.764539984138,0.1319257616996765,3.0
57866,0.5766978054498166,0.43824752542213985,0.5074726654359782,2,484.84703000103923,817.0517436429086,,
63122,0.5088523837447977,0.5060214825405995,0.5074369331426987,3,889.9647401613189,1100.7278438738,0.6995665431022644,3.0
43440,0.8551806615407692,0.15944249576014324,0.5073115786504563,8,1845.536324619935,5334.865276072367,-5751.8330078125,4.0
59897,0.6091650333880514,0.40524819943715706,0.5072066164126042,4,1007.8663657299267,1799.0688883826488,-0.9774551391601562,4.0
59553,0.6338500215609084,0.38044073694103153,0.5071453792509699,5,100.0785550397663,1236.1813541608951,,
64709,0.5925592377320179,0.421644133334646,0.5071016855333319,5,2133.04047884901,6314.481475132683,-13.016671180725098,4.0
64568,0.9422291446733945,0.07143504397602585,0.5068320943247102,5,198.61384973705557,980.2061450872725,,
64168,0.4040704432463048,0.6091638736108194,0.5066171584285621,4,3312.6678542983013,6918.345072189458,0.3079104423522949,4.0
61530,0.8027834827825422,0.21043033356048202,0.5066069081715121,3,1153.433061497607,1238.2230099193853,-332.4742736816406,3.0
60293,0.39099005453296387,0.6213981481711475,0.5061941013520557,4,1383.2697881880777,2254.427840312916,-5.833105087280273,4.0
60319,0.5791290801657424,0.4329360941787538,0.5060325871722481,4,880.5454826001596,1671.005308500641,-0.4533880949020386,4.0
59092,0.47925860195159076,0.5317772473381035,0.5055179246448471,2,1020.3346540488002,1857.4770621015568,,
48360,0.49240735174731276,0.5184858446523846,0.5054465981998486,2,610.877513244569,1041.760070884609,,
57640,0.6139283315210471,0.3959304543311528,0.5049293929261,1,1992.5587272674518,1992.5587272674518,,
35547,0.9910626840611191,0.018466341163337008,0.504764512612228,2,614.993684334661,1015.6039940703386,,
64524,0.6290160015290601,0.3804052915298447,0.5047106465294524,2,1484.777331542375,2169.906822854563,,
65583,0.9908412706795775,0.017877317312654184,0.5043592939961159,8,960.4482657231499,5368.764911587468,-2.461655378341675,4.0
65404,0.908094057890533,0.10005316738386949,0.5040736126372012,3,887.6765175901986,901.4341559952442,-0.8608749508857727,3.0
65572,0.9677529809085351,0.039622131995880494,0.5036875564522079,7,291.2097148001352,1950.8986607285287,-1.6194052696228027,4.0
47281,0.7703617325994327,0.23644443913946567,0.5034030858694492,4,376.0724524060143,435.34361383290064,0.7343522310256958,4.0
62495,0.4840601738122161,0.5224491755494662,0.5032546746808412,2,1123.5577094804516,1284.523015029214,,
64016,0.40273839617097473,0.603719972522004,0.5032291843464893,4,884.7934661182602,1053.2462978625304,0.4280738830566406,4.0
62122,0.4365510070248144,0.5698672201247771,0.5032091135747958,4,834.1189541077792,936.2368938755246,0.18524080514907837,4.0
59169,0.5333601714706944,0.4727858608172951,0.5030730161439947,2,1133.7686873025577,2101.7477973889254,,
56015,0.47382707314878436,0.5308698117116788,0.5023484424302316,4,147.7372336303672,966.3155721111796,,
62123,0.504084705982623,0.499843950961556,0.5019643284720895,3,1177.1506065022015,1328.2371280549512,0.2870698869228363,3.0
58877,0.5001039360590774,0.5033850025273189,0.5017444692931982,5,748.5695848822993,2028.2402340460635,-194.8912811279297,4.0
48378,0.535455581549469,0.4677716034211954,0.5016135924853322,2,420.87709933890795,639.6720421082451,,
56541,0.5698381154955652,0.4332740079378521,0.5015560617167086,3,194.8025291584017,1072.661852097145,,
67391,0.9769771477738016,0.025880533088174507,0.5014288404309881,1,151.91621336519765,151.91621336519765,,
45229,0.6197378770054691,0.38303213521899604,0.5013850061122326,4,256.46947664040067,900.7940992481884,-0.5690032243728638,4.0
59612,0.6022444781326146,0.4004042293335116,0.5013243537330632,3,1044.429302612569,1108.6714904035634,-2.7010252475738525,3.0
62806,0.5193857156823907,0.48261711010230657,0.5010014128923486,3,756.0277674887544,884.9888650221786,0.6805503964424133,3.0
59206,0.5184214196025975,0.4835194244732721,0.5009704220379347,4,929.7650457724669,1220.1771974610463,-3.0114786624908447,4.0
57336,0.5999379677143537,0.40192306118265564,0.5009305144485047,2,733.2253119756421,1262.2479893765592,,
57256,0.6366257919990206,0.36485903319115554,0.5007424125950881,2,1399.3048670330447,2786.493179543039,,
57441,0.6129826015124241,0.38785516754561267,0.5004188845290184,1,594.1391744359165,594.1391744359165,,
54846,0.46426402920274323,0.5360659300545678,0.5001649796286556,3,186.85819678613055,1130.7790000855882,,
45412,0.6419340307061818,0.35743507731046187,0.49968455400832185,2,293.1703363863889,507.0380256552534,,
63901,0.38944269367934925,0.6099076185097432,0.4996751560945462,1,2685.6852023082124,2685.6852023082124,,
62491,0.4491218309998356,0.5502201395723029,0.49967098528606924,2,1056.1141153980025,1217.4687975213435,,
64344,0.4736677713004869,0.5255304268392406,0.4995990990698637,3,1582.855424913452,2724.821421732556,-24.99835205078125,3.0
47366,0.5055148493977468,0.49365716130230375,0.4995860053500253,3,198.9562817952313,664.2561667690585,,
58037,0.6105356108828777,0.3885491245107541,0.49954236769681587,6,720.1518718714636,1801.9493139856077,-40.66042709350586,4.0
65747,0.6964605909025976,0.3021398165245822,0.4993002037135899,4,1062.2358766913974,1938.4361960579188,0.639493465423584,4.0
64831,0.5782769137296928,0.4192732369541944,0.4987750753419436,1,1674.2166090962537,1674.2166090962537,,
56802,0.3647755917204585,0.63256727633838,0.4986714340294192,2,929.6058489025048,1686.1269078239802,,
63431,0.8921165320460097,0.10521249915396824,0.498664515599989,8,379.8048949220406,540.8709969046597,-0.2204992026090622,4.0
62280,0.5880305378663355,0.4085779123437536,0.4983042251050446,2,885.23431576692,914.8386250407735,,
59370,0.4788283434357311,0.5174112910255355,0.4981198172306333,2,1207.1652094388,1294.0845920205222,,
45131,0.8394886442838133,0.15625209879703061,0.49787037154042196,0,,,,
48468,0.5110698882990806,0.48423719248724884,0.49765354039316473,3,182.45470224115033,591.2175075514768,,
57116,0.544564585069844,0.4498924840761047,0.49722853457297433,2,659.4549316867025,1103.3104158441117,,
57294,0.3734568305740267,0.6205154219302393,0.496986126252133,4,84.63142664754751,594.5077445153707,,
58890,0.48459913595124604,0.5091353546242892,0.4968672452877676,8,380.6602788999239,1851.1416548703003,-4.245738983154297,4.0
58789,0.4985923874519035,0.49445086434152075,0.4965216258967121,2,1255.5326178670464,2333.7549557808234,,
47760,0.4041751891792934,0.5876987677240755,0.49593697845168444,3,183.66228430456383,660.6438387963744,,
49766,0.4140661113237918,0.5777641877132996,0.4959151495185457,1,1216.1552393344186,1216.1552393344186,,
47355,0.47942456146028356,0.5118861654508523,0.49565536345556793,3,196.56821027509073,481.1060073616907,,
62336,0.7895425906779587,0.2013134708983355,0.4954280307881471,5,236.30962307566656,514.3758342120314,0.4402991533279419,4.0
59745,0.6425105681844121,0.34755681830650254,0.4950336932454573,2,1587.3640755438005,1738.0775865780665,,
58031,0.771958303144193,0.21707804434522737,0.4945181737447102,5,175.02280456172616,480.64019235110027,,
48688,0.5563296128500629,0.4315667307715455,0.4939481718108042,3,202.69814484467622,895.8218820509583,-50.208499908447266,3.0
43609,0.8898558855481761,0.09690891871569973,0.4933824021319379,9,969.8018218074703,1633.959188946792,-604.42919921875,4.0
61918,0.4079376317953415,0.5787081065189736,0.49332286915715756,2,664.9767143517056,937.5973072742245,,
47620,0.1561570514471674,0.8302937598315159,0.49322540563934164,4,60.04132375989544,1470.3930403770576,,
66135,0.9554739884374756,0.03094294963800248,0.493208469037739,3,729.0534846875374,1774.5194370837464,0.5922214984893799,3.0
66266,0.9301352410420778,0.05509786321459398,0.4926165521283359,3,1089.8689700855741,1110.407403867603,0.1862507462501526,3.0
63430,0.8896497999774098,0.09352535678931218,0.491587578383361,7,453.90480950989905,558.1979099974026,-0.9264591336250305,4.0
63807,0.5128975475028066,0.4697436105769319,0.49132057903986925,3,1078.798139520797,1185.0019177617676,-1.0497815608978271,3.0
57613,0.5784436861228512,0.4035157914871904,0.4909797388050208,1,1273.7418173667181,1273.7418173667181,,
48098,0.45274103534298415,0.5289693095897215,0.49085517246635285,3,206.1200219641628,1188.0870414519886,-5.701014995574951,3.0
48353,0.5595466675394769,0.4218148181438063,0.4906807428416416,3,194.73974439620318,620.1483309403533,,
66763,0.9763891329915166,0.004913212996439542,0.4906511729939781,5,417.6859348964969,2582.3387015716426,-44.127689361572266,4.0
57071,0.5367637456700025,0.44366945512389444,0.4902166003969485,2,647.7167449897557,1115.6196407656012,,
55381,0.6263973222543836,0.35345107421458144,0.4899241982344825,2,1606.5086224828378,2048.6210615284367,,
61661,0.5076194738208999,0.4721357896891005,0.4898776317550002,2,1706.8740249945574,1722.6429758731108,,
37193,0.9174373559179583,0.06175492540788852,0.4895961406629234,8,1458132185041.9045,3628375291824.341,-377.94219970703125,4.0
65735,0.78445430970757,0.19249146815867502,0.4884728889331225,5,850.0858753180338,1573.9924738436987,0.6805609464645386,4.0
56509,0.5453664398878599,0.43148764208475754,0.48842704098630874,3,164.38807645118973,1304.5839403103487,,
62627,0.8514251950981039,0.12348773500802734,0.4874564650530656,2,929.0445252293656,1617.1453249959902,,
62444,0.6888887723128398,0.28597346699234394,0.4874311196525919,4,775.0219562538359,876.8592448971882,-1.1171759366989136,4.0
59437,0.5517546917163365,0.4227267607980749,0.4872407262572057,5,401.69537857123214,1189.4008120650246,-66.65689849853516,4.0
43643,0.9253295423769932,0.049018229978826766,0.48717388617790996,1,1038.4510252871937,1038.4510252871937,,
67392,0.9791204342917795,-0.008648121287559984,0.48523615650210977,2,153.12502454226777,173.32641420368108,,
56546,0.48435907163787784,0.48587224067680646,0.48511565615734215,2,637.0166225988972,1097.942068522053,,
62530,0.49112701392387526,0.4786057668816013,0.48486639040273827,4,749.7618809040657,900.1341533667307,-1.5020582675933838,4.0
47919,0.4195829673322039,0.5488871251476608,0.48423504623993235,3,206.9797909296647,678.314498325217,-14.18429183959961,3.0
61056,0.6409566163123603,0.32727363718319336,0.48411512674777685,4,584.2054516551276,720.0829700277872,-0.8440591096878052,4.0
59911,0.9762697933617133,-0.00846677409197727,0.483901509634868,3,32024.07832825351,37235.59665038737,-2.964139938354492,3.0
58798,0.5832729098514611,0.38448404978222395,0.4838784798168425,2,972.5549610584521,1774.5187416439087,,
57904,0.5042611945065067,0.4632797383001126,0.4837704664033097,2,785.2736473947177,1421.6624625544925,,
58349,0.9237359191039652,0.043741863769070743,0.483738891436518,12,819.8819763149276,7771.737227629215,-1875.5927734375,4.0
60498,0.8656814604809571,0.10109414742302103,0.48338780395198905,3,371.64092453946006,527.4438683244225,-167.81954956054688,3.0
65722,0.9338056557311696,0.03265157285131748,0.48322861429124353,5,124.96852201903593,5915.28841063018,,
62160,0.4986433281298722,0.46779908684565197,0.4832212074877621,4,940.4163741654374,1102.5710892440309,-5.445072650909424,4.0
54381,0.8676227790941088,0.0984736421316803,0.48304821061289455,24,502141326665.8783,21630703687667.848,-139.52789306640625,4.0
64251,0.45984054276136854,0.505546028307226,0.48269328553429725,2,1083.5700625463453,1278.3191619530044,,
59474,0.7299281094276073,0.23357728628839713,0.48175269785800223,5,224.36051605946827,1325.7703128828873,-925.5147705078125,4.0
59932,0.7766929017172708,0.1865207074628804,0.4816068045900756,7,18.67949265383634,292.3637171546278,,
59004,0.4318356050428718,0.5310209277805578,0.48142826641171477,3,827.4017316351373,2335.87470875893,-160.8721923828125,3.0
62816,0.47857428371325605,0.48331588239495094,0.4809450830541035,3,756.8901877666327,806.0387849448729,0.289101243019104,3.0
60493,0.8472763448090221,0.11416687273702819,0.48072160877302517,5,360.1609650657191,383.25123857157513,-69.8161849975586,4.0
48046,0.8215237208216233,0.13930720323109125,0.48041546202635727,2,377.72459762762566,411.180798726336,,
53683,0.8334600050983785,0.12718192689349683,0.48032096599593765,5,176.5682981677146,1043.8795197777354,,
63043,0.6434201803566724,0.3170828019960834,0.4802514911763779,3,904.1578890228669,947.2485766780281,-4.040102481842041,3.0
62445,0.6672002697266548,0.29262168999445926,0.47991097986055703,4,864.4388612149695,877.7761232519169,0.587941586971283,4.0
64385,0.4421672084257685,0.5165047258630961,0.47933596714443233,2,708.7004809371712,1326.074353103871,,
64944,0.4447840146109152,0.5126620701710385,0.47872304239097685,3,4121.869407436756,4140.571193918561,0.3860642910003662,3.0
63803,0.32947095710400187,0.6266429792206829,0.4780569681623424,3,1200.9379871213691,2334.6754519981873,0.02113409899175167,3.0
66047,0.7090365610749723,0.24690075933312206,0.47796866020404716,8,29505.56879201095,300746.27547981247,-0.6074857711791992,4.0
60945,0.8819577373613557,0.07343254482037187,0.4776951410908638,1,262.3498408532402,262.3498408532402,,
56097,0.5659088206178458,0.38853900043590317,0.47722391052687446,2,954.5299841915656,1043.1541715558958,,
54818,0.7837506718016738,0.17068169496822017,0.477216183384947,30,346.417662744385,645.7486343455773,-78.77882385253906,4.0
63405,0.5234755229278548,0.4309124220843479,0.47719397250610135,4,922.3416752587597,1239.5905391519284,-0.9668938517570496,4.0
65988,0.9436657056479543,0.008496883765153784,0.476081294706554,3,821.6795743181967,1393.3306120611373,-38198.2265625,3.0
55492,0.595563820381134,0.3557252766259752,0.4756445485035546,2,1180.132558840633,2167.3820339797567,,
48653,0.4709750337762375,0.4785899968641727,0.4747825153202051,2,605.9134351143156,1025.3506108403196,,
56067,0.7279405925253128,0.22145344262121547,0.47469701757326416,11,23.130207389232744,416.3437214753389,,
48696,0.5465319520970306,0.4022460434070455,0.4743889977520381,3,179.0797328007151,747.8191988946394,,
62791,0.4118151001547502,0.5364536001875391,0.47413435017114464,8,131.39658056404858,124520.24802298962,,
59683,0.5371708068623926,0.41063424030167817,0.4739025235820354,2,1255.1856043624186,1299.3007989155165,,
43871,0.981042358804678,-0.03327594302071302,0.4738832078919825,16,378.756620059504,4677.254355583345,-3.2950384616851807,4.0
52303,0.29802498085120044,0.6488356157202704,0.4734302982857354,3,16.718226375386582,1015.3471392936591,,
51803,0.4048793467472952,0.541839075682691,0.4733592112149931,1,1813.935376530248,1813.935376530248,,
58705,0.6076935047075769,0.3385582873926375,0.4731258960501072,4,156.50969016727356,208.30201026493936,,
48564,0.4569844925599762,0.48844236857588563,0.4727134305679309,3,184.2230757370207,750.4715065249641,,
63953,0.4219108541908917,0.5232889640704401,0.4725999091306659,1,2347.886258193056,2347.886258193056,,
49122,0.8782036164422181,0.06642887496277328,0.4723162457024957,18,331.0495491889126,547.6877117722054,-505.96173095703125,4.0
61966,0.5856228157933336,0.3583038023083521,0.4719633090508429,3,850.2368937924067,1023.2150786263736,0.11219906806945801,3.0
59905,0.582144818797063,0.3614449124785467,0.47179486563780487,2,1314.2729696781548,1547.0559454472202,,
63519,0.4804560473163918,0.46219787887714725,0.4713269630967695,3,1214.489692620353,1578.6725310129725,0.8187263011932373,3.0
45370,0.5508379778849447,0.39155162281610734,0.471194800350526,2,351.74733251382935,631.7235215652498,,
47270,0.7772113492348188,0.1641135933398522,0.4706624712873355,4,202.0795881493225,393.6266665561469,0.6842391490936279,4.0
53182,0.3757862361245953,0.5654548014411456,0.4706205187828704,2,664.5631223274427,1316.8887163359466,,
59756,0.5375457038707636,0.4033576163715171,0.47045166012114037,5,260.5530463969516,645.899027464114,-71.52622985839844,4.0
62903,0.901195669886237,0.03859307193148531,0.46989437090886116,7,300.7916680543422,1012.3380086365156,-0.6223185062408447,4.0
52857,0.2740757160490066,0.6654000038330983,0.46973785994105244,1,1033.579224681683,1033.579224681683,,
63977,0.49616625703815354,0.442184541978924,0.46917539950853876,4,912.7441386244127,1017.5330937449434,-2.6346867084503174,4.0
60274,0.4975995073818219,0.44040509683442997,0.46900230210812593,3,1156.736755583177,2260.311608735652,0.7170256972312927,3.0
61926,0.6216898634399954,0.31435372887201407,0.46802179615600475,4,700.8097355043349,940.4014864811954,0.31825190782546997,4.0
61619,0.7943104211962921,0.14150271813867932,0.46790656966748573,5,220.5632122832338,698.2023505176351,-1.0940704345703125,4.0
64425,0.37720007560365754,0.5585596648394546,0.4678798702215561,3,2406.390410313211,4323.96247216003,0.15536892414093018,3.0
48361,0.5845739187487513,0.35095533346606456,0.46776462610740793,2,672.3331232837015,1143.2108131543007,,
64336,0.4381523464381031,0.4966065698959794,0.46737945816704124,2,999.2531514910037,1116.8344505505484,,
46054,0.4986806195457131,0.43603196529182,0.46735629241876653,3,189.39590836366423,650.9712046264823,,
43689,0.8459380079615589,0.08816853902339572,0.4670532734924773,17,307.3014063205851,576.6031886223285,-91.24703216552734,4.0
59539,0.5894311460632574,0.34443371704271164,0.46693243155298453,2,1188.007840465303,1301.3094783683493,,
44907,0.8831826053580776,0.04934211924536047,0.466262362301719,3,502.2574325061835,612.9523231435692,-1334.6168212890625,3.0
59516,0.6823330539183132,0.24766524893860464,0.46499915142845893,3,1284.5477196111376,1372.6809759662865,0.4065447747707367,3.0
31573,0.8636628754487103,0.06517420674358765,0.464418541096149,10,39318.76044297164,123141.17549345012,-70827.671875,4.0
63999,0.34733895353233124,0.5811671490572831,0.46425305129480715,2,1713.3058121976665,2512.7617607204907,,
47832,0.4148445004674226,0.5130690927628414,0.463956796615132,3,186.18757135561546,735.9732316236422,,
53436,0.44249731255077496,0.48497911451976083,0.4637382135352679,1,1865.8744120951008,1865.8744120951008,,
48395,0.529574970791143,0.39719474328515136,0.4633848570381472,2,623.5415439078553,1039.3340136788947,,
64082,0.37208168380019113,0.5541576292141837,0.4631196565071874,3,896.4346667460983,2670.4294273834093,-0.5388500690460205,3.0
63257,0.7521852144263748,0.17286372156236351,0.46252446799436914,4,1218.4805246222563,1570.5292649008202,-2.627525568008423,4.0
58684,0.4698786667814395,0.45434103969314976,0.46210985323729464,2,968.3268791965382,1751.5876426441066,,
59223,0.478811522842882,0.4439767544346124,0.4613941386387472,5,747.4865609145975,3367.9161384982135,-18.050573348999023,4.0
62104,0.43461078252478613,0.487484535247217,0.4610476588860016,3,1052.2967178366823,1141.6298082325034,-1.2630342245101929,3.0
49206,0.7915349243828611,0.13049227196162094,0.461013598172241,9,18.380258770225947,299.2471359889719,,
65096,0.6711272351275772,0.25089011901680347,0.46100867707219034,5,684.866407187208,1247.5082171943973,0.49348336458206177,4.0
39150,0.7931679583325493,0.12798898188824914,0.4605784701103992,34,178.01963373135678,363.88700024849,,
62368,0.8887309932405875,0.0319204523627028,0.46032572280164513,6,1097.4255806771184,115911.61155226256,-15412.9287109375,4.0
48305,0.4597520187354027,0.459877692381661,0.45981485555853185,4,272.851139116851,896.688621306478,-0.43195298314094543,4.0
59002,0.5859614153894872,0.33348984042582874,0.459725627907658,3,327.81975958695597,5795.30046483222,-2777.195556640625,3.0
48061,0.6980896795279091,0.22116847546256813,0.4596290774952386,6,44.71152278988999,439.06095898354994,,
52987,0.33566511223330764,0.5834351835547367,0.45955014789402215,2,454.2864883478985,889.8360242487439,,
45138,0.7860141693561167,0.13077365999042423,0.45839391467327045,8,477.4737774604925,1103.1461905047765,-1.6646606922149658,4.0
55142,0.763753707295696,0.15230442646187825,0.45802906687878714,2,411.9035547687215,426.2566792790422,,
45071,0.5241843314665331,0.3917951592718084,0.45798974536917075,2,403.46059813020867,708.639783588578,,
53171,0.37170504783077984,0.5436820577399418,0.45769355278536084,2,624.7823060878515,1228.7059951536935,,
65752,0.7770901274753323,0.13681255412420013,0.45695134079976624,3,895.1446995546908,1639.8414243729076,0.5572540163993835,3.0
53141,0.3450640650155308,0.5687980466709806,0.45693105584325566,1,1389.3348585900128,1389.3348585900128,,
58974,0.4905442750909308,0.4219278984598889,0.45623608677540983,4,642.9769602621222,4906.8657882895905,0.6080158352851868,4.0
62584,0.5811860096332855,0.33067781327743495,0.4559319114553602,8,3942.550935023227,26338.54982756562,-91.00365447998047,4.0
64424,0.3461619601627668,0.5655765223382236,0.4558692412504952,3,1842.5095198632946,4062.525721880015,0.025295019149780273,3.0
52361,0.2858224061910839,0.6258667210838282,0.45584456363745607,1,1704.6403910567522,1704.6403910567522,,
66631,0.7764744631334096,0.13517265624672004,0.45582355969006483,7,470.537733203682,994.1866091775812,0.4331572949886322,4.0
58384,0.6855008688280717,0.22569723152201948,0.4555990501750456,4,659.8239633402655,1196.56100032743,-20.220794677734375,4.0
53570,0.31053746620388123,0.600610268722451,0.45557386746316614,1,1457.950052033621,1457.950052033621,,
48655,0.432887409041007,0.4779223601452489,0.45540488459312795,2,602.5593941769758,1023.4985346728545,,
48662,0.4735133597362021,0.4367139701151327,0.4551136649256674,2,633.7111303461775,956.5200046821678,,
51622,0.7145952305665781,0.19531834666071457,0.45495678861364636,8,36.14095704032422,375.65944480917807,,
59270,0.63318857505618,0.2762849487034006,0.4547367618797903,5,912.8187917174165,2851.4363761538207,-0.4510655999183655,4.0
60034,0.5535764256187463,0.35565731236601006,0.4546168689923782,3,678.8446860478831,1846.5245520299063,-25.32545280456543,3.0
56894,0.5474401014828278,0.3612727614508716,0.45435643146684973,2,1061.637126530003,1069.3726949299562,,
63846,0.4363534361231268,0.47187031478070907,0.45411187545191795,2,957.8457021685219,1141.9205937720471,,
63590,0.49403798269242727,0.41302840875192326,0.45353319572217526,3,1004.5676427868033,1320.036252157746,-0.5064017176628113,3.0
56841,0.5160805491204823,0.3907545154296165,0.4534175322750494,1,3253.1638252178095,3253.1638252178095,,
45064,0.5630360125693664,0.34375400740565987,0.45339500998751314,3,106.89223008851886,822.2427702072661,,
65485,0.6657836109340993,0.24078364843413236,0.45328362968411584,4,864.349504832724,1563.4014737424518,0.656083345413208,4.0
45404,0.6147734951464258,0.29077776087418383,0.4527756280103048,3,93.10178177457516,942.3568123939026,,
63576,0.3440429499745552,0.5611389539987465,0.45259095198665084,3,1032.5710793166095,1402.593659156291,0.33181121945381165,3.0
49284,0.5888038233897482,0.31600828809982207,0.45240605574478515,16,21.974836672085797,1139.3870077735012,,
58678,0.3452131413415722,0.5585911222483708,0.4519021317949715,2,1158.5296913319337,2126.2443548121587,,
48323,0.41688899450389705,0.48639232451804526,0.45164065951097115,2,411.97686046212783,632.8251964518804,,
56413,0.4147539098506967,0.48808728954596137,0.45142059969832904,2,829.016700166281,1264.3683725706699,,
57880,0.5866278060381598,0.31542807430460595,0.45102794017138287,1,1884.9370709329864,1884.9370709329864,,
46061,0.4948966059239801,0.40664394281095273,0.4507702743674664,2,457.927123863473,723.7936223927892,,
56689,0.42680499428023344,0.47465215124858506,0.45072857276440925,2,1131.8639711298163,2102.545910597699,,
61962,0.6463889145584794,0.25375247534761325,0.4500706949530463,3,872.3140715212904,1177.6645874461015,0.3904922306537628,3.0
58973,0.6359251473590893,0.2641990711631127,0.450062109261101,4,694.6881073039148,5937.076979188374,-361.3930358886719,4.0
66770,0.928772379357336,-0.02902462155686636,0.44987387890023484,1,367.13495319715184,367.13495319715184,,
63969,0.2900640597667433,0.6096702370095783,0.44986714838816083,1,1650.7867411847562,1650.7867411847562,,
51623,0.7619408895171798,0.13740707688010545,0.4496739831986426,2,171.72108493784953,179.87861119068592,,
62132,0.3484869779494828,0.5503858807821398,0.4494364293658113,2,1070.0538506954167,1209.617865161497,,
53438,0.3035148739319258,0.5948002059629225,0.44915753994742413,1,1338.8954212881213,1338.8954212881213,,
63506,0.5904561077391854,0.3070848328719381,0.4487704703055618,2,1173.7124909725662,1491.0878464101909,,
63500,0.4888261952338604,0.4076193648015449,0.44822278001770266,3,718.4403554923522,1436.1464396610716,-0.23328988254070282,3.0
50841,0.4938409321803253,0.4025352671341522,0.44818809965723877,1,1542.5717248390865,1542.5717248390865,,
60265,0.5096247232006146,0.3853180997335941,0.44747141146710434,7,200.06633999278498,1708.3230070358177,-2.204099655151367,4.0
59256,0.5902928476486007,0.30462657109941593,0.4474597093740083,5,442.91670850458127,2041.7900070621783,-400.3471374511719,4.0
48100,0.44327095776148373,0.45150754459622955,0.44738925117885664,2,526.5885702911804,850.8040777245991,,
57734,0.5317191118232383,0.3621448251926306,0.44693196850793443,2,1001.0890614533083,1852.9571674283914,,
48287,0.44854645725723086,0.44481757007996847,0.44668201366859966,2,409.85692618070163,628.6031500290745,,
25544,0.8362930997692235,0.055755957816408075,0.4460245287928158,35,181.31563781933124,393.5993807737627,,
58376,0.6981059441777169,0.1937933647183886,0.44594965444805273,5,548.3599779313795,1271.6000520805324,-250.9078826904297,4.0
57330,0.5039299195954396,0.3879571915528277,0.4459435555741337,4,24.23524145484369,1232.286036125245,,
66682,0.8757366791668545,0.015884005347378327,0.4458103422571164,8,680.68044646768,16583.985512539628,-27.200748443603516,4.0
47226,0.7968814077152077,0.09392984464776011,0.4454056261814839,34,176.36813956609805,325.33795319691296,,
59674,0.601581790756845,0.2883104424914714,0.4449461166241582,3,1185.1274342265929,1194.4127867781835,-289.3239440917969,3.0
63569,0.514819564893392,0.3734253355119308,0.4441224502026614,2,1276.14862495501,1581.8546812097486,,
51795,0.6097213226338599,0.27843732797808585,0.4440793253059729,5,433.6282743507036,2042.0053957387406,-219.16563415527344,4.0
64337,0.49100810229459046,0.3961162950771432,0.4435621986858668,2,925.9776364487484,934.4083860762064,,
62193,0.41104882840149415,0.47606752516592776,0.44355817678371096,2,961.9021131175726,1489.1462625155702,,
48568,0.5217246371134306,0.3651753084066637,0.44344997276004716,3,193.01726264286447,784.8448155500741,,
63399,0.5079735251655075,0.3788237901930873,0.4433986576792974,4,1016.8645798835249,1260.7632946428125,0.10749197006225586,4.0
45433,0.7481142945811985,0.13828125258651003,0.44319777358385426,2,131.03678429308692,137.33563857332467,,
63281,0.3769483577609225,0.509368600684792,0.4431584792228572,3,1090.3876711570258,1268.9815303479622,0.05616001412272453,3.0
57908,0.5425039380851445,0.34354524422209,0.44302459115361725,4,647.5152131022846,1274.9497425877287,-51.3175163269043,4.0
55610,0.5682616778015492,0.3172163735008344,0.44273902565119183,2,1109.4084487060125,2205.8160656970595,,
51136,0.4325428623833907,0.45275133876961815,0.4426471005765044,3,390.5077939714205,1285.4840896899482,0.3754325211048126,3.0
60126,0.5303940045665816,0.35447420369901583,0.4424341041327987,3,1303.8655792363031,3226.938389237557,-10.176177024841309,3.0
57818,0.4546937131905433,0.4293264405960068,0.44201007689327504,3,157.88796685838997,1020.6744928747565,,
57106,0.4458004247884565,0.437189135881906,0.44149478033518125,3,221.74864126095116,1893.8002717182871,-1.4315805435180664,3.0
58545,0.5593986137113022,0.323317807353414,0.4413582105323581,5,489.99637117116083,1778.4861333619078,-5.464677810668945,4.0
56843,0.5412062064499724,0.3401634937199949,0.44068485008498365,2,535.7444156344261,935.9061346591136,,
59439,0.6040474176699535,0.27687925461328855,0.44046333614162103,4,1035.4720916439148,1262.9632895179018,0.7307506203651428,4.0
59607,0.7269299677479315,0.15319706402507538,0.44006351588650344,4,971.7564091316906,1040.8211933804876,-16.209211349487305,4.0
65738,0.5187971712189683,0.36112980263952454,0.4399634869292464,3,840.2284765719365,1552.4809863188343,0.8262205719947815,3.0
54772,0.3905694142488969,0.48913908102446635,0.43985424763668163,2,635.1322769189082,1240.6107240107535,,
63386,0.5058650968546139,0.3737820738206433,0.4398235853376286,2,857.7961032333046,1383.0930609341474,,
53787,0.29611809180883353,0.582971557747617,0.43954482477822526,1,1594.010754130072,1594.010754130072,,
65359,0.6515971826418798,0.22697121538559195,0.4392841990137359,4,783.9063567731366,1139.0090655087636,0.6628239154815674,4.0
53607,0.3183327577951389,0.5602009934517962,0.43926687562346756,1,1860.4302440464912,1860.4302440464912,,
49728,0.3842145645318914,0.4943173734962032,0.4392659690140473,1,1626.9897343778043,1626.9897343778043,,
59219,0.6030826610254678,0.2753282891672495,0.43920547509635866,5,498.8407708042863,3040.9161857072504,-9.396025657653809,4.0
47884,0.5316150318582864,0.3456842119541619,0.43864962190622414,3,207.30717502674253,686.4696560257379,-50.07902145385742,3.0
56417,0.40298206511697277,0.47270185228437533,0.43784195870067405,3,139.23232926326114,1052.598382219716,,
41579,0.805492961098661,0.06889575871676734,0.43719435990771416,20,88.80356023713455,1600.942306111959,,
53498,0.6057186840352572,0.2675545888440888,0.436636636439673,3,681.4126127902622,922.0171110993792,0.15596921741962433,3.0
58557,0.7776068897955295,0.09353443729309063,0.43557066354431007,0,,,,
58042,0.6043721900146515,0.2665439830544183,0.4354580865345349,5,853.8867250047016,1244.1250289979516,-72.10010528564453,4.0
53743,0.4103379171363163,0.4602045939764522,0.43527125555638424,2,1417.0867615133402,2610.7814712474446,,
62860,0.7404715034654097,0.12902099041853854,0.4347462469419741,3,687.9090902382474,689.3089223588207,0.7099137306213379,3.0
47821,0.5590552486322755,0.30964816674391804,0.4343517076880968,3,183.70546678876758,724.7149295124258,,
51651,0.6592383122271959,0.20851327605989844,0.43387579414354716,4,128.20748391131542,374.87472291225214,,
55370,0.5171939512837638,0.350151774928559,0.4336728631061614,6,177.55932236177378,1776.8914598623517,,
59300,0.4672170272916223,0.3985508573020704,0.43288394229684635,2,1542.8040454677819,1646.3715018485311,,
48405,0.5397976544076596,0.32596311531735667,0.4328803848625081,2,530.6862021339173,866.7027907082328,,
57896,0.31125749835182437,0.5544225904174975,0.43284004438466095,2,878.7618783771484,1598.0892876426606,,
47838,0.42471519125125035,0.4387437122602543,0.43172945175575234,3,185.21728661892772,814.5239264613004,,
53622,0.3474880654389413,0.5157660369430292,0.43162705119098527,1,1352.6318250967754,1352.6318250967754,,
61062,0.3237828820322729,0.5390932916122573,0.4314380868222651,1,792.8188156042037,792.8188156042037,,
53172,0.32568688731342066,0.5371648039484497,0.43142584563093517,1,1355.0235610302907,1355.0235610302907,,
58827,0.6282943151326867,0.23391678540500882,0.4311055502688478,5,410.8290259725037,2914.4986263349942,0.4253365695476532,4.0
62109,0.4487809618775621,0.41310410698986233,0.4309425344337122,2,1075.1749275871866,1157.9765503072151,,
53535,0.44657829932433046,0.4149923544213968,0.43078532687286364,1,1513.2525786947324,1513.2525786947324,,
58043,0.8347820190963835,0.026630184789751987,0.43070610194306774,6,134.8749610014456,226.1929584945891,,
54673,0.7305679380352511,0.13066371078118433,0.4306158244082177,14,18.070478140227234,259.59533991154694,,
45080,0.6205559894286474,0.2394357737958741,0.42999588161226077,2,383.38094079318773,682.5302866829333,,
47352,0.5301258011198382,0.3295565478029131,0.42984117446137565,2,559.6351671440691,917.119535072469,,
63599,0.7631549225585138,0.09577456347625046,0.42946474301738213,3,532.0289231453039,139099.14175384393,-3.0161359310150146,3.0
57061,0.6048093663650005,0.2539937771292585,0.4294015717471295,6,367.89671354463144,1272.8330910902937,-10.703805923461914,4.0
58218,0.5553770259484396,0.3022564549666097,0.42881674045752466,2,962.7851559215046,1785.8470331313117,,
63897,0.23340966321234047,0.6240878100586811,0.4287487366355108,1,3074.3696110360042,3074.3696110360042,,
54125,0.7736495601168997,0.08370044532488075,0.4286750027208902,13,14.456383588913193,20.651976640866113,,
63654,0.25812463858585144,0.5988180373980239,0.42847133799193765,2,1292.7942363330121,1298.2499962702366,,
54790,0.3623892242683592,0.4943292351053311,0.42835922968684514,2,620.596474693214,1162.930372992776,,
58970,0.459067353989717,0.39737206173624573,0.42821970786298136,6,514.6671977400368,5690.004067091872,-38.70892333984375,4.0
64427,0.4217244202015862,0.43409667526071327,0.4279105477311497,4,2725.6101955220915,5062.381316272957,-1.6351059675216675,4.0
62962,0.40630711721902546,0.4475154683351893,0.4269112927771074,2,965.968256720263,1136.5884657974445,,
56710,0.7617681685902822,0.0919377933242348,0.4268529809572585,10,25.71326458265009,43397.128787200265,,
52603,0.2997067445245779,0.5537952394850667,0.4267509920048223,3,14.146647253832967,1866.3660970311244,,
47630,0.4776307657568931,0.37498295003805526,0.4263068578974742,3,199.74716153608384,996.1921665184557,,
63679,0.346279824566434,0.5041854467227695,0.4252326356446018,3,1132.3368692689664,1337.324337098297,-0.45140406489372253,3.0
52345,0.28356963441184,0.5667352754104259,0.42515245491113296,1,1168.1220477885602,1168.1220477885602,,
51759,0.35218611622771256,0.49791397106874635,0.42505004364822946,2,754.2867393089086,1496.250343742478,,
48311,0.5558305603596503,0.29359079523277887,0.4247106777962146,3,197.37258371982054,788.4322972929286,,
64951,0.5364561982066471,0.31283577798134354,0.42464598809399534,3,4613.340109346208,4620.963096218288,0.7479345798492432,3.0
64711,0.4204494700987915,0.4284648282480197,0.4244571491734056,4,1693.4340680663543,3389.2997660851156,0.28083017468452454,4.0
59846,0.4573185721348765,0.39131703928496275,0.4243178057099196,4,931.7256818802014,1102.2251026192737,-0.5249484777450562,4.0
52115,0.4066256144937479,0.4409431991761098,0.42378440683492885,3,215.2416478410608,1599.847220670066,-0.12832410633563995,3.0
52907,0.8086261555349858,0.03711457986440614,0.422870367699696,20,177.15218012287585,1905.8618823057493,,
52475,0.31983745108022776,0.525723259676557,0.42278035537839237,1,1328.5189659977118,1328.5189659977118,,
67474,0.7857926634361286,0.05874944352280942,0.422271053479469,5,648.7069863574507,14920.673547571529,-510.3712463378906,4.0
59460,0.4810232034921811,0.36309143315221004,0.42205731832219556,3,1229.6693298962,1517.5451427786036,-13.153564453125,3.0
58558,0.750962602943297,0.09198588593000923,0.4214742444366531,19,234.47820012811644,2231.6603661104373,-16.590349197387695,4.0
64209,0.3968858110181389,0.4458859332957481,0.4213858721569435,3,932.3756094235536,964.6945975130395,-0.8817571997642517,3.0
50488,0.7041807509866433,0.13784945843145846,0.4210151047090509,0,,,,
53784,0.39879987809511763,0.44301143584410874,0.4209056569696132,2,1422.4558006370712,2322.8252646211395,,
60465,0.7434537904768102,0.09832125788586565,0.4208875241813379,3,205.84878661589784,538.4865558374004,0.0790441632270813,3.0
64005,0.3389710804188375,0.5023396766568065,0.420655378537822,3,919.4734385453497,1027.8128492388691,-27.256927490234375,3.0
52305,0.2853775921960049,0.553512952210795,0.41944527220339994,1,1025.6271136819805,1025.6271136819805,,
46479,0.7181707806183397,0.12057845899838382,0.41937461980836177,28,217.09470759578053,328.45074556340217,-4.6475629806518555,4.0
63917,0.2756378244105223,0.5621674233373797,0.418902623873951,1,2627.5995944399424,2627.5995944399424,,
62926,0.3362106822604175,0.5014521962856116,0.4188314392730145,2,922.6168564394088,973.4722096009409,,
52644,0.3861386404246214,0.4513860628990277,0.4187623516618246,3,38.13447597248448,896.2446179699933,,
63709,0.5640475310035803,0.27319532333661634,0.4186214271700983,2,1089.2184393377029,1300.640239573063,,
49761,0.398020511566055,0.4389391136425359,0.41847981260429545,3,15.121044050661212,1362.6719165936086,,
39084,0.7644927133212476,0.07242340688699245,0.41845806010412,37,155.3029559935972,339.1056511826768,,
52839,0.2129186984293865,0.6239117748399111,0.4184152366346488,1,1126.9200372247274,1126.9200372247274,,
48042,0.7044005811769545,0.13234364933158094,0.4183721152542677,9,36.34747990832928,98.50992563035005,,
52879,0.4257709262077679,0.4104919105296022,0.41813141836868506,1,1259.6659492625424,1259.6659492625424,,
63640,0.3581052541020453,0.47779279606489056,0.41794902508346793,2,1318.9479072894128,1461.1444065610624,,
48370,0.4620616173708463,0.3736769756453999,0.4178692965081231,3,184.2600787182952,532.9540701062296,,
54161,0.22911294903968593,0.6059558846291181,0.417534416834402,2,918.9383684096299,1262.323606181979,,
48648,0.4350835310791189,0.3999527030654345,0.4175181170722767,3,192.92555496169697,1033.202560155752,,
58951,0.6016940791397078,0.23317271775850712,0.4174333984491075,7,279.21057173254775,2181.0069038104593,-12.090662956237793,4.0
65016,0.6754706517910885,0.15926219914591322,0.41736642546850083,3,912.6180748456484,1884.9209323809575,0.20734958350658417,3.0
53280,0.21754814067808215,0.6164238987859667,0.4169860197320244,1,984.3386971397841,984.3386971397841,,
59335,0.46895258108054905,0.364950689287486,0.4169516351840175,3,1187.967688600301,1644.378585794909,-0.02032581903040409,3.0
51864,0.33034344374231117,0.5027125706801094,0.4165280072112103,1,1257.8332211449103,1257.8332211449103,,
47799,0.44522497957645524,0.387818466700399,0.4165217231384271,2,472.9135161958112,736.7140862910095,,
63593,0.4264102527636009,0.40662462742324856,0.41651744009342473,4,1036.456599714126,1292.5340619994045,-2.1633851528167725,4.0
58063,0.6805886125542631,0.1512508483425904,0.4159197304484267,2,563.6760351992648,984.143295076429,,
54780,0.34154066386326454,0.48931125909100714,0.41542596147713584,2,704.3745714319725,1181.909555653697,,
62896,0.2690501602817641,0.5615544597932591,0.4153023100375116,3,1054.7375696721253,1127.8464327924155,-0.25374260544776917,3.0
58364,0.5934126043441615,0.23665364569008407,0.4150331250171228,7,66.44236505480279,1301.5635867212063,,
48658,0.5128918653744776,0.3157992242517538,0.4143455448131157,3,193.57526220024027,1140.8110359390296,,
62603,0.41305086548225645,0.4146661664073583,0.4138585159448074,2,893.556259556621,1041.488508257452,,
56707,0.44751386931596904,0.38016002913387537,0.4138369492249222,1,860.6413139000892,860.6413139000892,,
58483,0.6985365770454937,0.12891131058872618,0.4137239438171099,4,486.10027790149974,954.8224126675524,-186.3885498046875,4.0
60604,0.2598181160292017,0.5667771330888612,0.41329762455903146,1,1859.4111495697894,1859.4111495697894,,
53738,0.34557288679053855,0.4801340123025397,0.41285344954653913,4,121.07599507331072,2262.858620123409,,
57868,0.4123447491625627,0.4119736746830718,0.41215921192281724,2,501.9677047639693,992.8050381199118,,
45430,0.6902939277240967,0.13342447721546513,0.4118592024697809,4,895.673255461604,1851.8565752438228,-1.5080771446228027,4.0
64704,0.375214240702915,0.44840968408968895,0.41181196239630197,3,1410.1710533024711,3372.9150777040377,0.5877854228019714,3.0
57147,0.34934523600931056,0.4732203398973831,0.41128278795334683,2,899.5649538392822,1602.3558041598062,,
45159,0.648534016788956,0.17396699834338336,0.41125050756616965,7,209.98922749158817,1227.3878569455744,-0.39825326204299927,4.0
46469,0.7822337897482827,0.04019590483054303,0.4112148472894129,22,79.71664053610564,189.9982114827706,,
51150,0.28515446299375036,0.5371273414904314,0.4111409022420909,1,1329.9858607252665,1329.9858607252665,,
53291,0.3084203910723914,0.5136707159280538,0.4110455535002226,1,1033.6982135273743,1033.6982135273743,,
47368,0.4331027672433426,0.38896832251439184,0.41103554487886723,2,410.0815607871438,629.2662737451913,,
59254,0.5333259983037155,0.28859966393590375,0.41096283111980964,6,477.1252240949761,2722.2986824184536,-16.10048484802246,4.0
48062,0.6603693803872599,0.16135375097932492,0.4108615656832924,2,338.89893591458684,413.65908640732755,,
65269,0.6604292209703344,0.16125348914860793,0.41084135505947117,1,240.88077474565367,240.88077474565367,,
55153,0.6865214393330287,0.13461028334503677,0.4105658613390327,14,18.504178984191896,181.24182664060382,,
47260,0.5540991444322456,0.26655316073168545,0.41032615258196553,4,336.52387642961054,399.20261408125356,-5.723046779632568,4.0
51784,0.44582943997145474,0.37239896715171095,0.40911420356158285,2,1152.1975898290482,2054.755415070156,,
64314,0.43870881880845514,0.3784883653385319,0.4085985920734935,2,3161.3654555168487,4780.921026265008,,
49217,0.77364746917048,0.04345106681220656,0.4085492679913433,16,15.902020341010418,260.4213986167187,,
58391,0.6949478296132439,0.12132975663175527,0.40813879312249957,6,490.2535696470797,821.3772847678205,-30.250032424926758,4.0
48774,0.6882531262855546,0.12791660005796357,0.40808486317175907,14,20.445457739225834,64.02113267536997,,
56525,0.30679465635197467,0.5088833811688327,0.4078390187604037,8,109.13534718586472,819.2743860375462,,
50818,0.19226660528135153,0.6233658197872212,0.40781621253428635,1,1300.6744818933269,1300.6744818933269,,
63465,0.32638615232788515,0.48906938611604855,0.40772776922196685,2,1280.0670190715525,1313.324282461065,,
53488,0.5523520524312786,0.2617938745093701,0.40707296347032434,3,638.2720562315225,1047.9445094088367,-0.7888882160186768,3.0
62107,0.4342951967957499,0.3797452714292413,0.4070202341124956,3,926.1185787138556,932.243179133539,0.6933267116546631,3.0
48784,0.5801686981021028,0.2321787510409341,0.40617372457151846,8,21.168262905597356,1673.4285631893983,,
52122,0.37593390102027013,0.4361353902899582,0.40603464565511416,1,2013.6629476663525,2013.6629476663525,,
51991,0.2817745620852844,0.5296998286025136,0.405737195343899,2,607.166087889287,1106.7307132653498,,
58035,0.707135822425222,0.10332321721057336,0.4052295198178977,7,665.0263905709526,1171.1698113794157,-1.2215020656585693,4.0
64029,0.3575369290640612,0.45276411250313675,0.405150520783599,3,1755.6260015010103,2310.43398520166,-4.038807392120361,3.0
45157,0.6182280596813972,0.19138135011976132,0.40480470490057924,2,275.8278447593834,285.1625412986316,,
58710,0.5721414097919035,0.23677968679217354,0.40446054829203854,4,417.93836736195027,512.2792556608036,-10.813187599182129,4.0
51654,0.6660093284314919,0.14238991243808352,0.4041996204347877,2,182.4808809231272,190.65906414359142,,
53047,0.5456101726757905,0.2614940231621352,0.40355209791896285,3,38.20683713540345,1505.5214100827507,,
63570,0.2698643927498856,0.5370952925566503,0.403479842653268,3,1002.5441780838063,1684.9192032821236,-2.4678235054016113,3.0
45088,0.4890380125459467,0.317295179925303,0.40316659623562484,2,300.14769760521904,514.3783768560302,,
48093,0.38880800125690285,0.4170653330212807,0.40293666713909176,2,697.2485546339462,1197.219638690454,,
54133,0.7366015858150947,0.069002955530299,0.40280227067269686,14,14.869424147288914,184.83519710641218,,
58937,0.2684275050198818,0.5371357554708264,0.40278163024535407,2,1045.423677808087,1790.5156435565439,,
63001,0.2631736307478165,0.5423557914335155,0.402764711090666,2,906.1257850625472,984.6890157363116,,
63856,0.23126969282973353,0.5741085002874171,0.4026890965585753,2,1203.6365489267616,1211.018862218977,,
64203,0.3641138847767408,0.44075451303613955,0.40243419890644017,2,984.8598275015539,1115.3350731052212,,
49414,0.2954275201859534,0.5087623927671459,0.40209495647654964,1,842.8603634004473,842.8603634004473,,
48123,0.5557543221417709,0.24799858255552876,0.4018764523486498,2,512.2399386299796,837.7677981180929,,
48396,0.4181567257568206,0.38532532062732805,0.40174102319207433,2,545.9319353265169,890.6265450086051,,
56125,0.44318075494036846,0.35797913653627633,0.4005799457383224,3,218.05483426651224,1065.2869378244766,-1.5183395147323608,3.0
52845,0.26008708970620065,0.54103201205201,0.40055955087910533,1,1856.151371840835,1856.151371840835,,
59871,0.4756291775330813,0.3249168242800755,0.4002730009065784,3,759.7923090769397,1542.7235290411481,-3.0517024993896484,3.0
59171,0.4665681626967133,0.3336887246486381,0.4001284436726757,2,1227.8538287391577,2265.8117833946667,,
63125,0.7454681046401849,0.04936930714285992,0.3974187058915224,0,,,,
45439,0.6197050066807643,0.17508060696956584,0.3973928068251651,3,438.02836159214434,461.36509056044645,-0.533930242061615,3.0
58141,0.7285499903030083,0.06584214652270393,0.3971960684128561,0,,,,
53249,0.26484807527511167,0.5295440352799201,0.3971960552775159,3,555.3099796655132,2546.444454319665,0.029662827029824257,3.0
62282,0.3202857067962881,0.4734322506019858,0.39685897869913694,4,971.9975090549228,1164.9292879848167,0.15696585178375244,4.0
56527,0.43588028938876744,0.35754094522278446,0.39671061730577595,2,1107.0820214238759,2008.1802680876478,,
56896,0.3621250695391999,0.43099790395907334,0.3965614867491366,2,974.1541917972872,1083.3014813583654,,
62428,0.4834874700276227,0.3090170096964693,0.396252239862046,3,918.9606704449179,1042.3473119864204,-0.02300161123275757,3.0
52869,0.3213997341974587,0.470744239776282,0.39607198698687035,1,1963.7591286478378,1963.7591286478378,,
53285,0.2725951491660925,0.5184649773244021,0.3955300632452473,1,1054.6010813330895,1054.6010813330895,,
52859,0.21700801025528016,0.5731070101433055,0.3950575101992928,1,1388.0105034051285,1388.0105034051285,,
52366,0.37045489561708944,0.41947104701080995,0.3949629713139497,3,15.869415577344418,1552.5071482832968,,
61585,0.5009407563385668,0.28760671206169175,0.3942737342001293,2,319.7784297657054,356.32958658453407,,
63091,0.3777860354301521,0.4099347147898673,0.3938603751100097,4,1315.9063539615265,3157.699054211251,-41.876487731933594,4.0
63907,0.21673348300601214,0.5702361228997664,0.3934848029528893,1,2105.593048231908,2105.593048231908,,
64086,0.31018981001561086,0.476148443349935,0.39316912668277293,2,1581.5863861487749,2456.5908145267504,,
53629,0.3770180802154086,0.40819061501962983,0.3926043476175192,1,1332.6669319412485,1332.6669319412485,,
59517,0.6837848970206613,0.10063319837717433,0.3922090476989178,3,1244.058447469149,1350.3585074007874,-2.903606653213501,3.0
59195,0.5895860503760497,0.19465223316111524,0.3921191417685825,6,499.98101742200726,1115.5697363017987,0.5481790900230408,4.0
52114,0.31644200750077023,0.4671449582343541,0.39179348286756216,2,979.9176333524367,1763.1279226565794,,
53414,0.2641339633653451,0.5190576271698457,0.3915957952675954,1,1217.1670162756093,1217.1670162756093,,
53970,0.2583739477636795,0.5243633622787968,0.39136865502123813,1,1151.6000282370437,1151.6000282370437,,
50498,0.705210539386693,0.07719054330879815,0.39120054134774557,17,18.379982854307542,280.4496146242849,,
43482,0.6628270382455386,0.11839039054408862,0.3906087143948136,3,244.1063961128345,314.3231171089719,-0.7875639796257019,3.0
49084,0.5442283849162097,0.23694639409846674,0.39058738950733823,6,116.99342937592124,1729.3962261952493,,
59016,0.727280211467599,0.053652013348091554,0.3904661124078453,4,833.0038090865105,3874.859656153487,0.30556297302246094,4.0
63949,0.454328625686821,0.32649264737333383,0.3904106365300774,7,32.841637225758134,1906.7906987782374,,
53029,0.37980464471857545,0.40017853705786033,0.3899915908882179,2,884.9708553117904,1757.6157267085184,,
63931,0.3778577721683912,0.4020908649292867,0.38997431854883896,3,1522.5762531128767,2084.377293592724,-1.8793121576309204,3.0
51468,0.3692480741623214,0.4106624606312399,0.38995526739678066,2,1186.4022495980466,1901.3260579666214,,
63955,0.21091851167990616,0.5683092078426177,0.38961385976126195,1,2517.5286752143825,2517.5286752143825,,
43262,0.7243906911682343,0.0523070098596784,0.38834885051395635,31,131.5124757620555,339.0246235723908,,
63963,0.25223615184983783,0.5244085773422098,0.3883223645960238,1,1926.0672018783314,1926.0672018783314,,
50850,0.2875272677057543,0.48870857238976706,0.3881179200477607,2,720.1783810862893,1426.0918165152054,,
59564,0.5020245324255243,0.27304802584669496,0.3875362791361096,3,1313.5217142641861,1932.6639069985142,-4.149478435516357,3.0
58071,0.37127493916403154,0.40350826649427984,0.3873916028291557,6,366.2897411096589,592.5867862960654,-6187.62158203125,4.0
48401,0.5141805226551981,0.25936027829651886,0.3867704004758585,3,180.02306912456785,751.7451549970177,,
63699,0.5108179910310278,0.2602335655522351,0.3855257782916314,2,1072.5718563991175,1294.703031083264,,
53439,0.19280587753820966,0.5754317752628766,0.3841188264005431,1,2011.5081229729708,2011.5081229729708,,
63655,0.349202308782839,0.41696034120513603,0.3830813249939875,2,1281.2663049811931,1344.9619136060737,,
63959,0.21612519557405052,0.548751706259629,0.38243845091683976,1,2349.2569635884656,2349.2569635884656,,
63019,0.26369747959714185,0.5005145716239883,0.38210602561056506,3,1165.792964010812,1193.155189420848,-10.346783638000488,3.0
49729,0.30572148030604784,0.4584350184104814,0.3820782493582646,2,874.8709159874152,1216.0158284373265,,
53825,0.35146072068662737,0.41154219789639823,0.3815014592915128,1,1296.5716385280816,1296.5716385280816,,
54195,0.27800976699284863,0.48462782422652195,0.3813187956096853,1,931.112815328151,931.112815328151,,
53244,0.29705872283366763,0.46514071887774844,0.38109972085570804,2,906.8900009735997,1403.2808473428245,,
51888,0.2265408998235524,0.5355948451808041,0.3810678725021783,1,1553.4435370080307,1553.4435370080307,,
52873,0.2974871454479666,0.46463151221256627,0.38105932883026644,1,1312.9978613416704,1312.9978613416704,,
55801,0.656472632694721,0.10560727355373456,0.3810399531242278,19,16.108542262923763,267.23658731183343,,
63964,0.2519832145180664,0.5094597917152913,0.38072150311667885,1,2274.653108334553,2274.653108334553,,
51731,0.2947451099140804,0.465779719564254,0.3802624147391672,1,1177.8312587419198,1177.8312587419198,,
50191,0.1739431630215429,0.5864464732870656,0.3801948181543042,1,939.0619824429751,939.0619824429751,,
48055,0.5950929895179543,0.16404586079821093,0.3795694251580826,3,168.1070864573163,175.33528607889275,,
56528,0.5111149891939236,0.24765703647080717,0.3793860128323654,2,665.8840335635927,1142.0089770197776,,
53006,0.22116248391281357,0.5360319133058317,0.3785971986093226,1,1521.738113579544,1521.738113579544,,
54169,0.26174688640984456,0.4951204937958522,0.3784336901028484,2,845.9321400457189,1443.7162044069332,,
62138,0.6767871650881163,0.08002772777283951,0.3784074464304779,2,1101.403483719886,1303.0698987150497,,
52631,0.42629759083928176,0.3276418329758284,0.37696971190755507,1,1392.2496463447192,1392.2496463447192,,
51877,0.25794726022130876,0.4955787810164807,0.3767630206188947,2,1018.9745806935349,1795.062958114725,,
54779,0.3567662863858413,0.39541334344576584,0.37608981491580357,4,136.97293832179102,1350.334940710241,,
53861,0.2378180413921721,0.5132440777354288,0.37553105956380045,3,36.43517944368779,678.6644775476005,,
48673,0.3992840652195887,0.35073801880295574,0.3750110420112722,2,634.9848870221889,956.7729540413274,,
48452,0.4582477207789296,0.2914398126751495,0.37484376672703956,3,191.44020560201116,1049.7912559274787,,
53709,0.3465343924541471,0.40255520168652925,0.37454479707033816,1,1933.9205183587255,1933.9205183587255,,
53008,0.29206211719463515,0.45657783940214935,0.37431997829839225,1,1215.883375676374,1215.883375676374,,
51740,0.26892556302091974,0.47829621372937803,0.3736108883751489,1,1510.6379410357044,1510.6379410357044,,
47796,0.3079428489142785,0.43908978603041104,0.37351631747234476,2,529.6769382029112,761.7306088010797,,
61206,0.18312253750708452,0.5621462153703438,0.37263437643871417,2,691.2069817177701,692.342851471041,,
49420,0.3438394510716787,0.4012678233478958,0.37255363720978724,1,1053.8989960976185,1053.8989960976185,,
49097,0.6667765419958449,0.07740464133311964,0.3720905916644823,5,28.91276861388973,103.05337181100327,,
52638,0.23421288466516377,0.5096502143060169,0.3719315494855903,3,14.148722356059345,2084.3516281289803,,
50486,0.5486044418539755,0.19394800970699078,0.37127622578048314,13,23.956283027984643,383.71357266712556,,
53572,0.29717069760936987,0.4449193694626261,0.371045033535998,1,1022.2951137537428,1022.2951137537428,,
49446,0.3552038223686733,0.38566357017128405,0.3704336962699787,1,1796.03349266197,1796.03349266197,,
49426,0.23422745950898594,0.5065080726420965,0.3703677660755412,1,1080.806427134869,1080.806427134869,,
60729,0.2642629771519488,0.47583936001875815,0.3700511685853535,1,1281.4504473929953,1281.4504473929953,,
62756,0.716829053969451,0.021817850307139786,0.36932345213829537,3,36.82147454623943,274.6091645960611,,
49288,0.6859801792056532,0.051247885457268216,0.36861403233146073,9,20.032417677035983,45.22782786081892,,
57603,0.538872904474986,0.19582371243647634,0.3673483084557312,3,79.02633272684278,573.4640318592037,,
64956,0.3908649820365784,0.3429888401603761,0.36692691109847725,7,1837395131.5879822,1461332619190.216,-4102.2177734375,4.0
60910,0.25998351774939,0.4738330017498261,0.36690825974960806,2,820.7741955859398,915.0357983769611,,
50837,0.2566148992855245,0.47541429404707813,0.3660145966663013,1,1239.5532877797657,1239.5532877797657,,
53174,0.3040045920052268,0.42740499801517506,0.3657047950102009,1,2208.4204306946613,2208.4204306946613,,
58225,0.5924781384942255,0.13727709650292907,0.3648776174985773,3,323.1167333768884,1288.9186818209566,-816.0161743164062,3.0
60926,0.2472895150640797,0.47986410741162855,0.3635768112378541,2,629.9119600169253,710.296548088497,,
47273,0.5950397697327542,0.13181052791222325,0.3634251488224887,4,132.48241953826536,140.43342984269094,,
53149,0.2218072290179145,0.5050025832049309,0.3634049061114227,1,1468.3450183800596,1468.3450183800596,,
61688,0.300025137052331,0.42394843304634733,0.3619867850493392,2,654.7736064113514,695.1882675296256,,
56334,0.5735154112766258,0.14828466770414717,0.36090003949038646,4,111.31649503140373,1073.2206425527584,,
47358,0.31387183452271505,0.40758670197359614,0.3607292682481556,3,127.50798071545204,683.7172864503304,,
63376,0.46136939205361627,0.2585098017859494,0.35993959691978283,2,2130.6261838100236,3817.93908458946,,
63759,0.4346951363318452,0.2851062151977194,0.3599006757647823,2,140.18930286226347,142.97078537840642,,
52485,0.29779488412410127,0.42177205124487427,0.35978346768448777,1,1427.5724604343668,1427.5724604343668,,
63461,0.24684048121842583,0.47229775525468487,0.35956911823655535,2,1328.8240157557038,1364.7913526325208,,
57681,0.6163101931578685,0.1018879294867695,0.359099061322319,8,174.4329452029392,779.9398856261583,,
56554,0.2000981084325596,0.5171646515045891,0.35863137996857436,2,429.1120294920827,813.6676542491185,,
50842,0.23406316270589989,0.4824599173313041,0.358261540018602,2,1295.535875432307,2029.0438834412464,,
52377,0.31655241419721714,0.39884174903087444,0.3576970816140458,1,1322.3210101074098,1322.3210101074098,,
52540,0.2730926677399299,0.44146290276383704,0.3572777852518835,3,405.4653016769052,1447.421936669269,-127.12954711914062,3.0
57848,0.6115320285932807,0.10104757051554247,0.3562897995544116,5,557.0415487147278,852.0783558346876,-462.6458435058594,4.0
60410,0.17716960008408766,0.5346271544704939,0.3558983772772908,1,787.9295972326971,787.9295972326971,,
54145,0.6594785339356677,0.051426802143129224,0.35545266803939846,9,14.662904123488556,15.488983762083754,,
53624,0.34515937784670714,0.3647623282215854,0.35496085303414626,1,2200.1106885476715,2200.1106885476715,,
66048,0.5032013037264962,0.20564302114446575,0.35442216243548097,4,56425.08321854864,118560.06762770441,-113.32366943359375,4.0
52092,0.3533719167693803,0.3554204990923554,0.35439620793086785,2,553.9283274708592,1069.2918586850146,,
58535,0.5391070650047822,0.16928276736115844,0.35419491618297033,4,550.7638179934681,833.8337788442069,0.04473048448562622,4.0
64434,0.353504319381843,0.3543082286733277,0.35390627402758534,3,2497.9484327443874,5113.904540567445,0.7563851475715637,3.0
66045,0.5066524701173472,0.1991916058979566,0.3529220380076519,5,44454.38720796691,114877.19315557684,-3135.810791015625,4.0
59273,0.5596051645159981,0.14602280101517418,0.3528139827655861,6,312.25318740702437,2544.704244509783,-6.7819695472717285,4.0
52615,0.16025940111239867,0.5432924100829819,0.3517759055976903,1,1123.2578721081536,1123.2578721081536,,
52635,0.2644116526618372,0.4389349198989678,0.3516732862804025,1,1455.2249267007628,1455.2249267007628,,
58526,0.5256313245946678,0.17760289372708993,0.35161710916087885,6,63.6804920842098,2857.4164557542404,,
58153,0.6416424046019139,0.05866972672341142,0.35015606566266266,3,290.78075229284394,1254.7629947046892,-329.27923583984375,3.0
54006,0.25530147531854885,0.4437270775310733,0.3495142764248111,2,907.9630689087786,1342.8129245381951,,
62995,0.21892968601436613,0.4797804104163047,0.3493550482153354,2,962.392579920973,1100.458022390037,,
52367,0.3175493324763692,0.3811319362904131,0.34934063438339114,1,1263.356135456814,1263.356135456814,,
63385,0.35387144475336585,0.3447823870110571,0.3493269158822115,3,441.79782881321523,1937.7077533395852,-0.23243755102157593,3.0
50170,0.2774190287193915,0.4199071677156504,0.34866309821752095,3,522.7298831378072,1390.727681745292,-0.6973738670349121,3.0
58622,0.24404658625863862,0.4527739153926301,0.34841025082563437,4,94.53790119691426,1415.0493718571543,,
55580,0.3587142909016344,0.33616007424699745,0.34743718257431594,2,939.7567891312867,1779.5789842152303,,
58098,0.5030743352447944,0.1915321887210184,0.3473032619829064,3,594.3761692878887,1347.855242927351,-77.37073516845703,3.0
51858,0.24531172481284258,0.4490785429284302,0.3471951338706364,1,1193.5203010437651,1193.5203010437651,,
63902,0.23800013006070686,0.45604406682218235,0.3470220984414446,1,2165.3419659703522,2165.3419659703522,,
55171,0.609763049691131,0.0841063203691843,0.3469346850301577,13,20.44545732657396,154.0637475966773,,
51811,0.3252046034570685,0.3684831774845988,0.34684389047083364,1,1977.6682672400332,1977.6682672400332,,
63994,0.3240738832032387,0.36960454198246473,0.3468392125928517,2,1576.7433565746585,2353.263138422894,,
53015,0.4156774425785913,0.2779649429865816,0.34682119278258644,1,1188.0536682739153,1188.0536682739153,,
57683,0.5595635507887535,0.133510041235687,0.34653679601222026,4,816.5508511387935,1520.3084670277606,0.19553305208683014,4.0
49280,0.5828002924146172,0.1095097632725529,0.34615502784358504,15,19.825896444495946,164.38973199274125,,
63652,0.28652675377098424,0.4049862369660354,0.34575649536850983,3,1239.7274290791565,1491.9706087004236,0.4857769310474396,3.0
48772,0.6510942061315061,0.039937857253327325,0.34551603169241674,10,16.934622185260732,34.48880202678295,,
47267,0.5125068287856978,0.1784337434614116,0.3454702861235547,4,242.2476564859664,250.30192804451073,-0.003234878182411194,4.0
51746,0.3327780204291195,0.355717557651979,0.34424778904054926,3,578.097590942168,1491.625298501495,-0.9366560578346252,3.0
53142,0.2134964242694014,0.4749296587538132,0.3442130415116073,2,816.0701758262815,1430.5959088855016,,
61697,0.15593989006904863,0.5318770497490459,0.3439084699090473,4,609.0337798005232,659.9769398195874,-420.3667297363281,4.0
41877,0.6572761072424275,0.02964239462444207,0.34345925093343477,33,218.90517736463903,2075.881650376854,-249.12779235839844,4.0
53479,0.40374119715976875,0.28296676222182116,0.34335397969079495,7,26.503324243964247,954.0365333683538,,
62136,0.30051364291146665,0.38458398055820586,0.34254881173483626,3,1014.1657195630792,1318.8270843433565,0.42147907614707947,3.0
61544,0.3854602513909505,0.2995030214539095,0.34248163642243,3,716.7856850110421,754.2803716726997,0.5637548565864563,3.0
48412,0.29186907823041,0.39224768548548816,0.34205838185794907,2,476.2237915578362,652.5605346714457,,
63653,0.1988490411952425,0.4850920812688271,0.3419705612320348,1,1353.8165952128609,1353.8165952128609,,
53712,0.1832238569771648,0.49998652065497406,0.34160518881606944,1,1118.4737853240813,1118.4737853240813,,
58150,0.5784408502322734,0.1038174000625226,0.341129125147398,3,279.43623146732835,1205.9232696929066,-1624.423828125,3.0
51729,0.2637538106489935,0.41776742235894115,0.34076061650396733,1,1265.096023588632,1265.096023588632,,
62743,0.2511249827322032,0.4296920604029081,0.34040852156755563,1,1202.9994607230058,1202.9994607230058,,
52468,0.2326923045283945,0.44775883288022245,0.3402255687043085,1,1298.7887649004117,1298.7887649004117,,
49157,0.4736241546193817,0.20493391835050712,0.3392790364849444,9,72.55810683376576,99.01584327543868,,
64196,0.622172025650689,0.05631395988056087,0.3392429927656249,4,480.98117217278,1895.2132433123966,-10.249200820922852,4.0
53216,0.5653783545238591,0.11287317569098754,0.3391257651074233,4,107.82432801442418,856.3988511240686,,
61874,0.269305956355843,0.40818569238333025,0.3387458243695866,2,678.8882218148714,811.494995871546,,
63928,0.2654976840251291,0.41121419408071624,0.33835593905292266,4,2592.122273277103,5493.692854856322,-20.217262268066406,4.0
62566,0.4400007334310223,0.23534619742599905,0.3376734654285107,2,328.4947960620534,330.10866830529443,,
60935,0.18992081269411343,0.48490733086660853,0.337414071780361,2,655.6933032009018,739.839859104793,,
51866,0.2011642470121897,0.47335207510531174,0.3372581610587507,1,1023.8225556211166,1023.8225556211166,,
53545,0.3795915489970302,0.29389848090519255,0.33674501495111137,1,1992.0307553119073,1992.0307553119073,,
43005,0.5802439387320331,0.09307288083735699,0.336658409784695,30,234.39992027052392,464.2564174977953,-325.6204528808594,4.0
52310,0.2936073911097222,0.3796723503589682,0.3366398707343452,1,2259.445798218713,2259.445798218713,,
55167,0.5894036991575309,0.08370375632132421,0.33655372773942754,11,30.977963896968024,288.9211541078617,,
62897,0.19991662668584143,0.47283064589761237,0.3363736362917269,2,925.394701730687,969.6999125325103,,
55805,0.5626867786244204,0.10957873497541537,0.3361327567999179,7,24.369335443250538,38.41268165442273,,
63552,0.5050767600255361,0.1671846061075074,0.3361306830665218,3,122.86379274901245,124.88207814746319,,
59031,0.23498679508964526,0.43610507371974727,0.33554593440469627,2,1263.3545948738965,2338.2163357854633,,
54807,0.21403233629466167,0.4568352392716585,0.3354337877831601,2,1126.8093431991713,1213.7086033036376,,
62751,0.41077003761144315,0.25796478265699885,0.334367410134221,3,1128.5713238246865,1349.549937081878,-0.1977943331003189,3.0
62169,0.2736921771534535,0.39463716582275765,0.3341646714881056,3,2679.9948562685977,2874.581553374755,0.3721640408039093,3.0
64236,0.5920783361180141,0.07604129796874781,0.33405981704338095,2,117.62745246166524,122.23486975111864,,
63008,0.4997740614601581,0.16710001103907113,0.3334370362496146,3,108.58436947718444,150.7585684816485,,
53031,0.20018366300067125,0.46649161377735515,0.3333376383890132,1,1450.8057884833934,1450.8057884833934,,
57855,0.5534149951057621,0.11203284400202862,0.33272391955389535,3,880.926624034519,1320.1217705513707,-63.004302978515625,3.0
53472,0.45693535937616947,0.20574902951422724,0.33134219444519836,4,14.748869962452197,701.2690752470863,,
62167,0.30314897671328345,0.35793129305816973,0.3305401348857266,4,1273.2510208391568,3162.1097979614187,-0.3155170679092407,4.0
54075,0.27915635295056584,0.38176597302359316,0.3304611629870795,2,1306.0507592004667,2065.3866725840585,,
52478,0.14377149651623133,0.5170423075131898,0.33040690201471057,1,1294.9306602327056,1294.9306602327056,,
52699,0.22339245767886828,0.43727366304756154,0.3303330603632149,1,1547.1936878966721,1547.1936878966721,,
54788,0.2842649613050915,0.3750278548193138,0.32964640806220263,1,1285.1987896267892,1285.1987896267892,,
51805,0.28742796549459193,0.3716724900448892,0.3295502277697406,1,1072.393800077757,1072.393800077757,,
57890,0.5920103375744952,0.06702130182738764,0.3295158197009414,20,180.55712938855405,2090.3225887128892,,
58977,0.5241604320899258,0.13478652784862444,0.3294734799692751,3,445.16654606886226,3496.818858954042,0.3442867696285248,3.0
53774,0.20145392493365832,0.4552328237630251,0.3283433743483417,1,1179.3967745577788,1179.3967745577788,,
55487,0.39333006957523664,0.2625641375428419,0.3279471035590393,2,599.5512260554843,972.1608733971879,,
49418,0.17624894397776403,0.47924598987837586,0.32774746692806994,1,1126.4033494017563,1126.4033494017563,,
58858,0.30524979207314207,0.3490691048774831,0.3271594484753126,2,1195.0403347434262,2200.5913545146254,,
51885,0.2434822274377244,0.40832288926905214,0.32590255835338827,1,1494.3721896262368,1494.3721896262368,,
52866,0.29406223274313703,0.35736788183002066,0.32571505728657885,1,1178.0271720399674,1178.0271720399674,,
51988,0.35465557595224895,0.29651713379650924,0.3255863548743791,2,937.820270495429,1316.211381443335,,
54202,0.1688787804871158,0.48125434595629857,0.3250665632217072,1,1116.5597292466791,1116.5597292466791,,
48316,0.2711994972603866,0.3781585318836975,0.32467901457204207,2,613.1576311684959,897.8996793634686,,
53799,0.27586805890003174,0.3722944809983456,0.3240812699491887,1,1907.606507444126,1907.606507444126,,
51653,0.6144158259362468,0.03232806996449955,0.32337194795037316,1,269.7975092189789,269.7975092189789,,
54191,0.24904315725874915,0.394667202082586,0.32185517967066757,1,1175.8536469911896,1175.8536469911896,,
51639,0.48424792014098195,0.1592917221920339,0.32176982116650793,2,262.032344970741,301.51893322592724,,
51857,0.2473142667806375,0.3960927740514931,0.3217035204160653,1,1585.6264502039787,1585.6264502039787,,
50816,0.3730800118933906,0.2658611261262288,0.3194705690098097,8,56.77759962419286,77.25235216003323,,
63194,0.4934994468180568,0.14461280917738828,0.31905612799772254,3,120.68950110472967,124.17874524572457,,
63837,0.24617826239421203,0.3917222332216085,0.31895024780791026,3,1013.4970440521181,1165.654908573229,0.5731779932975769,3.0
53000,0.20123229134030296,0.43546562322207805,0.3183489572811905,1,1691.2318805906752,1691.2318805906752,,
45438,0.5223755707058093,0.11400809062483253,0.3181918306653209,7,249.8068825952581,1440.8504190262224,-2.392538070678711,4.0
50470,0.5444355801428951,0.0899817601777595,0.3172086701603273,10,22.200875826991222,361.6161186725899,,
51804,0.2321066087291429,0.4013137654943435,0.3167101871117432,1,1020.6729400360073,1020.6729400360073,,
49453,0.2590597261092983,0.37360740289856986,0.3163335645039341,2,879.019688138274,1745.4750926652607,,
55811,0.5911535291249437,0.038782401221213125,0.3149679651730784,7,18.999819213806934,54.72774186303794,,
65690,0.5112473201094705,0.11696742411265193,0.3141073721110612,2,895.8014116530154,1445.7143146581152,,
51791,0.27365811527427997,0.3545201810503038,0.3140891481622919,1,1353.5885473513247,1353.5885473513247,,
64354,0.2332494588654095,0.3938723614301909,0.3135609101478002,2,2199.4538269145655,2673.0239175650963,,
64382,0.44943038010139047,0.17701318587074366,0.31322178298606707,2,101.37302257878412,105.32200376089223,,
48970,0.5831222419539862,0.043224893133381626,0.3131735675436839,7,16.93462295979191,62.575496198787256,,
51876,0.17477606445165206,0.4486784201009133,0.3117272422762827,1,1227.489529446235,1227.489529446235,,
63150,0.33986568288904495,0.2835662298030154,0.31171595634603017,3,804.3154233404993,837.6623671753721,-0.2837953567504883,3.0
51634,0.5137641939103054,0.10858968621004828,0.3111769400601768,1,271.2843824402886,271.2843824402886,,
51464,0.38270078623600523,0.23924060096626465,0.31097069360113494,1,1396.1630801595816,1396.1630801595816,,
63559,0.44263291205907884,0.17905795992778228,0.31084543599343056,3,138.57040371976606,139.22045944134234,,
52273,0.15189951290568382,0.46922626679767654,0.3105628898516802,3,13.162217044478059,1550.240742453021,,
61579,0.2265154862377693,0.3945504138687973,0.3105329500532833,2,798.5609327546312,862.8640390111507,,
52848,0.3318183684111048,0.28808270836409555,0.30995053838760017,1,1313.57250722182,1313.57250722182,,
46082,0.3835184273286042,0.2342361366072464,0.3088772819679253,3,509.9517437376754,671.6384354326792,-1.4070736169815063,3.0
64138,0.1833614359912551,0.433976256948444,0.30866884646984954,2,1398.389796274465,2699.1255554843924,,
60191,0.23639065452050467,0.3802804382651078,0.30833554639280625,3,500.34325904786095,513.9083527141801,-14.766682624816895,3.0
49000,0.563876236121109,0.0527006277756954,0.3082884319484022,7,17.347662088522675,54.31470510869602,,
59949,0.34816004590275873,0.26542137567746715,0.30679071079011294,7,11.627057504286421,649.9453736816397,,
53399,0.37382727039254704,0.23823151377056906,0.30602939208155805,1,1297.9998448810027,1297.9998448810027,,
55833,0.5280553074118235,0.08335626977294253,0.305705788592383,10,19.82589836314697,33.04316354023972,,
53198,0.585236679613387,0.024919991604771097,0.30507833560907904,3,177.98914306074653,890.221087433513,,
62564,0.47013597137573315,0.13880622916936403,0.3044711002725486,2,162.82276066189303,164.2015396930866,,
58158,0.5592367270376697,0.048350821452214365,0.303793774244942,3,291.79577190487123,1251.873413877192,-0.07363370805978775,3.0
52105,0.2668241920422074,0.3384882297423568,0.3026562108922821,1,1503.9224224883492,1503.9224224883492,,
48392,0.46063182644100287,0.1436868025789736,0.30215931450998823,3,184.13130581109462,782.036160012188,,
54655,0.49809821636507745,0.10478409666232702,0.30144115651370224,22,14.14660409332381,143.73775423971267,,
56688,0.4143382294383696,0.18677767860013372,0.30055795401925167,1,1608.4308875034171,1608.4308875034171,,
63424,0.4479068740878366,0.15230378054948912,0.30010532731866285,3,1060.890408029487,1759.466011785475,-0.06972068548202515,3.0
61618,0.5450703011491864,0.05170113092590056,0.2983857160375435,0,,,,
53675,0.4256872946965963,0.16772889460772356,0.2967080946521599,5,26.964402785142415,1239.154257569474,,
50492,0.5733289553282612,0.018450415935277076,0.29588968563176915,10,27.570388826268875,203.62849062557672,,
57944,0.5417588843939114,0.049416813510781754,0.2955878489523466,5,555.4574698813391,1288.7043536264503,-37.29822540283203,4.0
63672,0.44830135755106204,0.1417779760997162,0.2950396668253891,2,124.14652136245763,128.4164481334591,,
54783,0.20251947622192057,0.3869985398741903,0.29475900804805544,1,2043.3689030582336,2043.3689030582336,,
50494,0.40754441065418057,0.18156811272389806,0.2945562616890393,8,30.358403101521233,386.6049654644418,,
62014,0.360983735806481,0.2278598977541727,0.29442181678032686,3,177.45475212568363,204.19052969223935,,
64067,0.4340000788342532,0.15457093861289473,0.29428550872357395,2,96.24042025020907,118.67600206251848,,
52096,0.21474278362997046,0.3727173232679194,0.2937300534489449,1,1589.4550229593042,1589.4550229593042,,
51889,0.28703886687995983,0.29966476667326813,0.293351816776614,1,1996.3834082269466,1996.3834082269466,,
48984,0.568687311543857,0.017751342204722964,0.29321932687429,7,18.99981837461317,298.62758156308723,,
46027,0.44967153963852313,0.13421175182692413,0.29194164573272363,6,39.43799808650322,304.12349753518623,,
63110,0.36034445694392425,0.22316985316995896,0.2917571550569416,3,144.17970993723804,156.07141437213284,,
53248,0.21939640700354623,0.36357851699391874,0.2914874619987325,1,1110.8126227672435,1110.8126227672435,,
52106,0.29951626715374124,0.28334159812660875,0.291428932640175,1,1803.3361933166984,1803.3361933166984,,
63667,0.5026380531486555,0.07834762468165202,0.29049283891515376,2,130.58691206940287,131.63106513417932,,
48769,0.5807617475357467,-0.0005727828232593435,0.2900944823562437,12,14.662903608076165,30.564925044151995,,
49219,0.536729678144472,0.03870178481189146,0.28771573147818175,9,19.61937607404026,163.56364111814884,,
64433,0.16017603549596826,0.4139923443392406,0.2870841899176044,3,1596.6851132514255,2960.9588053898387,0.14927911758422852,3.0
56729,0.5265538723418828,0.04672467983154882,0.2866392760867158,1,300.81027008069344,300.81027008069344,,
60731,0.13105413605315863,0.44124210733814717,0.2861481216956529,1,1465.5169436913638,1465.5169436913638,,
56319,0.4587101098802625,0.11155267186169693,0.2851313908709797,3,230.44132206433255,1148.406710657839,-2.7176713943481445,3.0
64145,0.19548001074635635,0.3703838185563342,0.28293191465134526,2,2131.6663046601916,2687.6481826835243,,
52501,0.3048170149255719,0.25983831229771504,0.28232766361164346,1,1269.1846585765827,1269.1846585765827,,
63767,0.14348531520857521,0.42027042142027426,0.28187786831442474,1,1202.5499826049054,1202.5499826049054,,
58409,0.4370225582092284,0.12660675748740713,0.2818146578483178,5,167.4892049074594,1017.4173863074074,,
61576,0.14335590122192055,0.42025800058435103,0.2818069509031358,3,705.3251008756557,778.5611159189783,-10.697226524353027,3.0
47824,0.28862019352696644,0.2716480198509953,0.28013410668898087,3,216.9666066073246,709.4071069295004,-7.543621063232422,3.0
59720,0.19032433862079667,0.3688842822561764,0.27960431043848655,2,679.1995350203855,690.1896308574139,,
54012,0.3051069215880442,0.251737818040497,0.2784223698142706,1,1378.34193758225,1378.34193758225,,
63310,0.28129782583875174,0.2753720094949803,0.278334917666866,3,117.45503517173138,129.35216728255392,,
61253,0.11109649316492043,0.4445630073510255,0.27782975025797296,2,885.9299640505251,1117.4357747298536,,
58540,0.46424719990348917,0.09064220552035018,0.2774447027119197,4,684.7859773833263,833.5926484171514,-129.6398162841797,4.0
62058,0.34368428344633983,0.2103943753458326,0.2770393293960862,2,222.3820294907132,224.81028323706408,,
63270,0.4465298882621268,0.10585959936736844,0.2761947438147476,3,134.07923577084108,144.91631929801687,,
48112,0.5045975914886808,0.04699768527421333,0.27579763838144705,5,106.20998306024566,801.1699838512835,,
63474,0.17399350759917975,0.3758600170776978,0.27492676233843877,1,1278.4715009705692,1278.4715009705692,,
42806,0.48600020776060715,0.06343560975552387,0.2747179087580655,1,231.71509003675436,231.71509003675436,,
55158,0.47076206515653396,0.0768418991362072,0.2738019821463706,0,,,,
43571,0.4684149401481429,0.07797495410406918,0.27319494712610604,6,117.71625296350447,167.69402728028655,,
63636,0.27400803042829647,0.26765573537722276,0.2708318829027596,2,1480.089954581117,1673.6812587450966,,
52482,0.11565815323533757,0.42543943589100863,0.2705487945631731,1,1004.8600167014342,1004.8600167014342,,
63763,0.40318705022466805,0.13678174937039622,0.26998439979753214,2,125.60386519758765,127.64407814446777,,
53485,0.3841516195921083,0.1549342237282071,0.2695429216601577,1,855.8908638684433,855.8908638684433,,
41919,0.44693962588104896,0.09118100671710672,0.26906031629907784,4,120.60753439169197,326.301205552976,,
65270,0.4818271503238295,0.05585823726619843,0.26884269379501397,2,169.18063328858776,312.795940788031,,
51986,0.2926707319838714,0.24443333908021636,0.2685520355320439,1,1228.296052784722,1228.296052784722,,
63012,0.4632073503591295,0.07236617377276544,0.2677867620659475,3,111.00970183797283,124.19015536560043,,
51756,0.255369192395273,0.2787243814912216,0.2670467869432473,1,1350.301511316285,1350.301511316285,,
48238,0.48756913875413865,0.046481665832091124,0.2670254022931149,14,14.662903881681212,31.39100520409035,,
51867,0.21229462428825518,0.3202831865032061,0.26628890539573064,1,1355.6382962848725,1355.6382962848725,,
51116,0.21941418124120127,0.31269469380367576,0.2660544375224385,1,3266.5588007436436,3266.5588007436436,,
53218,0.40482865345351915,0.12686051084734873,0.26584458215043394,3,161.1558848971389,882.7554310527771,,
56799,0.44945552735898164,0.08203990585487053,0.2657477166069261,4,294.3053862788487,297.4474327984188,-0.2124858796596527,4.0
62984,0.4720684828839131,0.057184781196008005,0.26462663203996056,2,136.2297543001016,142.2445905272316,,
58097,0.5015220313022672,0.02513100528179768,0.26332651829203246,3,449.4521942624829,1259.3385191900045,0.41525134444236755,3.0
58167,0.5332364001232989,-0.00757006566909646,0.2628331672271012,3,278.78606400423195,1198.2122858091097,0.3530941903591156,3.0
62563,0.4584587640229265,0.0665792752479305,0.2625190196354285,2,133.549459055005,133.87048645194113,,
60732,0.17237712046325437,0.3517772758536273,0.2620771981584408,1,951.0980319088524,951.0980319088524,,
53652,0.3683666804471656,0.1543297771155815,0.26134822878137354,4,113.30212705257767,1042.672654068622,,
51744,0.22518184673803598,0.29601918983597997,0.260600518287008,1,1721.9161893647233,1721.9161893647233,,
53660,0.404122908529427,0.11668882073546516,0.2604058646324461,3,210.88204285198702,1023.468366866583,-8.695659637451172,3.0
54205,0.16141649066193742,0.3591713370317997,0.26029391384686856,1,1623.1380222726323,1623.1380222726323,,
48220,0.47413050309935856,0.044248073670725696,0.2591892883850421,9,14.662903127144492,23.543252565032923,,
53073,0.4341930311652682,0.08234866165366905,0.2582708464094686,1,173.80328871812983,173.80328871812983,,
51862,0.12805928875297146,0.3881287346325629,0.2580940116927672,1,1380.2202912680132,1380.2202912680132,,
63057,0.4027701129892841,0.1132177896928448,0.25799395134106445,2,134.10418887791576,145.26784497896605,,
60929,0.1179529320641155,0.3978125649319523,0.2578827484980339,2,634.9990758080451,732.4582721294703,,
43075,0.43972887483985124,0.07437045123473518,0.2570496630372932,1,218.91094419740767,218.91094419740767,,
58165,0.41102147330893446,0.09984664939706878,0.2554340613530016,2,868.1452894212343,1408.4040526450685,,
62219,0.25389000576402065,0.25623988970830247,0.25506494773616156,2,206.0274394358292,206.92884015840738,,
62229,0.33951563076003155,0.17030237053983133,0.25490900064993144,4,147.9180746505729,195.0853279476614,,
53598,0.3362654882667987,0.1730113393328494,0.25463841379982405,1,865.3257096658012,865.3257096658012,,
63314,0.3263564944887558,0.1827165697890094,0.2545365321388826,3,127.92731461172492,134.4859857237745,,
57414,0.05377140839598571,0.45524592199922564,0.2545086651976057,3,201.62711984317437,241.7498766529848,-1.6391130685806274,3.0
62917,0.2616049085643214,0.24741018303934215,0.25450754580183177,3,137.95288904771957,141.6532882135639,,
64430,0.20682284383969962,0.3018748858867851,0.2543488648632424,5,187.0299544001242,3568.805167937303,,
55835,0.42802684050942075,0.07938264219372437,0.25370474135157256,14,13.42378514402694,26.43453156289135,,
61616,0.5067225714453879,2.7511330152996116e-05,0.25337504138777045,14,334.7209328814415,1706.183549354998,-2071.479248046875,4.0
54127,0.447175883994981,0.04764686526238415,0.24741137462868257,9,17.967219110169072,79.09706796977187,,
59952,0.24387492265977184,0.2507385828359264,0.24730675274784913,6,9.408069228869516,992.9752230196517,,
62230,0.3650209619180693,0.12928293685590675,0.24715194938698803,3,186.3656572683447,216.57051297368614,,
58113,0.44597052821493066,0.04804629795838422,0.24700841308665744,2,858.052008132441,1397.359646948874,,
43254,0.39708743250238643,0.09561289299348541,0.24635016274793592,3,104.91204831187252,123.0857866055766,,
55143,0.42935968815399617,0.06322107528414189,0.24629038171906903,11,25.608451276379306,127.00965673308137,,
52289,0.18244841901543485,0.3095857370430918,0.24601707802926331,3,561.4957024112896,1461.1517569778243,-2.8670876026153564,3.0
61000,0.15212473800932713,0.33982704659968466,0.2459758923045059,2,768.0298557542555,865.7930013125798,,
63673,0.4055150516003355,0.08516881210226535,0.24534193185130043,2,115.82868208635342,122.79280823751425,,
51649,0.40223039415874573,0.0848164710035515,0.2435234325811486,7,37.58659294348543,273.63867034602185,,
64366,0.01917143255702436,0.46602248936654767,0.242596960961786,3,3135.1994279859523,4246.712188247023,0.5325186252593994,3.0
63192,0.33247425127730057,0.15238202638761722,0.2424281388324589,3,119.55668732938445,123.62216087925684,,
48788,0.47585234693885214,0.006979289374986597,0.24141581815691937,7,15.488983032680737,628.233152770075,,
51630,0.41414127847137727,0.06753407553148161,0.24083767700142944,4,156.21158065797863,375.03996020783325,,
58168,0.38328880699192935,0.09790263134632993,0.24059571916912964,2,827.5937293720832,1340.2406438092614,,
48977,0.4390407545738978,0.03957447334449138,0.2393076139591946,9,19.619379608683555,453.72395690745384,,
62473,0.2632881088522214,0.21522104570388567,0.23925457727805355,3,156.3269978991961,157.2132212740343,,
48770,0.43645591684770624,0.04107569280348844,0.23876580482559734,12,14.456384256975346,20.65197712349222,,
59757,0.25251276538338807,0.22445766476379225,0.23848521507359016,3,562.2543934660383,710.6440327027253,-0.11639944463968277,3.0
63025,0.20148315912635362,0.2742209156480545,0.23785203738720406,3,983.439301247237,1233.9851788484762,-0.8686848282814026,3.0
60065,0.17878617833783206,0.291441195364466,0.23511368685114903,4,231.01985002972611,710.6028719883112,-1.1812989711761475,4.0
63189,0.3655860277746452,0.10458537426383452,0.23508570101923987,3,129.7445409179014,132.85320362533815,,
51812,0.1392218310092166,0.3303948440335709,0.23480833752139374,1,1386.4364852571014,1386.4364852571014,,
63272,0.4049490766965974,0.0639088598327292,0.2344289682646633,3,128.08323409087376,132.9416490599913,,
63115,0.3485443086497221,0.1193264597200907,0.2339353841849064,3,122.86536868614549,139.71635911604545,,
50469,0.3779647265316961,0.08923655081324133,0.23360063867246872,12,17.967219434047916,338.4858908872898,,
55831,0.42734235985279956,0.039483482911404355,0.23341292138210196,7,21.891090404337845,158.19410425182883,,
62994,0.20133178930293916,0.26490011853776807,0.2331159539203536,2,1008.8414737272186,1167.5297207083518,,
54131,0.3794561354554724,0.08570632438586212,0.23258122992066727,14,20.548886430414825,1300.6703858007688,,
62992,0.3068469913376496,0.15218502654748223,0.2295160089425659,2,135.26034612714605,141.68385165891175,,
56335,0.303456574386216,0.1552953623672867,0.22937596837675134,2,1561.9515030612674,1866.8583313438376,,
49285,0.3590038532596491,0.09898353486360079,0.22899369406162495,16,26.434527844593326,123.08576990287384,,
53230,0.2431577729202229,0.20774442551333494,0.22545109921677892,3,203.79021908363507,816.565179320117,-0.011143624782562256,3.0
52649,0.2490621425174243,0.20059570354155531,0.2248289230294898,1,1301.2196393746883,1301.2196393746883,,
62554,0.37355824938032056,0.07241061198414978,0.22298443068223517,2,143.0715762321249,151.5532114639893,,
62519,0.27322458674555183,0.17229565797053248,0.22276012235804216,3,130.30143214153745,145.22924174053415,,
63109,0.3424547838118722,0.102576501453852,0.2225156426328621,3,137.5000708963553,154.92383184590219,,
52569,0.25368237782466796,0.18534795430346596,0.21951516606406696,4,296.5548387063677,2520.329985698573,0.2989206314086914,4.0
44209,0.3787088968739606,0.05580645067196688,0.21725767377296373,0,,,,
63193,0.2785909580328627,0.1522476727083646,0.21541931537061365,3,125.27748518319714,128.55504944654038,,
60409,0.11325032290501458,0.3165772167706288,0.21491376983782168,1,809.339722528349,809.339722528349,,
51753,0.2771580980505717,0.15097878777325824,0.21406844291191496,1,1329.7600528956216,1329.7600528956216,,
64375,0.3810318017705411,0.04573944943760011,0.2133856256040706,2,138.37002945216489,144.37176469366224,,
54007,0.3121928070635097,0.11290038053350115,0.21254659379850543,1,15.017692928939221,15.017692928939221,,
60188,0.17373444129779925,0.2511601332637793,0.21244728728078927,2,607.3611583249385,612.3250534182794,,
45135,0.37744400719031035,0.047157553655194695,0.21230078042275252,0,,,,
53068,0.2587323091215358,0.16284472996948618,0.21078851954551098,3,269.32305782931394,990.3818671337038,0.18891113996505737,3.0
60722,0.3496884076663549,0.07103619997474642,0.21036230382055066,1,1335.8535743980121,1335.8535743980121,,
61244,0.1577070879742336,0.26066653313517274,0.20918681055470317,3,731.2311813494549,775.9402221085851,-2.5805158615112305,3.0
52686,0.35117803940423553,0.06630526478921817,0.20874165209672685,2,420.81510325190186,421.85803027763615,,
59945,0.1562702581854526,0.26018365768962615,0.20822695793753937,8,9.178665222948537,1066.2343000724281,,
63014,0.27660884399155783,0.13514959550841443,0.20587921974998613,3,142.67143958329504,153.88991737387954,,
53251,0.25410519386776265,0.15513421613438383,0.20461970500107324,1,1650.8353711227628,1650.8353711227628,,
61051,0.2248287430393907,0.18427627141524194,0.20455250722731633,2,706.191551878701,833.5252267013511,,
55827,0.36413368587863315,0.04031896818941816,0.20222632703402565,13,17.55418004531415,204.04152710238037,,
62097,0.31478077780628366,0.08963693216927981,0.20220885498778174,1,107.52695497140931,107.52695497140931,,
56475,0.39399906053298506,0.010092669736607052,0.20204586513479605,2,325.6566496978008,334.9252507282815,,
62891,0.25154200319372366,0.14972600788557167,0.20063400553964766,2,83.70601318060753,136.8106831363251,,
55432,0.3040108360260695,0.09329960732741305,0.19865522167674127,2,157.50083610847005,301.28285800052305,,
53685,0.3191799734585976,0.07773547235336087,0.19845772290597924,3,35.89096021887058,857.9268485303563,,
64244,0.33261719351694163,0.06239386902488109,0.19750553127091136,3,126.5342160075009,129.53286237632244,,
51892,0.3042596628468517,0.09067812920205764,0.19746889602445467,2,1009.457009704962,1798.1619690640332,,
62274,0.2798953236179853,0.11444336124601706,0.19716934243200118,3,148.4178387108712,166.546850543831,,
62413,0.302965730286194,0.0913260399518111,0.19714588511900255,1,157.90642958057424,157.90642958057424,,
52657,0.312180096052573,0.08123297082255865,0.19670653343756583,2,1013.9684094672963,2015.526362709806,,
55814,0.36554958355344513,0.027114370277879996,0.19633197691566256,15,13.010745475837513,67.32544401793622,,
60069,0.24133316845259223,0.14936542514809303,0.19534929680034263,4,344.52673202725276,598.4122620156735,-4.057547092437744,4.0
62701,0.2818576318018553,0.10422990166274548,0.1930437667323004,6,322.44571487406085,367.60465176363175,-12.294905662536621,4.0
51656,0.29960873215144423,0.08548466633555074,0.1925466992434975,0,,,,
48052,0.3512788498126779,0.03359037389224295,0.1924346118524604,7,49.01402150490891,55.07193566343202,,
63134,0.27065842978200794,0.11301490336280873,0.19183666657240833,2,144.3175064864556,153.54837161855718,,
62061,0.2963749040787348,0.08543943326398973,0.19090716867136226,2,222.30601249456612,236.1283863014414,,
48472,0.2399311032828637,0.14070113013795593,0.19031611671040982,5,43.926814063615154,195.29324056917932,,
58201,0.3258500154559141,0.05420710272173401,0.19002855908882405,0,,,,
60182,0.3696400586260702,0.009509950668321832,0.189575004647196,5,163.74721986394135,782.1132577066982,,
45152,0.35629860445868633,0.022729356430340797,0.18951398044451356,1,469.3782973120455,469.3782973120455,,
62277,0.20081000376879965,0.1778011193993403,0.18930556158406997,3,165.5836349309105,174.4480206322581,,
39227,0.3653484881412117,0.012562486129584882,0.18895548713539828,10,135.73511067549785,189.17209876600305,,
49442,0.22742743187198544,0.1481429784644568,0.18778520516822111,1,1458.4045104534648,1458.4045104534648,,
63271,0.24283050320478616,0.1324024571411253,0.18761648017295574,3,135.67140285853748,139.49969996026243,,
63005,0.24828188620309044,0.12627737663812566,0.18727963142060805,2,149.03183910576814,154.93524910588621,,
62417,0.34133020180419926,0.032983121864081366,0.18715666183414031,2,158.68696305322263,165.62784699033654,,
49763,0.31099910480050896,0.06299409341435314,0.18699659910743105,1,1162.422357784411,1162.422357784411,,
53658,0.31592014064523977,0.055219750113704946,0.18556994537947236,5,213.65430236814726,875.2479439383548,-0.8355590105056763,4.0
63554,0.2557515109948193,0.11217618107194394,0.18396384603338162,2,133.5806655640943,134.89593549214285,,
53046,0.2952938787572059,0.07149217715815115,0.18339302795767853,2,839.2001060741914,1365.5014825310527,,
63058,0.29560836428826576,0.06954361764862504,0.1825759909684454,2,140.46198612334027,141.47917062738793,,
58111,0.34720419197861685,0.016261999010014794,0.18173309549431582,2,766.5030242453231,1243.600073038741,,
60028,0.23925918716226613,0.12353952162375959,0.18139935439301286,2,1629.2201528899802,2028.1103229125029,,
62012,0.24021241061188248,0.12243803141304976,0.18132522101246612,3,183.25078097504655,185.43938693378072,,
52872,0.3208541516973643,0.040045619371744,0.18044988553455416,2,1583.0820745486803,2604.6235027429752,,
62890,0.2560535899426115,0.10441339200230226,0.1802334909724569,2,86.90762702544072,160.13014602103448,,
49218,0.2649496108317728,0.09467680259080125,0.17981320671128703,6,202.07959223849716,565.2445889557545,0.2126166671514511,4.0
48228,0.3102613102950754,0.0394411508141429,0.17485123055460916,11,17.141141558790782,61.74941322996261,,
62885,0.19218293174392775,0.15748764320355446,0.1748352874737411,2,157.32799363554366,163.97807353513375,,
55828,0.4186618421283097,-0.06937410437799252,0.1746438688751586,20,15.902022294481423,127.8357344860165,,
62987,0.2571656824917804,0.08895470677553086,0.17306019463365563,2,132.28294958857117,137.21059357661485,,
42955,0.26986650009120294,0.07293058527671481,0.17139854268395888,1,98.30340488816475,98.30340488816475,,
54134,0.33022829544550436,0.010606720941355174,0.17041750819342977,10,18.07047901237524,54.10817692249772,,
43570,0.26755996147775396,0.06928278345087924,0.1684213724643166,5,101.60772964664997,137.95520967176068,,
58952,0.3295486181741112,0.0049889032884891105,0.16726876073130015,3,277.87622501381156,2011.3767817213402,-20.523521423339844,3.0
49310,0.30073150619288425,0.03378434834750155,0.1672579272701929,14,17.760710295056228,143.53131433008534,,
59908,0.30363109756698536,0.030869106962479798,0.16725010226473258,0,,,,
55163,0.3830472932559189,-0.052660696742557134,0.1651932982566809,0,,,,
63316,0.17495163753537513,0.1537927925311604,0.16437221503326777,2,123.13832219909564,144.96033987391672,,
64378,0.29888451110317826,0.029325237864848086,0.16410487448401317,2,118.68324432414776,119.28523607978097,,
62089,0.24791743723007942,0.07727176091597077,0.1625945990730251,1,100.95589717249784,100.95589717249784,,
53066,0.24696490960488215,0.07495734371936369,0.16096112666212292,1,1276.9765150965989,1276.9765150965989,,
50497,0.3048100587424921,0.016517219107900494,0.1606636389251963,10,22.407389023910635,354.18130022925493,,
53203,0.30516793966006517,0.009771061212726528,0.15746950043639585,1,857.2683030210449,857.2683030210449,,
62521,0.19701217312567232,0.1172430309665583,0.1571276020461153,2,159.53273806162767,160.61677650222,,
62272,0.21764417002679848,0.0958395742362953,0.1567418721315469,3,165.30524431139088,178.75195431813327,,
62091,0.24002419922724127,0.07275220358049672,0.156388201403869,1,99.51563237969837,99.51563237969837,,
62410,0.2107435640846056,0.10112590024851209,0.15593473216655884,1,175.22356918314355,175.22356918314355,,
49143,0.274480573010905,0.03549103171402712,0.15498580236246606,1,286.3061156736039,286.3061156736039,,
62060,0.24153794629823955,0.06694746980824873,0.15424270805324414,2,209.88223460489056,212.30738367339666,,
64302,0.022392384942546917,0.2851092608289346,0.15375082288574077,5,494.0796261253039,582.1084936964659,-25.136749267578125,4.0
63309,0.22598076999538852,0.08084999359487088,0.1534153817951297,2,130.1934170668982,140.64135313525458,,
49735,0.2562953262969988,0.04932089938962181,0.1528081128433103,3,360.5927986243861,1287.6832167726661,-0.4198404848575592,3.0
43481,0.2205237953712751,0.07979801652106377,0.15016090594616943,2,125.15097154768215,147.86814466925887,,
62273,0.27325144354364206,0.026324703670865257,0.14978807360725366,3,148.4973348924172,162.74247243188705,,
52690,0.2441860750575584,0.04588144409388373,0.14503375957572107,1,12.478141840933198,12.478141840933198,,
52121,0.2061008098885374,0.08320547736949435,0.14465314362901588,0,,,,
55436,0.23012867363456424,0.05858491285839762,0.14435679324648093,0,,,,
60730,0.0743586742084491,0.2135590668874775,0.1439588705479633,1,1267.4182947757847,1267.4182947757847,,
53900,0.2224860540701743,0.06489883764303062,0.14369244585660246,0,,,,
62095,0.2147628316813308,0.07223921848755499,0.1435010250844429,1,104.42174142291361,104.42174142291361,,
55317,0.21128029402102466,0.07026471963089198,0.14077250682595832,1,29.59517997081273,29.59517997081273,,
53844,0.2526270668238745,0.028407278660799506,0.140517172742337,2,113.78262529357286,205.83149195412696,,
52456,0.22924829675788716,0.05099202248715384,0.1401201596225205,0,,,,
62880,0.22268467184311114,0.057543287398931886,0.1401139796210215,2,151.5039987936146,154.55442715590868,,
62279,0.229475788837172,0.04908234464877814,0.13927906674297508,2,96.8917122191138,152.4952848501649,,
42807,0.20235431454142305,0.07457439161169521,0.13846435307655913,1,123.08576666868525,123.08576666868525,,
55275,0.21835729689438976,0.05679174921950925,0.1375745230569495,2,248.9210088101081,249.8703862750653,,
60308,0.15377685479881287,0.12068750860132238,0.13723218170006762,3,422.7414714194255,996.7940039315822,0.0065099396742880344,3.0
64900,0.18842449307520204,0.08505181846753207,0.13673815577136705,1,1242.495373075608,1242.495373075608,,
53048,0.2505594091803499,0.020692137382104514,0.1356257732812272,3,14.685519983995516,1681.5184730953874,,
62591,0.22274860996694712,0.04818606641513479,0.13546733819104095,3,148.49148103619132,163.79655588883722,,
43255,0.20448116903049152,0.05750817126142238,0.13099467014595695,2,134.23784093466244,134.65087853742665,,
62830,0.21206961624279463,0.04986940511961946,0.13096951068120705,2,147.45418327457412,155.5623481891864,,
45424,0.2745784724717316,-0.015436547478179241,0.1295709624967762,2,102.02075923901178,107.80331192650307,,
62919,0.17768093245117023,0.08117380733005808,0.12942736989061415,3,124.83311397151145,135.84915882589874,,
64132,0.2246703936582718,0.03341611513716425,0.12904325439771802,1,129.01487393997715,129.01487393997715,,
62829,0.23210568427616507,0.02428639184320114,0.1281960380596831,2,123.77676130427433,153.5418421702686,,
60038,0.16618945590349665,0.08874330895630822,0.12746638242990244,6,19.355242622347617,943.3922356497782,,
54115,0.24745391689006113,0.0069413229948915856,0.12719761994247636,10,18.483518943015945,37.5865989801049,,
62271,0.25028445232298613,0.0010541503071115343,0.12566930131504883,3,153.17111544533196,166.85136261481733,,
63137,0.13461570316936344,0.11294634666697156,0.1237810249181675,3,127.66002783742191,137.93074119497683,,
59710,0.1603144686731648,0.08544661878305748,0.12288054372811114,2,656.1394187571057,660.6707400450691,,
49308,0.21789705250409386,0.02751621660623893,0.1227066345551664,12,19.206337678718455,83.64050278245084,,
62513,0.21218610266627602,0.02811783916977173,0.12015197091802388,2,157.17863737823404,159.18065482752945,,
63551,0.2048096568495823,0.033136881998912515,0.11897326942424741,2,131.37570873389154,133.82651819357412,,
55944,0.18516970421535894,0.05152365050062213,0.11834667735799054,0,,,,
55423,0.19705103683643366,0.038047938068293874,0.11754948745236377,0,,,,
53969,0.16346590177413478,0.07113967043139124,0.11730278610276301,1,398.36576039907493,398.36576039907493,,
60063,0.19668611134696534,0.037313574806338345,0.11699984307665184,3,356.7591239422188,536.8445049511662,0.5054014325141907,3.0
64123,0.17678395090265853,0.05706230490122377,0.11692312790194115,2,58.659197517653915,88.02946480332554,,
55788,0.2091561684512928,0.021882646814589846,0.11551940763294133,0,,,,
49770,0.14520903841225108,0.08527205953185779,0.11524054897205444,2,642.8589304748945,1271.352184151431,,
55818,0.13438448800955338,0.09285525913442594,0.11361987357198966,11,18.173740166108562,57.412498857824765,,
53433,0.19336674406088084,0.032942949356573714,0.11315484670872727,1,1345.9217329862813,1345.9217329862813,,
44057,0.22862356161191755,-0.004602989217666664,0.11201028619712544,8,26.95083196495743,405.811368648816,,
55770,0.17534581049554854,0.04380036714186253,0.10957308881870553,0,,,,
53189,0.198189509502272,0.01715375316654133,0.10767163133440666,5,26.7167852210342,970.7173232878196,,
56793,0.17319355936382252,0.03534638454773775,0.10426997195578014,1,33.01012041542727,33.01012041542727,,
54165,0.14881890504950102,0.05852222909674143,0.10367056707312122,0,,,,
49165,0.14801110355126867,0.05770665586370338,0.10285887970748603,1,659.7272705805506,659.7272705805506,,
61249,0.14817097783437516,0.056379037285887224,0.10227500756013119,2,875.1582100804069,890.6184300941283,,
55926,0.14780552092605126,0.053128711760402125,0.10046711634322669,0,,,,
62090,0.14706686602001973,0.05078277697138589,0.09892482149570281,1,107.30345732312703,107.30345732312703,,
55815,0.1726855192150647,0.025022234237240815,0.09885387672615276,16,15.592242581733945,45.847389550502584,,
53842,0.1589672835843482,0.03689173383705957,0.09792950871070388,0,,,,
64329,0.16068845162817758,0.030619102354067174,0.09565377699112237,2,125.34936856712515,127.22553373130722,,
53009,0.12898514020969987,0.060787470860464654,0.09488630553508226,1,1196.9063911677233,1196.9063911677233,,
49138,0.14205902549827243,0.04554889542773877,0.0938039604630056,0,,,,
49146,0.14357255528856627,0.04201823302585683,0.09279539415721155,1,257.27177960734963,257.27177960734963,,
55657,0.17138904429468726,0.010500914341570744,0.090944979318129,3,27.18066529527433,46.50025926960779,,
52678,0.12186442104729422,0.05972548575156289,0.09079495339942856,0,,,,
55292,0.1479924332634146,0.0325163558396222,0.0902543945515184,2,31.645183063483504,37.39596472580655,,
61617,0.19515939886316158,-0.015808727242929033,0.08967533581011627,1,175.17320666087895,175.17320666087895,,
49148,0.1690136934147638,0.007757837243976606,0.0883857653293702,1,300.9612212833869,300.9612212833869,,
54793,0.14540935039041325,0.028529453748438405,0.08696940206942583,0,,,,
52606,0.12341655138178453,0.04990628752046322,0.08666141945112388,1,961.0464729742515,961.0464729742515,,
55421,0.13062179225898884,0.04122628321137223,0.08592403773518054,0,,,,
55400,0.1307312100666449,0.03719480871597547,0.08396300939131018,1,241.3739556909684,241.3739556909684,,
63762,0.12605376783796773,0.040908724328704515,0.08348124608333612,2,132.5339028003816,135.77992278652604,,
51132,0.12409315779816577,0.041537879335107775,0.08281551856663677,0,,,,
54162,0.10915401259259272,0.05580257751027984,0.08247829505143628,0,,,,
53227,0.21669527757258378,-0.052675422527396876,0.08200992752259345,5,34.76643228360795,748.9720604300995,,
53985,0.11978469221445842,0.04121735195818221,0.08050102208632032,0,,,,
55648,0.1231831270357161,0.03768550538522808,0.08043431621047209,0,,,,
56476,0.1295908114784169,0.028548102242558104,0.0790694568604875,0,,,,
52127,0.10538383628325121,0.052154129948094874,0.07876898311567304,0,,,,
52544,0.11345265988957332,0.04317682751437624,0.07831474370197478,0,,,,
55312,0.11003136697639315,0.045969746176978465,0.07800055657668581,2,20.352881403710594,20.85137744945949,,
56453,0.10941434198589794,0.04450278614683867,0.0769585640663683,0,,,,
49134,0.12084017789341983,0.032968266363846865,0.07690422212863335,0,,,,
44060,0.15058409754632263,0.0009587622544106056,0.07577142990036662,14,14.972690839544683,52.043007656230344,,
56814,0.12374423200295159,0.026240213553150205,0.0749922227780509,1,49.68943669389045,49.68943669389045,,
56809,0.1047951363524372,0.04241784475238486,0.07360649055241103,1,21.065017526366933,21.065017526366933,,
60726,0.08459095208095446,0.061999841852368065,0.07329539696666126,1,1455.173765196754,1455.173765196754,,
56454,0.08251740095157789,0.057498347244521186,0.07000787409804954,0,,,,
51121,0.09375191470531874,0.04111309505421745,0.0674325048797681,0,,,,
54005,0.11530613687422986,0.01753022905119994,0.0664181829627149,0,,,,
55954,0.10566506771168616,0.02278465086445336,0.06422485928806976,0,,,,
52580,0.09936506318591076,0.028314295233468068,0.06383967920968942,0,,,,
56463,0.08995897904006978,0.035578210351682404,0.06276859469587609,2,16.554623923063065,17.347659723123147,,
54808,0.10365932541065637,0.019670762436941436,0.0616650439237989,0,,,,
53638,0.08792294346585183,0.0343509530359285,0.061136948250890166,0,,,,
53033,0.0734872726262531,0.04334536680723888,0.05841631971674599,0,,,,
52672,0.07688579843828602,0.038418982881639585,0.057652390659962804,0,,,,
52125,0.08628432164018773,0.028335942959374805,0.05731013229978127,0,,,,
53257,0.07672929840696907,0.03730951363880897,0.05701940602288902,1,194.32423035333403,194.32423035333403,,
53934,0.08883979185276825,0.02359762148211242,0.05621870666744033,0,,,,
44323,0.0917860548385303,0.02037352568882833,0.05607979026367932,2,61.21245635156196,65.26024373674313,,
56777,0.0815513506760498,0.029862233047697417,0.055706791861873606,1,18.958510538444518,18.958510538444518,,
56492,0.06130374554346185,0.04761095148890615,0.054457348516184,0,,,,
53988,0.07225781351117833,0.034553415301327384,0.053405614406252855,0,,,,
53964,0.08015087674915655,0.0246998114403425,0.052425344094749526,0,,,,
52457,0.0712871374356816,0.0313156870313932,0.0513014122335374,0,,,,
53892,0.08024660415111795,0.02095898419689768,0.050602794174007815,0,,,,
56496,0.07289499594121074,0.026716501704756146,0.04980574882298344,1,16.48854214268885,16.48854214268885,,
53259,0.06607095043366618,0.028099847423736946,0.04708539892870156,0,,,,
53995,0.05623972944962108,0.03678085612226478,0.04651029278594293,0,,,,
56812,0.08098445263599774,0.010750965630508924,0.04586770913325333,1,219.00073953635848,219.00073953635848,,
55932,0.05253404634991776,0.03898260577782975,0.045758326063873755,0,,,,
52458,0.06372364418743826,0.024344332531103796,0.044033988359271026,0,,,,
55764,0.06857861064633552,0.01900416499088775,0.04379138781861164,0,,,,
52133,0.05748189005493731,0.030080025705572,0.043780957880254656,0,,,,
49433,0.06794717497908309,0.01857327550089427,0.04326022523998868,0,,,,
53847,0.06002345160939937,0.024489239481548686,0.04225634554547403,0,,,,
55665,0.085657093218937,-0.008694571453189193,0.0384812608828739,1,19.061009540522647,19.061009540522647,,
53777,0.04006168546336031,0.03306280457533062,0.03656224501934546,0,,,,
55314,0.040676720130514044,0.03006267880149449,0.03536969946600427,2,16.194590018121872,16.349479833355858,,
55654,0.03107186914736193,0.03835865773384761,0.03471526344060477,1,14.274646754997606,14.274646754997606,,
55754,0.04313687281291123,0.021542351194490217,0.032339612003700724,0,,,,
53994,0.043202675563999704,0.013844996068897442,0.028523835816448573,0,,,,
55403,0.028705496814445564,0.025098650761238295,0.02690207378784193,1,16.04499745394108,16.04499745394108,,
52332,0.04185872639833099,0.011735172997515475,0.026796949697923234,0,,,,
53979,0.027155017106311963,0.02355150730336575,0.025353262204838856,0,,,,
55950,0.017389882622904973,0.017894611249221648,0.01764224693606331,0,,,,
55777,0.0053176179675334945,0.027244247534488286,0.01628093275101089,1,14.7965343788459,14.7965343788459,,
55668,0.0202300634366801,0.005684692731096619,0.01295737808388836,1,25.823950755975083,25.823950755975083,,
55404,-0.007967610497219058,0.030748723548009615,0.011390556525395279,0,,,,
42803,0.0083857061309488,0.002228170242894012,0.005306938186921406,11,103.2598874877292,166.04189860692333,,
53886,-0.011337857663780593,0.021723449470943734,0.005192795903581571,0,,,,
54079,-0.015727689513918675,0.02122937253953827,0.0027508415128097985,0,,,,
55756,-0.015104883615393083,0.011258052484797276,-0.0019234155652979035,0,,,,
55782,-0.1340744270394243,0.06452457077590001,-0.03477492813176214,10,15.13226502311082,26.234266728574184,,
56465,-0.11148439090035289,0.03051142472045243,-0.04048648308995023,0,,,,
56801,-0.11124566822007464,0.01550101583210417,-0.04787232619398524,12,37.63008616325112,113.76705900930692,,
58673,-0.5455640419709702,0.43840337101359617,-0.05358033547868701,2,675.761212394837,1190.303711291926,,
56804,-0.12437320592139645,0.01279587963985429,-0.05578866314077108,1,14.594064347127862,14.594064347127862,,
43437,-0.11427202748583132,0.0015852824880849825,-0.05634337249887317,0,,,,
55288,-0.14130214516887585,0.0218336612965796,-0.059734241936148125,2,13.447800025181806,13.639911448896513,,
56450,-0.15611455722450596,-0.021763761714086893,-0.08893915946929642,2,21.184028395714467,26.406528453756575,,
63517,-0.6892981271168448,0.3788574569278752,-0.1552203350944848,2,1490.1304102031856,2087.080872747287,,
56458,-0.45457896894566874,0.018909118202442343,-0.2178349253716132,6,13.253711433789396,20.651979600368733,,
51984,-0.46944059418767936,-0.052376829103274236,-0.2609087116454768,3,401.92704358456456,1238.647250934894,-0.457387238740921,3.0
